state,GEOID,year,county_name,state_fips,yield_bu_ac,yield_kg_ha
IL,17001,2014,ADAMS,17,50.7,3409.6257
IL,17005,2014,BOND,17,50.2,3376.0002
IL,17007,2014,BOONE,17,57.4,3860.2074
IL,17009,2014,BROWN,17,51.0,3429.801
IL,17011,2014,BUREAU,17,59.9,4028.3349
IL,17013,2014,CALHOUN,17,47.4,3187.6974
IL,17015,2014,CARROLL,17,60.4,4061.9604
IL,17017,2014,CASS,17,53.5,3597.9285
IL,17019,2014,CHAMPAIGN,17,63.8,4290.6138
IL,17021,2014,CHRISTIAN,17,58.0,3900.558
IL,17023,2014,CLARK,17,57.2,3846.7572
IL,17025,2014,CLAY,17,48.2,3241.4982
IL,17027,2014,CLINTON,17,51.6,3470.1516
IL,17029,2014,COLES,17,60.4,4061.9604
IL,17033,2014,CRAWFORD,17,50.2,3376.0002
IL,17035,2014,CUMBERLAND,17,55.0,3698.805
IL,17037,2014,DE KALB,17,60.0,4035.06
IL,17039,2014,DE WITT,17,63.5,4270.4385
IL,17041,2014,DOUGLAS,17,65.8,4425.1158
IL,17045,2014,EDGAR,17,61.4,4129.2114
IL,17047,2014,EDWARDS,17,53.0,3564.303
IL,17049,2014,EFFINGHAM,17,58.8,3954.3588
IL,17051,2014,FAYETTE,17,49.8,3349.0998
IL,17053,2014,FORD,17,58.3,3920.7333
IL,17055,2014,FRANKLIN,17,44.4,2985.9444
IL,17057,2014,FULTON,17,52.5,3530.6775
IL,17059,2014,GALLATIN,17,49.9,3355.8249
IL,17061,2014,GREENE,17,53.7,3611.3787
IL,17063,2014,GRUNDY,17,58.3,3920.7333
IL,17065,2014,HAMILTON,17,46.0,3093.546
IL,17067,2014,HANCOCK,17,52.1,3503.7771
IL,17071,2014,HENDERSON,17,52.7,3544.1277
IL,17073,2014,HENRY,17,57.2,3846.7572
IL,17075,2014,IROQUOIS,17,57.1,3840.0321
IL,17077,2014,JACKSON,17,46.9,3154.0719
IL,17079,2014,JASPER,17,55.3,3718.9803
IL,17081,2014,JEFFERSON,17,45.5,3059.9205
IL,17083,2014,JERSEY,17,50.7,3409.6257
IL,17085,2014,JO DAVIESS,17,55.8,3752.6058
IL,17087,2014,JOHNSON,17,40.0,2690.04
IL,17089,2014,KANE,17,57.1,3840.0321
IL,17091,2014,KANKAKEE,17,53.5,3597.9285
IL,17095,2014,KNOX,17,57.1,3840.0321
IL,17097,2014,LAKE,17,45.0,3026.295
IL,17099,2014,LA SALLE,17,60.4,4061.9604
IL,17101,2014,LAWRENCE,17,45.1,3033.0201
IL,17103,2014,LEE,17,59.1,3974.5341
IL,17105,2014,LIVINGSTON,17,58.6,3940.9086
IL,17107,2014,LOGAN,17,63.8,4290.6138
IL,17109,2014,MCDONOUGH,17,54.4,3658.4544
IL,17111,2014,MCHENRY,17,56.0,3766.056
IL,17113,2014,MCLEAN,17,63.2,4250.2632
IL,17115,2014,MACON,17,67.4,4532.7174
IL,17117,2014,MACOUPIN,17,58.0,3900.558
IL,17119,2014,MADISON,17,52.7,3544.1277
IL,17121,2014,MARION,17,50.6,3402.9006
IL,17123,2014,MARSHALL,17,60.5,4068.6855
IL,17125,2014,MASON,17,53.2,3577.7532
IL,17127,2014,MASSAC,17,45.3,3046.4703
IL,17129,2014,MENARD,17,60.2,4048.5102
IL,17131,2014,MERCER,17,57.0,3833.307
IL,17133,2014,MONROE,17,46.8,3147.3468
IL,17135,2014,MONTGOMERY,17,57.4,3860.2074
IL,17137,2014,MORGAN,17,59.2,3981.2592
IL,17139,2014,MOULTRIE,17,63.6,4277.1636
IL,17141,2014,OGLE,17,60.2,4048.5102
IL,17143,2014,PEORIA,17,57.3,3853.4823
IL,17145,2014,PERRY,17,41.0,2757.291
IL,17147,2014,PIATT,17,69.3,4660.4943
IL,17149,2014,PIKE,17,50.4,3389.4504
IL,17153,2014,PULASKI,17,46.6,3133.8966
IL,17155,2014,PUTNAM,17,59.7,4014.8847
IL,17157,2014,RANDOLPH,17,45.4,3053.1954
IL,17159,2014,RICHLAND,17,51.9,3490.3269
IL,17161,2014,ROCK ISLAND,17,55.3,3718.9803
IL,17163,2014,ST CLAIR,17,49.2,3308.7492
IL,17165,2014,SALINE,17,46.3,3113.7213
IL,17167,2014,SANGAMON,17,63.3,4256.9883
IL,17169,2014,SCHUYLER,17,52.4,3523.9524
IL,17171,2014,SCOTT,17,54.6,3671.9046
IL,17173,2014,SHELBY,17,56.5,3799.6815
IL,17175,2014,STARK,17,57.9,3893.8329
IL,17177,2014,STEPHENSON,17,57.2,3846.7572
IL,17179,2014,TAZEWELL,17,61.0,4102.311
IL,17183,2014,VERMILION,17,62.6,4209.9126
IL,17185,2014,WABASH,17,51.8,3483.6018
IL,17187,2014,WARREN,17,57.5,3866.9325
IL,17189,2014,WASHINGTON,17,47.8,3214.5978
IL,17191,2014,WAYNE,17,51.1,3436.5261
IL,17193,2014,WHITE,17,49.7,3342.3747
IL,17195,2014,WHITESIDE,17,58.7,3947.6337
IL,17197,2014,WILL,17,56.4,3792.9564
IL,17199,2014,WILLIAMSON,17,42.0,2824.542
IL,17201,2014,WINNEBAGO,17,52.6,3537.4026
IL,17203,2014,WOODFORD,17,61.4,4129.2114
IL,17998,2014,OTHER (COMBINED) COUNTIES,17,47.5,3194.4225
IL,17001,2015,ADAMS,17,52.1,3503.7771
IL,17005,2015,BOND,17,48.5,3261.6735
IL,17007,2015,BOONE,17,58.1,3907.2831
IL,17009,2015,BROWN,17,49.0,3295.299
IL,17011,2015,BUREAU,17,60.2,4048.5102
IL,17013,2015,CALHOUN,17,55.2,3712.2552
IL,17015,2015,CARROLL,17,63.6,4277.1636
IL,17017,2015,CASS,17,60.0,4035.06
IL,17019,2015,CHAMPAIGN,17,64.0,4304.064
IL,17021,2015,CHRISTIAN,17,60.2,4048.5102
IL,17023,2015,CLARK,17,60.1,4041.7851
IL,17025,2015,CLAY,17,46.1,3100.2711
IL,17027,2015,CLINTON,17,48.0,3228.048
IL,17029,2015,COLES,17,62.3,4189.7373
IL,17033,2015,CRAWFORD,17,51.0,3429.801
IL,17035,2015,CUMBERLAND,17,58.6,3940.9086
IL,17037,2015,DE KALB,17,61.2,4115.7612
IL,17039,2015,DE WITT,17,63.4,4263.7134
IL,17041,2015,DOUGLAS,17,67.0,4505.817
IL,17045,2015,EDGAR,17,58.2,3914.0082
IL,17049,2015,EFFINGHAM,17,52.8,3550.8528
IL,17051,2015,FAYETTE,17,50.4,3389.4504
IL,17053,2015,FORD,17,58.6,3940.9086
IL,17055,2015,FRANKLIN,17,45.9,3086.8209
IL,17057,2015,FULTON,17,56.0,3766.056
IL,17059,2015,GALLATIN,17,51.6,3470.1516
IL,17061,2015,GREENE,17,55.9,3759.3309
IL,17063,2015,GRUNDY,17,53.2,3577.7532
IL,17067,2015,HANCOCK,17,56.2,3779.5062
IL,17069,2015,HARDIN,17,43.3,2911.9683
IL,17071,2015,HENDERSON,17,57.3,3853.4823
IL,17073,2015,HENRY,17,59.4,3994.7094
IL,17075,2015,IROQUOIS,17,52.1,3503.7771
IL,17079,2015,JASPER,17,53.1,3571.0281
IL,17081,2015,JEFFERSON,17,42.1,2831.2671
IL,17083,2015,JERSEY,17,53.7,3611.3787
IL,17085,2015,JO DAVIESS,17,55.3,3718.9803
IL,17087,2015,JOHNSON,17,41.3,2777.4663
IL,17089,2015,KANE,17,57.4,3860.2074
IL,17091,2015,KANKAKEE,17,45.6,3066.6456
IL,17095,2015,KNOX,17,63.2,4250.2632
IL,17097,2015,LAKE,17,44.0,2959.044
IL,17099,2015,LA SALLE,17,58.1,3907.2831
IL,17101,2015,LAWRENCE,17,50.8,3416.3508
IL,17103,2015,LEE,17,60.5,4068.6855
IL,17105,2015,LIVINGSTON,17,59.5,4001.4345
IL,17107,2015,LOGAN,17,56.6,3806.4066
IL,17109,2015,MCDONOUGH,17,59.7,4014.8847
IL,17111,2015,MCHENRY,17,55.9,3759.3309
IL,17113,2015,MCLEAN,17,64.6,4344.4146
IL,17115,2015,MACON,17,67.4,4532.7174
IL,17117,2015,MACOUPIN,17,55.0,3698.805
IL,17119,2015,MADISON,17,55.1,3705.5301
IL,17121,2015,MARION,17,48.1,3234.7731
IL,17123,2015,MARSHALL,17,60.1,4041.7851
IL,17125,2015,MASON,17,51.4,3456.7014
IL,17127,2015,MASSAC,17,50.2,3376.0002
IL,17129,2015,MENARD,17,60.0,4035.06
IL,17131,2015,MERCER,17,59.3,3987.9843
IL,17133,2015,MONROE,17,44.7,3006.1197
IL,17135,2015,MONTGOMERY,17,56.6,3806.4066
IL,17137,2015,MORGAN,17,58.1,3907.2831
IL,17139,2015,MOULTRIE,17,64.8,4357.8648
IL,17141,2015,OGLE,17,60.2,4048.5102
IL,17143,2015,PEORIA,17,60.7,4082.1357
IL,17145,2015,PERRY,17,42.9,2885.0679
IL,17147,2015,PIATT,17,73.1,4916.0481
IL,17149,2015,PIKE,17,47.7,3207.8727
IL,17151,2015,POPE,17,48.2,3241.4982
IL,17153,2015,PULASKI,17,46.1,3100.2711
IL,17155,2015,PUTNAM,17,60.0,4035.06
IL,17157,2015,RANDOLPH,17,41.7,2804.3667
IL,17159,2015,RICHLAND,17,48.0,3228.048
IL,17161,2015,ROCK ISLAND,17,58.2,3914.0082
IL,17163,2015,ST CLAIR,17,45.8,3080.0958
IL,17167,2015,SANGAMON,17,60.7,4082.1357
IL,17169,2015,SCHUYLER,17,53.2,3577.7532
IL,17171,2015,SCOTT,17,50.7,3409.6257
IL,17173,2015,SHELBY,17,59.6,4008.1596
IL,17175,2015,STARK,17,62.6,4209.9126
IL,17177,2015,STEPHENSON,17,59.9,4028.3349
IL,17179,2015,TAZEWELL,17,60.4,4061.9604
IL,17183,2015,VERMILION,17,61.2,4115.7612
IL,17185,2015,WABASH,17,49.1,3302.0241
IL,17187,2015,WARREN,17,60.5,4068.6855
IL,17189,2015,WASHINGTON,17,43.5,2925.4185
IL,17191,2015,WAYNE,17,44.1,2965.7691
IL,17193,2015,WHITE,17,47.7,3207.8727
IL,17195,2015,WHITESIDE,17,60.7,4082.1357
IL,17197,2015,WILL,17,49.8,3349.0998
IL,17199,2015,WILLIAMSON,17,46.0,3093.546
IL,17201,2015,WINNEBAGO,17,54.9,3692.0799
IL,17203,2015,WOODFORD,17,63.4,4263.7134
IL,17998,2015,OTHER (COMBINED) COUNTIES,17,48.4,3254.9483999999998
IL,17001,2016,ADAMS,17,56.8,3819.8568
IL,17003,2016,ALEXANDER,17,38.4,2582.4384
IL,17007,2016,BOONE,17,62.3,4189.7373
IL,17009,2016,BROWN,17,52.0,3497.052
IL,17011,2016,BUREAU,17,64.2,4317.5142
IL,17015,2016,CARROLL,17,69.0,4640.319
IL,17017,2016,CASS,17,62.4,4196.4624
IL,17019,2016,CHAMPAIGN,17,67.7,4552.8927
IL,17021,2016,CHRISTIAN,17,62.9,4230.0879
IL,17025,2016,CLAY,17,52.5,3530.6775
IL,17027,2016,CLINTON,17,54.1,3638.2791
IL,17029,2016,COLES,17,62.6,4209.9126
IL,17033,2016,CRAWFORD,17,56.4,3792.9564
IL,17035,2016,CUMBERLAND,17,59.0,3967.809
IL,17037,2016,DE KALB,17,67.5,4539.4425
IL,17039,2016,DE WITT,17,62.1,4176.2871
IL,17041,2016,DOUGLAS,17,67.4,4532.7174
IL,17045,2016,EDGAR,17,65.0,4371.315
IL,17047,2016,EDWARDS,17,47.7,3207.8727
IL,17049,2016,EFFINGHAM,17,58.2,3914.0082
IL,17051,2016,FAYETTE,17,55.6,3739.1556
IL,17053,2016,FORD,17,60.5,4068.6855
IL,17055,2016,FRANKLIN,17,45.2,3039.7452
IL,17057,2016,FULTON,17,56.4,3792.9564
IL,17059,2016,GALLATIN,17,48.4,3254.9484
IL,17061,2016,GREENE,17,62.5,4203.1875
IL,17063,2016,GRUNDY,17,58.0,3900.558
IL,17065,2016,HAMILTON,17,46.1,3100.2711
IL,17067,2016,HANCOCK,17,63.7,4283.8887
IL,17069,2016,HARDIN,17,39.8,2676.5898
IL,17071,2016,HENDERSON,17,57.8,3887.1078
IL,17073,2016,HENRY,17,61.4,4129.2114
IL,17075,2016,IROQUOIS,17,59.1,3974.5341
IL,17079,2016,JASPER,17,58.1,3907.2831
IL,17081,2016,JEFFERSON,17,48.4,3254.9484
IL,17083,2016,JERSEY,17,55.3,3718.9803
IL,17085,2016,JO DAVIESS,17,60.6,4075.4106
IL,17089,2016,KANE,17,64.5,4337.6895
IL,17091,2016,KANKAKEE,17,55.8,3752.6058
IL,17095,2016,KNOX,17,63.6,4277.1636
IL,17097,2016,LAKE,17,52.5,3530.6775
IL,17099,2016,LA SALLE,17,61.2,4115.7612
IL,17103,2016,LEE,17,60.8,4088.8608
IL,17105,2016,LIVINGSTON,17,60.6,4075.4106
IL,17107,2016,LOGAN,17,66.6,4478.9166
IL,17109,2016,MCDONOUGH,17,62.5,4203.1875
IL,17111,2016,MCHENRY,17,59.1,3974.5341
IL,17113,2016,MCLEAN,17,63.8,4290.6138
IL,17115,2016,MACON,17,68.2,4586.5182
IL,17117,2016,MACOUPIN,17,63.4,4263.7134
IL,17119,2016,MADISON,17,54.7,3678.6297
IL,17121,2016,MARION,17,53.3,3584.4783
IL,17123,2016,MARSHALL,17,63.3,4256.9883
IL,17125,2016,MASON,17,59.2,3981.2592
IL,17127,2016,MASSAC,17,47.5,3194.4225
IL,17129,2016,MENARD,17,63.6,4277.1636
IL,17131,2016,MERCER,17,59.9,4028.3349
IL,17133,2016,MONROE,17,48.4,3254.9484
IL,17135,2016,MONTGOMERY,17,61.5,4135.9365
IL,17137,2016,MORGAN,17,60.4,4061.9604
IL,17139,2016,MOULTRIE,17,68.5,4606.6935
IL,17141,2016,OGLE,17,65.6,4411.6656
IL,17143,2016,PEORIA,17,60.0,4035.06
IL,17145,2016,PERRY,17,48.0,3228.048
IL,17147,2016,PIATT,17,71.3,4794.9963
IL,17149,2016,PIKE,17,58.1,3907.2831
IL,17151,2016,POPE,17,35.1,2360.5101
IL,17153,2016,PULASKI,17,44.4,2985.9444
IL,17155,2016,PUTNAM,17,63.3,4256.9883
IL,17157,2016,RANDOLPH,17,50.0,3362.55
IL,17159,2016,RICHLAND,17,51.8,3483.6018
IL,17161,2016,ROCK ISLAND,17,58.0,3900.558
IL,17163,2016,ST CLAIR,17,52.4,3523.9524
IL,17165,2016,SALINE,17,46.8,3147.3468
IL,17167,2016,SANGAMON,17,66.2,4452.0162
IL,17169,2016,SCHUYLER,17,56.9,3826.5819
IL,17171,2016,SCOTT,17,57.9,3893.8329
IL,17173,2016,SHELBY,17,57.5,3866.9325
IL,17175,2016,STARK,17,65.2,4384.7652
IL,17177,2016,STEPHENSON,17,66.3,4458.7413
IL,17179,2016,TAZEWELL,17,65.0,4371.315
IL,17181,2016,UNION,17,43.8,2945.5938
IL,17183,2016,VERMILION,17,64.6,4344.4146
IL,17185,2016,WABASH,17,55.2,3712.2552
IL,17187,2016,WARREN,17,62.6,4209.9126
IL,17189,2016,WASHINGTON,17,48.8,3281.8488
IL,17191,2016,WAYNE,17,48.3,3248.2233
IL,17193,2016,WHITE,17,47.0,3160.797
IL,17195,2016,WHITESIDE,17,60.8,4088.8608
IL,17197,2016,WILL,17,55.2,3712.2552
IL,17199,2016,WILLIAMSON,17,42.5,2858.1675
IL,17201,2016,WINNEBAGO,17,58.7,3947.6337
IL,17203,2016,WOODFORD,17,67.0,4505.817
IL,17998,2016,OTHER (COMBINED) COUNTIES,17,54.325,3653.410575
IL,17001,2017,ADAMS,17,55.9,3759.3309
IL,17003,2017,ALEXANDER,17,42.3,2844.7173
IL,17005,2017,BOND,17,54.5,3665.1795
IL,17007,2017,BOONE,17,47.4,3187.6974
IL,17009,2017,BROWN,17,57.1,3840.0321
IL,17011,2017,BUREAU,17,59.1,3974.5341
IL,17013,2017,CALHOUN,17,53.6,3604.6536
IL,17015,2017,CARROLL,17,64.3,4324.2393
IL,17017,2017,CASS,17,62.9,4230.0879
IL,17019,2017,CHAMPAIGN,17,64.3,4324.2393
IL,17021,2017,CHRISTIAN,17,65.6,4411.6656
IL,17023,2017,CLARK,17,56.5,3799.6815
IL,17025,2017,CLAY,17,44.3,2979.2193
IL,17027,2017,CLINTON,17,50.8,3416.3508
IL,17029,2017,COLES,17,64.3,4324.2393
IL,17033,2017,CRAWFORD,17,52.7,3544.1277
IL,17035,2017,CUMBERLAND,17,54.1,3638.2791
IL,17037,2017,DE KALB,17,53.6,3604.6536
IL,17039,2017,DE WITT,17,65.9,4431.8409
IL,17041,2017,DOUGLAS,17,63.7,4283.8887
IL,17045,2017,EDGAR,17,64.7,4351.1397
IL,17047,2017,EDWARDS,17,55.6,3739.1556
IL,17049,2017,EFFINGHAM,17,55.3,3718.9803
IL,17051,2017,FAYETTE,17,53.5,3597.9285
IL,17053,2017,FORD,17,62.4,4196.4624
IL,17055,2017,FRANKLIN,17,46.4,3120.4464
IL,17057,2017,FULTON,17,60.1,4041.7851
IL,17059,2017,GALLATIN,17,54.5,3665.1795
IL,17061,2017,GREENE,17,63.9,4297.3389
IL,17063,2017,GRUNDY,17,57.3,3853.4823
IL,17065,2017,HAMILTON,17,51.3,3449.9763
IL,17067,2017,HANCOCK,17,66.1,4445.2911
IL,17071,2017,HENDERSON,17,61.6,4142.6616
IL,17073,2017,HENRY,17,58.9,3961.0839
IL,17075,2017,IROQUOIS,17,57.1,3840.0321
IL,17077,2017,JACKSON,17,50.1,3369.2751
IL,17079,2017,JASPER,17,54.6,3671.9046
IL,17081,2017,JEFFERSON,17,40.9,2750.5659
IL,17083,2017,JERSEY,17,56.9,3826.5819
IL,17085,2017,JO DAVIESS,17,53.4,3591.2034
IL,17087,2017,JOHNSON,17,48.0,3228.048
IL,17089,2017,KANE,17,53.6,3604.6536
IL,17091,2017,KANKAKEE,17,52.2,3510.5022
IL,17093,2017,KENDALL,17,58.9,3961.0839
IL,17095,2017,KNOX,17,63.7,4283.8887
IL,17099,2017,LA SALLE,17,60.8,4088.8608
IL,17101,2017,LAWRENCE,17,51.0,3429.801
IL,17103,2017,LEE,17,59.4,3994.7094
IL,17105,2017,LIVINGSTON,17,58.8,3954.3588
IL,17107,2017,LOGAN,17,64.7,4351.1397
IL,17109,2017,MCDONOUGH,17,64.7,4351.1397
IL,17111,2017,MCHENRY,17,47.2,3174.2472
IL,17113,2017,MCLEAN,17,66.8,4492.3668
IL,17115,2017,MACON,17,66.2,4452.0162
IL,17117,2017,MACOUPIN,17,61.3,4122.4863
IL,17119,2017,MADISON,17,56.7,3813.1317
IL,17121,2017,MARION,17,45.9,3086.8209
IL,17123,2017,MARSHALL,17,60.1,4041.7851
IL,17125,2017,MASON,17,62.1,4176.2871
IL,17129,2017,MENARD,17,63.9,4297.3389
IL,17131,2017,MERCER,17,60.0,4035.06
IL,17133,2017,MONROE,17,43.4,2918.6934
IL,17135,2017,MONTGOMERY,17,61.9,4162.8369
IL,17137,2017,MORGAN,17,60.2,4048.5102
IL,17139,2017,MOULTRIE,17,66.4,4465.4664
IL,17141,2017,OGLE,17,55.0,3698.805
IL,17143,2017,PEORIA,17,63.9,4297.3389
IL,17145,2017,PERRY,17,42.7,2871.6177
IL,17147,2017,PIATT,17,69.4,4667.2194
IL,17149,2017,PIKE,17,57.7,3880.3827
IL,17151,2017,POPE,17,44.6,2999.3946
IL,17153,2017,PULASKI,17,44.5,2992.6695
IL,17155,2017,PUTNAM,17,57.2,3846.7572
IL,17157,2017,RANDOLPH,17,44.4,2985.9444
IL,17159,2017,RICHLAND,17,48.8,3281.8488
IL,17161,2017,ROCK ISLAND,17,58.6,3940.9086
IL,17163,2017,ST CLAIR,17,50.9,3423.0759
IL,17165,2017,SALINE,17,49.9,3355.8249
IL,17167,2017,SANGAMON,17,70.3,4727.7453
IL,17169,2017,SCHUYLER,17,58.6,3940.9086
IL,17171,2017,SCOTT,17,62.9,4230.0879
IL,17173,2017,SHELBY,17,61.0,4102.311
IL,17175,2017,STARK,17,64.6,4344.4146
IL,17177,2017,STEPHENSON,17,59.2,3981.2592
IL,17179,2017,TAZEWELL,17,66.8,4492.3668
IL,17181,2017,UNION,17,51.6,3470.1516
IL,17183,2017,VERMILION,17,64.9,4364.5899
IL,17185,2017,WABASH,17,54.4,3658.4544
IL,17187,2017,WARREN,17,63.3,4256.9883
IL,17189,2017,WASHINGTON,17,48.3,3248.2233
IL,17191,2017,WAYNE,17,47.5,3194.4225
IL,17193,2017,WHITE,17,52.8,3550.8528
IL,17195,2017,WHITESIDE,17,58.7,3947.6337
IL,17197,2017,WILL,17,50.9,3423.0759
IL,17199,2017,WILLIAMSON,17,47.2,3174.2472
IL,17201,2017,WINNEBAGO,17,47.2,3174.2472
IL,17203,2017,WOODFORD,17,60.4,4061.9604
IL,17998,2017,OTHER (COMBINED) COUNTIES,17,45.95,3090.18345
IL,17001,2018,ADAMS,17,59.3,3987.9843
IL,17005,2018,BOND,17,67.0,4505.817
IL,17007,2018,BOONE,17,60.3,4055.2353
IL,17009,2018,BROWN,17,60.3,4055.2353
IL,17011,2018,BUREAU,17,68.5,4606.6935
IL,17013,2018,CALHOUN,17,58.6,3940.9086
IL,17015,2018,CARROLL,17,68.9,4633.5939
IL,17017,2018,CASS,17,71.9,4835.3469
IL,17019,2018,CHAMPAIGN,17,67.9,4566.3429
IL,17021,2018,CHRISTIAN,17,73.6,4949.6736
IL,17023,2018,CLARK,17,64.1,4310.7891
IL,17025,2018,CLAY,17,58.5,3934.1835
IL,17027,2018,CLINTON,17,60.1,4041.7851
IL,17029,2018,COLES,17,74.9,5037.0999
IL,17033,2018,CRAWFORD,17,63.0,4236.813
IL,17035,2018,CUMBERLAND,17,67.2,4519.2672
IL,17037,2018,DE KALB,17,61.1,4109.0361
IL,17039,2018,DE WITT,17,75.0,5043.825
IL,17041,2018,DOUGLAS,17,78.1,5252.3031
IL,17045,2018,EDGAR,17,69.5,4673.9445
IL,17047,2018,EDWARDS,17,44.1,2965.7691
IL,17049,2018,EFFINGHAM,17,72.1,4848.7971
IL,17051,2018,FAYETTE,17,59.5,4001.4345
IL,17053,2018,FORD,17,60.7,4082.1357
IL,17055,2018,FRANKLIN,17,47.5,3194.4225
IL,17057,2018,FULTON,17,62.4,4196.4624
IL,17059,2018,GALLATIN,17,50.0,3362.55
IL,17061,2018,GREENE,17,70.1,4714.2951
IL,17063,2018,GRUNDY,17,58.5,3934.1835
IL,17065,2018,HAMILTON,17,51.2,3443.2512
IL,17067,2018,HANCOCK,17,69.8,4694.1198
IL,17069,2018,HARDIN,17,43.3,2911.9683
IL,17071,2018,HENDERSON,17,60.2,4048.5102
IL,17073,2018,HENRY,17,63.2,4250.2632
IL,17075,2018,IROQUOIS,17,55.3,3718.9803
IL,17077,2018,JACKSON,17,48.9,3288.5739
IL,17079,2018,JASPER,17,60.7,4082.1357
IL,17081,2018,JEFFERSON,17,51.4,3456.7014
IL,17089,2018,KANE,17,58.9,3961.0839
IL,17091,2018,KANKAKEE,17,54.2,3645.0042
IL,17093,2018,KENDALL,17,60.8,4088.8608
IL,17095,2018,KNOX,17,64.1,4310.7891
IL,17097,2018,LAKE,17,41.3,2777.4663
IL,17099,2018,LA SALLE,17,67.1,4512.5421
IL,17101,2018,LAWRENCE,17,54.1,3638.2791
IL,17103,2018,LEE,17,63.7,4283.8887
IL,17105,2018,LIVINGSTON,17,61.0,4102.311
IL,17107,2018,LOGAN,17,70.1,4714.2951
IL,17109,2018,MCDONOUGH,17,69.3,4660.4943
IL,17111,2018,MCHENRY,17,58.9,3961.0839
IL,17113,2018,MCLEAN,17,67.5,4539.4425
IL,17115,2018,MACON,17,75.2,5057.2752
IL,17117,2018,MACOUPIN,17,69.7,4687.3947
IL,17119,2018,MADISON,17,62.5,4203.1875
IL,17121,2018,MARION,17,60.5,4068.6855
IL,17123,2018,MARSHALL,17,65.5,4404.9405
IL,17129,2018,MENARD,17,68.6,4613.4186
IL,17131,2018,MERCER,17,63.2,4250.2632
IL,17133,2018,MONROE,17,54.1,3638.2791
IL,17135,2018,MONTGOMERY,17,73.0,4909.323
IL,17137,2018,MORGAN,17,79.8,5366.6298
IL,17139,2018,MOULTRIE,17,75.9,5104.3509
IL,17141,2018,OGLE,17,64.3,4324.2393
IL,17143,2018,PEORIA,17,66.6,4478.9166
IL,17145,2018,PERRY,17,52.5,3530.6775
IL,17147,2018,PIATT,17,77.4,5205.2274
IL,17149,2018,PIKE,17,61.2,4115.7612
IL,17153,2018,PULASKI,17,48.2,3241.4982
IL,17157,2018,RANDOLPH,17,52.1,3503.7771
IL,17159,2018,RICHLAND,17,56.3,3786.2313
IL,17161,2018,ROCK ISLAND,17,60.5,4068.6855
IL,17163,2018,ST CLAIR,17,56.0,3766.056
IL,17165,2018,SALINE,17,49.4,3322.1994
IL,17167,2018,SANGAMON,17,80.4,5406.9804
IL,17169,2018,SCHUYLER,17,59.9,4028.3349
IL,17173,2018,SHELBY,17,70.4,4734.4704
IL,17177,2018,STEPHENSON,17,63.3,4256.9883
IL,17179,2018,TAZEWELL,17,72.1,4848.7971
IL,17183,2018,VERMILION,17,71.7,4821.8967
IL,17187,2018,WARREN,17,67.5,4539.4425
IL,17189,2018,WASHINGTON,17,57.4,3860.2074
IL,17191,2018,WAYNE,17,52.9,3557.5779
IL,17193,2018,WHITE,17,53.0,3564.303
IL,17195,2018,WHITESIDE,17,62.7,4216.6377
IL,17197,2018,WILL,17,57.8,3887.1078
IL,17199,2018,WILLIAMSON,17,45.6,3066.6456
IL,17201,2018,WINNEBAGO,17,56.4,3792.9564
IL,17203,2018,WOODFORD,17,64.7,4351.1397
IL,17998,2018,OTHER (COMBINED) COUNTIES,17,55.43333333333334,3727.9471
IL,17001,2019,ADAMS,17,49.8,3349.0998
IL,17005,2019,BOND,17,51.7,3476.8767
IL,17007,2019,BOONE,17,50.0,3362.55
IL,17009,2019,BROWN,17,56.2,3779.5062
IL,17011,2019,BUREAU,17,57.4,3860.2074
IL,17013,2019,CALHOUN,17,46.9,3154.0719
IL,17015,2019,CARROLL,17,64.7,4351.1397
IL,17019,2019,CHAMPAIGN,17,52.8,3550.8528
IL,17025,2019,CLAY,17,40.5,2723.6655
IL,17027,2019,CLINTON,17,51.9,3490.3269
IL,17029,2019,COLES,17,63.7,4283.8887
IL,17033,2019,CRAWFORD,17,49.5,3328.9245
IL,17035,2019,CUMBERLAND,17,50.6,3402.9006
IL,17037,2019,DE KALB,17,55.6,3739.1556
IL,17041,2019,DOUGLAS,17,62.4,4196.4624
IL,17045,2019,EDGAR,17,59.5,4001.4345
IL,17049,2019,EFFINGHAM,17,51.5,3463.4265
IL,17051,2019,FAYETTE,17,48.9,3288.5739
IL,17053,2019,FORD,17,52.6,3537.4026
IL,17055,2019,FRANKLIN,17,38.9,2616.0639
IL,17057,2019,FULTON,17,53.9,3624.8289
IL,17059,2019,GALLATIN,17,47.5,3194.4225
IL,17061,2019,GREENE,17,60.7,4082.1357
IL,17063,2019,GRUNDY,17,49.0,3295.299
IL,17069,2019,HARDIN,17,44.8,3012.8448
IL,17073,2019,HENRY,17,52.6,3537.4026
IL,17075,2019,IROQUOIS,17,45.3,3046.4703
IL,17077,2019,JACKSON,17,39.6,2663.1396
IL,17079,2019,JASPER,17,53.9,3624.8289
IL,17081,2019,JEFFERSON,17,37.4,2515.1874
IL,17083,2019,JERSEY,17,60.1,4041.7851
IL,17085,2019,JO DAVIESS,17,55.6,3739.1556
IL,17089,2019,KANE,17,50.3,3382.7253
IL,17091,2019,KANKAKEE,17,52.3,3517.2273
IL,17093,2019,KENDALL,17,57.4,3860.2074
IL,17095,2019,KNOX,17,55.9,3759.3309
IL,17097,2019,LAKE,17,48.2,3241.4982
IL,17099,2019,LA SALLE,17,55.4,3725.7054
IL,17101,2019,LAWRENCE,17,47.8,3214.5978
IL,17103,2019,LEE,17,59.7,4014.8847
IL,17105,2019,LIVINGSTON,17,56.9,3826.5819
IL,17109,2019,MCDONOUGH,17,60.2,4048.5102
IL,17113,2019,MCLEAN,17,61.0,4102.311
IL,17115,2019,MACON,17,63.8,4290.6138
IL,17117,2019,MACOUPIN,17,58.3,3920.7333
IL,17119,2019,MADISON,17,56.6,3806.4066
IL,17121,2019,MARION,17,46.5,3127.1715
IL,17123,2019,MARSHALL,17,53.8,3618.1038
IL,17125,2019,MASON,17,55.4,3725.7054
IL,17127,2019,MASSAC,17,43.5,2925.4185
IL,17129,2019,MENARD,17,62.0,4169.562
IL,17131,2019,MERCER,17,51.9,3490.3269
IL,17133,2019,MONROE,17,47.2,3174.2472
IL,17135,2019,MONTGOMERY,17,61.5,4135.9365
IL,17137,2019,MORGAN,17,64.1,4310.7891
IL,17139,2019,MOULTRIE,17,59.3,3987.9843
IL,17141,2019,OGLE,17,59.9,4028.3349
IL,17143,2019,PEORIA,17,55.4,3725.7054
IL,17145,2019,PERRY,17,35.6,2394.1356
IL,17153,2019,PULASKI,17,43.2,2905.2432
IL,17157,2019,RANDOLPH,17,41.6,2797.6416
IL,17163,2019,ST CLAIR,17,53.2,3577.7532
IL,17167,2019,SANGAMON,17,65.5,4404.9405
IL,17173,2019,SHELBY,17,56.2,3779.5062
IL,17175,2019,STARK,17,58.8,3954.3588
IL,17177,2019,STEPHENSON,17,56.4,3792.9564
IL,17179,2019,TAZEWELL,17,63.8,4290.6138
IL,17181,2019,UNION,17,34.0,2286.534
IL,17187,2019,WARREN,17,58.5,3934.1835
IL,17189,2019,WASHINGTON,17,43.9,2952.3189
IL,17191,2019,WAYNE,17,43.4,2918.6934
IL,17193,2019,WHITE,17,46.6,3133.8966
IL,17197,2019,WILL,17,47.8,3214.5978
IL,17201,2019,WINNEBAGO,17,55.8,3752.6058
IL,17203,2019,WOODFORD,17,61.4,4129.2114
IL,17998,2019,OTHER (COMBINED) COUNTIES,17,52.15555555555555,3507.513266666667
IL,17001,2020,ADAMS,17,54.8,3685.3548
IL,17003,2020,ALEXANDER,17,48.7,3275.1237
IL,17005,2020,BOND,17,59.0,3967.809
IL,17007,2020,BOONE,17,53.0,3564.303
IL,17009,2020,BROWN,17,61.4,4129.2114
IL,17011,2020,BUREAU,17,64.8,4357.8648
IL,17013,2020,CALHOUN,17,54.1,3638.2791
IL,17015,2020,CARROLL,17,68.1,4579.7931
IL,17017,2020,CASS,17,63.0,4236.813
IL,17019,2020,CHAMPAIGN,17,66.1,4445.2911
IL,17021,2020,CHRISTIAN,17,65.9,4431.8409
IL,17023,2020,CLARK,17,58.4,3927.4584
IL,17025,2020,CLAY,17,52.4,3523.9524
IL,17027,2020,CLINTON,17,52.5,3530.6775
IL,17029,2020,COLES,17,66.6,4478.9166
IL,17033,2020,CRAWFORD,17,56.3,3786.2313
IL,17035,2020,CUMBERLAND,17,56.5,3799.6815
IL,17037,2020,DE KALB,17,59.0,3967.809
IL,17039,2020,DE WITT,17,66.4,4465.4664
IL,17041,2020,DOUGLAS,17,67.1,4512.5421
IL,17045,2020,EDGAR,17,61.0,4102.311
IL,17047,2020,EDWARDS,17,54.7,3678.6297
IL,17049,2020,EFFINGHAM,17,57.9,3893.8329
IL,17051,2020,FAYETTE,17,54.4,3658.4544
IL,17053,2020,FORD,17,56.3,3786.2313
IL,17055,2020,FRANKLIN,17,51.2,3443.2512
IL,17057,2020,FULTON,17,58.4,3927.4584
IL,17059,2020,GALLATIN,17,57.6,3873.6576
IL,17061,2020,GREENE,17,65.2,4384.7652
IL,17063,2020,GRUNDY,17,56.2,3779.5062
IL,17065,2020,HAMILTON,17,51.8,3483.6018
IL,17067,2020,HANCOCK,17,66.6,4478.9166
IL,17069,2020,HARDIN,17,50.8,3416.3508
IL,17071,2020,HENDERSON,17,62.1,4176.2871
IL,17073,2020,HENRY,17,62.3,4189.7373
IL,17075,2020,IROQUOIS,17,60.0,4035.06
IL,17077,2020,JACKSON,17,52.2,3510.5022
IL,17079,2020,JASPER,17,54.5,3665.1795
IL,17081,2020,JEFFERSON,17,47.6,3201.1476
IL,17083,2020,JERSEY,17,65.3,4391.4903
IL,17085,2020,JO DAVIESS,17,59.1,3974.5341
IL,17087,2020,JOHNSON,17,45.8,3080.0958
IL,17089,2020,KANE,17,56.0,3766.056
IL,17091,2020,KANKAKEE,17,54.8,3685.3548
IL,17093,2020,KENDALL,17,57.5,3866.9325
IL,17095,2020,KNOX,17,63.9,4297.3389
IL,17097,2020,LAKE,17,51.8,3483.6018
IL,17099,2020,LA SALLE,17,59.3,3987.9843
IL,17101,2020,LAWRENCE,17,57.9,3893.8329
IL,17103,2020,LEE,17,64.7,4351.1397
IL,17105,2020,LIVINGSTON,17,56.0,3766.056
IL,17107,2020,LOGAN,17,68.7,4620.1437
IL,17109,2020,MCDONOUGH,17,65.1,4378.0401
IL,17111,2020,MCHENRY,17,52.5,3530.6775
IL,17113,2020,MCLEAN,17,63.9,4297.3389
IL,17115,2020,MACON,17,66.2,4452.0162
IL,17117,2020,MACOUPIN,17,67.4,4532.7174
IL,17119,2020,MADISON,17,58.5,3934.1835
IL,17121,2020,MARION,17,54.9,3692.0799
IL,17123,2020,MARSHALL,17,63.1,4243.5381
IL,17125,2020,MASON,17,61.2,4115.7612
IL,17127,2020,MASSAC,17,51.6,3470.1516
IL,17129,2020,MENARD,17,67.3,4525.9923
IL,17131,2020,MERCER,17,59.4,3994.7094
IL,17133,2020,MONROE,17,55.7,3745.8807
IL,17135,2020,MONTGOMERY,17,63.2,4250.2632
IL,17137,2020,MORGAN,17,62.9,4230.0879
IL,17139,2020,MOULTRIE,17,65.0,4371.315
IL,17141,2020,OGLE,17,61.9,4162.8369
IL,17143,2020,PEORIA,17,65.2,4384.7652
IL,17145,2020,PERRY,17,48.2,3241.4982
IL,17147,2020,PIATT,17,71.7,4821.8967
IL,17149,2020,PIKE,17,62.1,4176.2871
IL,17151,2020,POPE,17,53.1,3571.0281
IL,17153,2020,PULASKI,17,54.8,3685.3548
IL,17155,2020,PUTNAM,17,61.8,4156.1118
IL,17157,2020,RANDOLPH,17,53.4,3591.2034
IL,17159,2020,RICHLAND,17,54.0,3631.554
IL,17161,2020,ROCK ISLAND,17,61.3,4122.4863
IL,17163,2020,ST CLAIR,17,52.7,3544.1277
IL,17165,2020,SALINE,17,59.0,3967.809
IL,17167,2020,SANGAMON,17,68.8,4626.8688
IL,17169,2020,SCHUYLER,17,58.1,3907.2831
IL,17171,2020,SCOTT,17,65.1,4378.0401
IL,17173,2020,SHELBY,17,60.4,4061.9604
IL,17175,2020,STARK,17,63.0,4236.813
IL,17177,2020,STEPHENSON,17,64.1,4310.7891
IL,17179,2020,TAZEWELL,17,63.8,4290.6138
IL,17181,2020,UNION,17,50.2,3376.0002
IL,17183,2020,VERMILION,17,61.8,4156.1118
IL,17185,2020,WABASH,17,54.5,3665.1795
IL,17187,2020,WARREN,17,66.6,4478.9166
IL,17189,2020,WASHINGTON,17,51.8,3483.6018
IL,17191,2020,WAYNE,17,52.0,3497.052
IL,17193,2020,WHITE,17,55.0,3698.805
IL,17197,2020,WILL,17,54.5,3665.1795
IL,17199,2020,WILLIAMSON,17,52.8,3550.8528
IL,17201,2020,WINNEBAGO,17,56.7,3813.1317
IL,17203,2020,WOODFORD,17,63.3,4256.9883
IL,17998,2020,OTHER COUNTIES,17,60.9,4095.5859
IL,17003,2021,ALEXANDER,17,58.5,3934.1835
IL,17005,2021,BOND,17,65.0,4371.315
IL,17007,2021,BOONE,17,69.2,4653.7692
IL,17009,2021,BROWN,17,59.4,3994.7094
IL,17011,2021,BUREAU,17,66.4,4465.4664
IL,17015,2021,CARROLL,17,68.6,4613.4186
IL,17017,2021,CASS,17,68.4,4599.9684
IL,17019,2021,CHAMPAIGN,17,75.3,5064.0003
IL,17021,2021,CHRISTIAN,17,71.2,4788.2712
IL,17023,2021,CLARK,17,65.5,4404.9405
IL,17025,2021,CLAY,17,59.2,3981.2592
IL,17027,2021,CLINTON,17,63.6,4277.1636
IL,17031,2021,COOK,17,45.8,3080.0958
IL,17033,2021,CRAWFORD,17,65.0,4371.315
IL,17037,2021,DE KALB,17,63.9,4297.3389
IL,17039,2021,DE WITT,17,70.7,4754.6457
IL,17045,2021,EDGAR,17,70.8,4761.3708
IL,17047,2021,EDWARDS,17,63.1,4243.5381
IL,17049,2021,EFFINGHAM,17,64.7,4351.1397
IL,17051,2021,FAYETTE,17,63.5,4270.4385
IL,17053,2021,FORD,17,66.7,4485.6417
IL,17055,2021,FRANKLIN,17,53.3,3584.4783
IL,17057,2021,FULTON,17,65.5,4404.9405
IL,17059,2021,GALLATIN,17,62.5,4203.1875
IL,17063,2021,GRUNDY,17,59.5,4001.4345
IL,17067,2021,HANCOCK,17,67.3,4525.9923
IL,17069,2021,HARDIN,17,50.6,3402.9006
IL,17071,2021,HENDERSON,17,66.6,4478.9166
IL,17073,2021,HENRY,17,68.1,4579.7931
IL,17075,2021,IROQUOIS,17,57.9,3893.8329
IL,17077,2021,JACKSON,17,49.9,3355.8249
IL,17081,2021,JEFFERSON,17,47.7,3207.8727
IL,17085,2021,JO DAVIESS,17,58.7,3947.6337
IL,17087,2021,JOHNSON,17,43.8,2945.5938
IL,17089,2021,KANE,17,67.7,4552.8927
IL,17091,2021,KANKAKEE,17,61.7,4149.3867
IL,17093,2021,KENDALL,17,66.3,4458.7413
IL,17095,2021,KNOX,17,68.4,4599.9684
IL,17097,2021,LAKE,17,50.3,3382.7253
IL,17101,2021,LAWRENCE,17,60.4,4061.9604
IL,17103,2021,LEE,17,67.6,4546.1676
IL,17105,2021,LIVINGSTON,17,66.0,4438.566
IL,17113,2021,MCLEAN,17,67.4,4532.7174
IL,17115,2021,MACON,17,74.4,5003.4744
IL,17117,2021,MACOUPIN,17,70.8,4761.3708
IL,17119,2021,MADISON,17,61.0,4102.311
IL,17121,2021,MARION,17,60.1,4041.7851
IL,17125,2021,MASON,17,64.7,4351.1397
IL,17127,2021,MASSAC,17,52.5,3530.6775
IL,17129,2021,MENARD,17,66.4,4465.4664
IL,17133,2021,MONROE,17,56.3,3786.2313
IL,17139,2021,MOULTRIE,17,72.4,4868.9724
IL,17141,2021,OGLE,17,61.8,4156.1118
IL,17143,2021,PEORIA,17,69.7,4687.3947
IL,17145,2021,PERRY,17,53.2,3577.7532
IL,17147,2021,PIATT,17,77.3,5198.5023
IL,17153,2021,PULASKI,17,56.8,3819.8568
IL,17155,2021,PUTNAM,17,62.2,4183.0122
IL,17157,2021,RANDOLPH,17,55.3,3718.9803
IL,17161,2021,ROCK ISLAND,17,64.6,4344.4146
IL,17163,2021,ST CLAIR,17,59.6,4008.1596
IL,17165,2021,SALINE,17,59.2,3981.2592
IL,17167,2021,SANGAMON,17,72.1,4848.7971
IL,17169,2021,SCHUYLER,17,63.2,4250.2632
IL,17171,2021,SCOTT,17,64.9,4364.5899
IL,17173,2021,SHELBY,17,67.3,4525.9923
IL,17175,2021,STARK,17,70.1,4714.2951
IL,17177,2021,STEPHENSON,17,64.5,4337.6895
IL,17179,2021,TAZEWELL,17,70.8,4761.3708
IL,17181,2021,UNION,17,44.5,2992.6695
IL,17183,2021,VERMILION,17,67.4,4532.7174
IL,17185,2021,WABASH,17,60.8,4088.8608
IL,17189,2021,WASHINGTON,17,58.7,3947.6337
IL,17193,2021,WHITE,17,63.4,4263.7134
IL,17195,2021,WHITESIDE,17,67.0,4505.817
IL,17197,2021,WILL,17,58.4,3927.4584
IL,17201,2021,WINNEBAGO,17,56.9,3826.5819
IL,17203,2021,WOODFORD,17,68.1,4579.7931
IL,17998,2021,OTHER COUNTIES,17,65.6,4411.6656
IL,17001,2022,ADAMS,17,61.2,4115.7612
IL,17003,2022,ALEXANDER,17,51.3,3449.9763
IL,17005,2022,BOND,17,58.6,3940.9086
IL,17007,2022,BOONE,17,62.2,4183.0122
IL,17009,2022,BROWN,17,64.4,4330.9644
IL,17011,2022,BUREAU,17,67.5,4539.4425
IL,17013,2022,CALHOUN,17,57.8,3887.1078
IL,17015,2022,CARROLL,17,68.9,4633.5939
IL,17017,2022,CASS,17,64.6,4344.4146
IL,17019,2022,CHAMPAIGN,17,69.4,4667.2194
IL,17021,2022,CHRISTIAN,17,69.5,4673.9445
IL,17023,2022,CLARK,17,61.3,4122.4863
IL,17025,2022,CLAY,17,57.3,3853.4823
IL,17027,2022,CLINTON,17,54.6,3671.9046
IL,17033,2022,CRAWFORD,17,61.8,4156.1118
IL,17035,2022,CUMBERLAND,17,67.2,4519.2672
IL,17037,2022,DE KALB,17,64.9,4364.5899
IL,17039,2022,DE WITT,17,68.0,4573.068
IL,17041,2022,DOUGLAS,17,69.0,4640.319
IL,17045,2022,EDGAR,17,67.9,4566.3429
IL,17047,2022,EDWARDS,17,53.5,3597.9285
IL,17049,2022,EFFINGHAM,17,59.9,4028.3349
IL,17053,2022,FORD,17,66.7,4485.6417
IL,17055,2022,FRANKLIN,17,47.0,3160.797
IL,17057,2022,FULTON,17,62.5,4203.1875
IL,17059,2022,GALLATIN,17,55.3,3718.9803
IL,17061,2022,GREENE,17,66.6,4478.9166
IL,17063,2022,GRUNDY,17,63.1,4243.5381
IL,17065,2022,HAMILTON,17,50.2,3376.0002
IL,17067,2022,HANCOCK,17,67.6,4546.1676
IL,17071,2022,HENDERSON,17,67.2,4519.2672
IL,17073,2022,HENRY,17,66.8,4492.3668
IL,17075,2022,IROQUOIS,17,63.8,4290.6138
IL,17077,2022,JACKSON,17,51.1,3436.5261
IL,17079,2022,JASPER,17,55.8,3752.6058
IL,17081,2022,JEFFERSON,17,48.1,3234.7731
IL,17083,2022,JERSEY,17,63.2,4250.2632
IL,17085,2022,JO DAVIESS,17,62.6,4209.9126
IL,17087,2022,JOHNSON,17,45.1,3033.0201
IL,17089,2022,KANE,17,64.4,4330.9644
IL,17091,2022,KANKAKEE,17,59.7,4014.8847
IL,17095,2022,KNOX,17,67.0,4505.817
IL,17097,2022,LAKE,17,57.3,3853.4823
IL,17099,2022,LA SALLE,17,65.7,4418.3907
IL,17101,2022,LAWRENCE,17,58.0,3900.558
IL,17103,2022,LEE,17,66.8,4492.3668
IL,17105,2022,LIVINGSTON,17,63.5,4270.4385
IL,17107,2022,LOGAN,17,71.8,4828.6218
IL,17109,2022,MCDONOUGH,17,66.3,4458.7413
IL,17113,2022,MCLEAN,17,68.8,4626.8688
IL,17115,2022,MACON,17,73.8,4963.1238
IL,17117,2022,MACOUPIN,17,65.1,4378.0401
IL,17119,2022,MADISON,17,59.6,4008.1596
IL,17121,2022,MARION,17,54.3,3651.7293
IL,17123,2022,MARSHALL,17,64.1,4310.7891
IL,17125,2022,MASON,17,62.6,4209.9126
IL,17127,2022,MASSAC,17,50.0,3362.55
IL,17129,2022,MENARD,17,67.9,4566.3429
IL,17131,2022,MERCER,17,65.0,4371.315
IL,17133,2022,MONROE,17,53.1,3571.0281
IL,17135,2022,MONTGOMERY,17,68.6,4613.4186
IL,17137,2022,MORGAN,17,70.0,4707.57
IL,17139,2022,MOULTRIE,17,65.7,4418.3907
IL,17141,2022,OGLE,17,67.6,4546.1676
IL,17143,2022,PEORIA,17,64.0,4304.064
IL,17145,2022,PERRY,17,43.4,2918.6934
IL,17147,2022,PIATT,17,74.2,4990.0242
IL,17153,2022,PULASKI,17,53.5,3597.9285
IL,17155,2022,PUTNAM,17,64.6,4344.4146
IL,17157,2022,RANDOLPH,17,50.3,3382.7253
IL,17159,2022,RICHLAND,17,56.1,3772.7811
IL,17161,2022,ROCK ISLAND,17,66.3,4458.7413
IL,17163,2022,ST CLAIR,17,53.6,3604.6536
IL,17165,2022,SALINE,17,52.8,3550.8528
IL,17167,2022,SANGAMON,17,72.7,4889.1477
IL,17169,2022,SCHUYLER,17,63.1,4243.5381
IL,17171,2022,SCOTT,17,72.1,4848.7971
IL,17173,2022,SHELBY,17,67.1,4512.5421
IL,17175,2022,STARK,17,70.8,4761.3708
IL,17177,2022,STEPHENSON,17,62.3,4189.7373
IL,17179,2022,TAZEWELL,17,71.0,4774.821
IL,17181,2022,UNION,17,48.0,3228.048
IL,17183,2022,VERMILION,17,67.6,4546.1676
IL,17185,2022,WABASH,17,58.1,3907.2831
IL,17187,2022,WARREN,17,64.5,4337.6895
IL,17189,2022,WASHINGTON,17,50.5,3396.1755
IL,17191,2022,WAYNE,17,56.4,3792.9564
IL,17193,2022,WHITE,17,54.5,3665.1795
IL,17195,2022,WHITESIDE,17,66.4,4465.4664
IL,17197,2022,WILL,17,57.2,3846.7572
IL,17199,2022,WILLIAMSON,17,45.9,3086.8209
IL,17201,2022,WINNEBAGO,17,62.8,4223.3628
IL,17203,2022,WOODFORD,17,69.1,4647.0441
IL,17998,2022,OTHER COUNTIES,17,60.6,4075.4106
IL,17001,2023,ADAMS,17,60.7,4082.1357
IL,17005,2023,BOND,17,57.3,3853.4823
IL,17007,2023,BOONE,17,59.6,4008.1596
IL,17009,2023,BROWN,17,62.4,4196.4624
IL,17011,2023,BUREAU,17,66.9,4499.0919
IL,17013,2023,CALHOUN,17,59.7,4014.8847
IL,17015,2023,CARROLL,17,70.4,4734.4704
IL,17017,2023,CASS,17,60.7,4082.1357
IL,17019,2023,CHAMPAIGN,17,72.2,4855.5222
IL,17021,2023,CHRISTIAN,17,67.1,4512.5421
IL,17023,2023,CLARK,17,63.3,4256.9883
IL,17025,2023,CLAY,17,54.4,3658.4544
IL,17027,2023,CLINTON,17,49.4,3322.1994
IL,17029,2023,COLES,17,71.3,4794.9963
IL,17033,2023,CRAWFORD,17,60.8,4088.8608
IL,17035,2023,CUMBERLAND,17,64.4,4330.9644
IL,17037,2023,DE KALB,17,64.8,4357.8648
IL,17041,2023,DOUGLAS,17,68.1,4579.7931
IL,17045,2023,EDGAR,17,66.2,4452.0162
IL,17047,2023,EDWARDS,17,55.7,3745.8807
IL,17049,2023,EFFINGHAM,17,59.3,3987.9843
IL,17051,2023,FAYETTE,17,56.0,3766.056
IL,17053,2023,FORD,17,70.7,4754.6457
IL,17055,2023,FRANKLIN,17,50.1,3369.2751
IL,17057,2023,FULTON,17,63.0,4236.813
IL,17061,2023,GREENE,17,66.4,4465.4664
IL,17063,2023,GRUNDY,17,60.6,4075.4106
IL,17067,2023,HANCOCK,17,65.0,4371.315
IL,17071,2023,HENDERSON,17,66.0,4438.566
IL,17073,2023,HENRY,17,65.2,4384.7652
IL,17075,2023,IROQUOIS,17,65.6,4411.6656
IL,17079,2023,JASPER,17,61.7,4149.3867
IL,17081,2023,JEFFERSON,17,48.5,3261.6735
IL,17083,2023,JERSEY,17,64.0,4304.064
IL,17085,2023,JO DAVIESS,17,55.2,3712.2552
IL,17089,2023,KANE,17,60.8,4088.8608
IL,17091,2023,KANKAKEE,17,60.8,4088.8608
IL,17093,2023,KENDALL,17,61.3,4122.4863
IL,17095,2023,KNOX,17,64.1,4310.7891
IL,17097,2023,LAKE,17,53.4,3591.2034
IL,17099,2023,LA SALLE,17,64.8,4357.8648
IL,17101,2023,LAWRENCE,17,60.8,4088.8608
IL,17103,2023,LEE,17,64.7,4351.1397
IL,17105,2023,LIVINGSTON,17,67.7,4552.8927
IL,17107,2023,LOGAN,17,68.4,4599.9684
IL,17109,2023,MCDONOUGH,17,67.8,4559.6178
IL,17113,2023,MCLEAN,17,71.8,4828.6218
IL,17117,2023,MACOUPIN,17,63.7,4283.8887
IL,17119,2023,MADISON,17,55.9,3759.3309
IL,17121,2023,MARION,17,57.5,3866.9325
IL,17123,2023,MARSHALL,17,68.8,4626.8688
IL,17125,2023,MASON,17,68.1,4579.7931
IL,17127,2023,MASSAC,17,50.3,3382.7253
IL,17129,2023,MENARD,17,67.2,4519.2672
IL,17131,2023,MERCER,17,65.1,4378.0401
IL,17133,2023,MONROE,17,46.5,3127.1715
IL,17135,2023,MONTGOMERY,17,64.9,4364.5899
IL,17137,2023,MORGAN,17,68.0,4573.068
IL,17139,2023,MOULTRIE,17,72.5,4875.6975
IL,17141,2023,OGLE,17,61.8,4156.1118
IL,17143,2023,PEORIA,17,70.7,4754.6457
IL,17145,2023,PERRY,17,48.3,3248.2233
IL,17147,2023,PIATT,17,74.2,4990.0242
IL,17149,2023,PIKE,17,59.9,4028.3349
IL,17153,2023,PULASKI,17,50.4,3389.4504
IL,17155,2023,PUTNAM,17,64.6,4344.4146
IL,17157,2023,RANDOLPH,17,50.8,3416.3508
IL,17159,2023,RICHLAND,17,58.7,3947.6337
IL,17161,2023,ROCK ISLAND,17,63.5,4270.4385
IL,17163,2023,ST CLAIR,17,51.0,3429.801
IL,17165,2023,SALINE,17,55.3,3718.9803
IL,17167,2023,SANGAMON,17,72.1,4848.7971
IL,17169,2023,SCHUYLER,17,60.4,4061.9604
IL,17171,2023,SCOTT,17,61.8,4156.1118
IL,17173,2023,SHELBY,17,63.2,4250.2632
IL,17175,2023,STARK,17,71.7,4821.8967
IL,17177,2023,STEPHENSON,17,62.5,4203.1875
IL,17179,2023,TAZEWELL,17,74.7,5023.6497
IL,17181,2023,UNION,17,45.3,3046.4703
IL,17183,2023,VERMILION,17,68.4,4599.9684
IL,17185,2023,WABASH,17,60.2,4048.5102
IL,17189,2023,WASHINGTON,17,48.4,3254.9484
IL,17191,2023,WAYNE,17,56.9,3826.5819
IL,17193,2023,WHITE,17,60.1,4041.7851
IL,17195,2023,WHITESIDE,17,61.4,4129.2114
IL,17197,2023,WILL,17,57.7,3880.3827
IL,17199,2023,WILLIAMSON,17,49.9,3355.8249
IL,17201,2023,WINNEBAGO,17,52.4,3523.9524
IL,17203,2023,WOODFORD,17,67.4,4532.7174
IL,17998,2023,OTHER COUNTIES,17,60.7,4082.1357
IL,17007,2024,BOONE,17,62.9,4230.0879
IL,17009,2024,BROWN,17,60.6,4075.4106
IL,17011,2024,BUREAU,17,72.9,4902.5979
IL,17015,2024,CARROLL,17,70.3,4727.7453
IL,17023,2024,CLARK,17,63.3,4256.9883
IL,17025,2024,CLAY,17,54.0,3631.554
IL,17027,2024,CLINTON,17,56.0,3766.056
IL,17029,2024,COLES,17,71.2,4788.2712
IL,17031,2024,COOK,17,42.9,2885.0679
IL,17033,2024,CRAWFORD,17,58.2,3914.0082
IL,17041,2024,DOUGLAS,17,70.0,4707.57
IL,17045,2024,EDGAR,17,71.2,4788.2712
IL,17049,2024,EFFINGHAM,17,55.7,3745.8807
IL,17051,2024,FAYETTE,17,53.8,3618.1038
IL,17055,2024,FRANKLIN,17,47.1,3167.5221
IL,17057,2024,FULTON,17,62.4,4196.4624
IL,17061,2024,GREENE,17,70.5,4741.1955
IL,17067,2024,HANCOCK,17,64.3,4324.2393
IL,17075,2024,IROQUOIS,17,65.3,4391.4903
IL,17077,2024,JACKSON,17,51.0,3429.801
IL,17081,2024,JEFFERSON,17,46.6,3133.8966
IL,17083,2024,JERSEY,17,63.7,4283.8887
IL,17085,2024,JO DAVIESS,17,54.0,3631.554
IL,17089,2024,KANE,17,63.7,4283.8887
IL,17095,2024,KNOX,17,67.6,4546.1676
IL,17097,2024,LAKE,17,51.3,3449.9763
IL,17099,2024,LA SALLE,17,67.0,4505.817
IL,17101,2024,LAWRENCE,17,56.3,3786.2313
IL,17105,2024,LIVINGSTON,17,69.3,4660.4943
IL,17107,2024,LOGAN,17,74.0,4976.574
IL,17113,2024,MCLEAN,17,74.2,4990.0242
IL,17115,2024,MACON,17,77.8,5232.1278
IL,17117,2024,MACOUPIN,17,65.1,4378.0401
IL,17119,2024,MADISON,17,53.9,3624.8289
IL,17121,2024,MARION,17,52.0,3497.052
IL,17125,2024,MASON,17,67.0,4505.817
IL,17127,2024,MASSAC,17,49.5,3328.9245
IL,17133,2024,MONROE,17,51.9,3490.3269
IL,17135,2024,MONTGOMERY,17,63.6,4277.1636
IL,17137,2024,MORGAN,17,72.8,4895.8728
IL,17143,2024,PEORIA,17,69.2,4653.7692
IL,17145,2024,PERRY,17,51.1,3436.5261
IL,17147,2024,PIATT,17,77.6,5218.6776
IL,17149,2024,PIKE,17,63.8,4290.6138
IL,17151,2024,POPE,17,47.9,3221.3229
IL,17157,2024,RANDOLPH,17,50.3,3382.7253
IL,17159,2024,RICHLAND,17,55.3,3718.9803
IL,17163,2024,ST CLAIR,17,54.9,3692.0799
IL,17167,2024,SANGAMON,17,77.3,5198.5023
IL,17177,2024,STEPHENSON,17,66.3,4458.7413
IL,17179,2024,TAZEWELL,17,74.9,5037.0999
IL,17183,2024,VERMILION,17,70.6,4747.9206
IL,17185,2024,WABASH,17,53.3,3584.4783
IL,17189,2024,WASHINGTON,17,55.2,3712.2552
IL,17191,2024,WAYNE,17,49.6,3335.6496
IL,17193,2024,WHITE,17,54.9,3692.0799
IL,17195,2024,WHITESIDE,17,70.1,4714.2951
IL,17197,2024,WILL,17,54.9,3692.0799
IL,17199,2024,WILLIAMSON,17,43.0,2891.793
IL,17201,2024,WINNEBAGO,17,59.8,4021.6098
IL,17203,2024,WOODFORD,17,74.4,5003.4744
IL,17998,2024,OTHER COUNTIES,17,64.6,4344.4146
IA,19001,2014,ADAIR,19,50.0,3362.55
IA,19003,2014,ADAMS,19,47.6,3201.1476
IA,19005,2014,ALLAMAKEE,19,50.6,3402.9006
IA,19007,2014,APPANOOSE,19,46.7,3140.6217
IA,19009,2014,AUDUBON,19,55.2,3712.2552
IA,19011,2014,BENTON,19,52.7,3544.1277
IA,19013,2014,BLACK HAWK,19,49.2,3308.7492
IA,19015,2014,BOONE,19,50.2,3376.0002
IA,19017,2014,BREMER,19,48.2,3241.4982
IA,19019,2014,BUCHANAN,19,49.5,3328.9245
IA,19021,2014,BUENA VISTA,19,49.1,3302.0241
IA,19023,2014,BUTLER,19,46.3,3113.7213
IA,19025,2014,CALHOUN,19,51.0,3429.801
IA,19027,2014,CARROLL,19,55.9,3759.3309
IA,19029,2014,CASS,19,53.8,3618.1038
IA,19031,2014,CEDAR,19,55.8,3752.6058
IA,19033,2014,CERRO GORDO,19,50.2,3376.0002
IA,19035,2014,CHEROKEE,19,55.8,3752.6058
IA,19037,2014,CHICKASAW,19,46.6,3133.8966
IA,19039,2014,CLARKE,19,43.5,2925.4185
IA,19041,2014,CLAY,19,47.8,3214.5978
IA,19043,2014,CLAYTON,19,51.5,3463.4265
IA,19045,2014,CLINTON,19,57.5,3866.9325
IA,19047,2014,CRAWFORD,19,55.6,3739.1556
IA,19049,2014,DALLAS,19,52.5,3530.6775
IA,19051,2014,DAVIS,19,45.7,3073.3707
IA,19053,2014,DECATUR,19,40.2,2703.4902
IA,19055,2014,DELAWARE,19,49.7,3342.3747
IA,19057,2014,DES MOINES,19,54.2,3645.0042
IA,19059,2014,DICKINSON,19,44.0,2959.044
IA,19061,2014,DUBUQUE,19,55.1,3705.5301
IA,19063,2014,EMMET,19,42.3,2844.7173
IA,19065,2014,FAYETTE,19,49.5,3328.9245
IA,19067,2014,FLOYD,19,47.6,3201.1476
IA,19069,2014,FRANKLIN,19,47.4,3187.6974
IA,19071,2014,FREMONT,19,55.5,3732.4305
IA,19073,2014,GREENE,19,52.2,3510.5022
IA,19075,2014,GRUNDY,19,53.0,3564.303
IA,19077,2014,GUTHRIE,19,47.8,3214.5978
IA,19079,2014,HAMILTON,19,46.1,3100.2711
IA,19081,2014,HANCOCK,19,47.6,3201.1476
IA,19083,2014,HARDIN,19,46.9,3154.0719
IA,19085,2014,HARRISON,19,49.2,3308.7492
IA,19087,2014,HENRY,19,56.1,3772.7811
IA,19089,2014,HOWARD,19,48.7,3275.1237
IA,19091,2014,HUMBOLDT,19,46.4,3120.4464
IA,19093,2014,IDA,19,55.7,3745.8807
IA,19095,2014,IOWA,19,53.4,3591.2034
IA,19097,2014,JACKSON,19,54.9,3692.0799
IA,19099,2014,JASPER,19,54.6,3671.9046
IA,19101,2014,JEFFERSON,19,47.3,3180.9723
IA,19103,2014,JOHNSON,19,50.0,3362.55
IA,19105,2014,JONES,19,52.5,3530.6775
IA,19107,2014,KEOKUK,19,52.6,3537.4026
IA,19109,2014,KOSSUTH,19,46.5,3127.1715
IA,19111,2014,LEE,19,54.5,3665.1795
IA,19113,2014,LINN,19,51.1,3436.5261
IA,19115,2014,LOUISA,19,53.8,3618.1038
IA,19117,2014,LUCAS,19,45.8,3080.0958
IA,19119,2014,LYON,19,53.7,3611.3787
IA,19121,2014,MADISON,19,46.5,3127.1715
IA,19123,2014,MAHASKA,19,48.9,3288.5739
IA,19125,2014,MARION,19,47.0,3160.797
IA,19127,2014,MARSHALL,19,55.1,3705.5301
IA,19129,2014,MILLS,19,54.5,3665.1795
IA,19131,2014,MITCHELL,19,49.2,3308.7492
IA,19133,2014,MONONA,19,47.2,3174.2472
IA,19135,2014,MONROE,19,48.9,3288.5739
IA,19137,2014,MONTGOMERY,19,50.0,3362.55
IA,19139,2014,MUSCATINE,19,56.7,3813.1317
IA,19141,2014,O BRIEN,19,55.7,3745.8807
IA,19143,2014,OSCEOLA,19,52.2,3510.5022
IA,19145,2014,PAGE,19,54.7,3678.6297
IA,19147,2014,PALO ALTO,19,45.7,3073.3707
IA,19149,2014,PLYMOUTH,19,56.7,3813.1317
IA,19151,2014,POCAHONTAS,19,47.8,3214.5978
IA,19153,2014,POLK,19,49.8,3349.0998
IA,19155,2014,POTTAWATTAMIE,19,51.2,3443.2512
IA,19157,2014,POWESHIEK,19,50.7,3409.6257
IA,19159,2014,RINGGOLD,19,46.1,3100.2711
IA,19161,2014,SAC,19,55.2,3712.2552
IA,19163,2014,SCOTT,19,59.7,4014.8847
IA,19165,2014,SHELBY,19,55.3,3718.9803
IA,19167,2014,SIOUX,19,60.4,4061.9604
IA,19169,2014,STORY,19,46.9,3154.0719
IA,19171,2014,TAMA,19,53.4,3591.2034
IA,19173,2014,TAYLOR,19,50.7,3409.6257
IA,19175,2014,UNION,19,49.5,3328.9245
IA,19177,2014,VAN BUREN,19,49.4,3322.1994
IA,19179,2014,WAPELLO,19,48.7,3275.1237
IA,19181,2014,WARREN,19,46.6,3133.8966
IA,19183,2014,WASHINGTON,19,54.0,3631.554
IA,19185,2014,WAYNE,19,45.8,3080.0958
IA,19187,2014,WEBSTER,19,52.4,3523.9524
IA,19189,2014,WINNEBAGO,19,47.6,3201.1476
IA,19191,2014,WINNESHIEK,19,50.1,3369.2751
IA,19193,2014,WOODBURY,19,51.8,3483.6018
IA,19195,2014,WORTH,19,49.8,3349.0998
IA,19197,2014,WRIGHT,19,42.7,2871.6177
IA,19001,2015,ADAIR,19,55.1,3705.5301
IA,19003,2015,ADAMS,19,50.3,3382.7253
IA,19005,2015,ALLAMAKEE,19,54.1,3638.2791
IA,19007,2015,APPANOOSE,19,48.2,3241.4982
IA,19009,2015,AUDUBON,19,57.8,3887.1078
IA,19011,2015,BENTON,19,56.5,3799.6815
IA,19013,2015,BLACK HAWK,19,56.0,3766.056
IA,19015,2015,BOONE,19,53.7,3611.3787
IA,19017,2015,BREMER,19,59.4,3994.7094
IA,19019,2015,BUCHANAN,19,57.7,3880.3827
IA,19021,2015,BUENA VISTA,19,59.6,4008.1596
IA,19023,2015,BUTLER,19,57.7,3880.3827
IA,19025,2015,CALHOUN,19,55.2,3712.2552
IA,19027,2015,CARROLL,19,58.0,3900.558
IA,19029,2015,CASS,19,57.2,3846.7572
IA,19031,2015,CEDAR,19,56.9,3826.5819
IA,19033,2015,CERRO GORDO,19,58.9,3961.0839
IA,19035,2015,CHEROKEE,19,62.7,4216.6377
IA,19037,2015,CHICKASAW,19,55.6,3739.1556
IA,19039,2015,CLARKE,19,41.3,2777.4663
IA,19041,2015,CLAY,19,60.7,4082.1357
IA,19043,2015,CLAYTON,19,56.8,3819.8568
IA,19045,2015,CLINTON,19,59.2,3981.2592
IA,19047,2015,CRAWFORD,19,58.5,3934.1835
IA,19049,2015,DALLAS,19,55.1,3705.5301
IA,19051,2015,DAVIS,19,48.9,3288.5739
IA,19053,2015,DECATUR,19,46.4,3120.4464
IA,19055,2015,DELAWARE,19,56.8,3819.8568
IA,19057,2015,DES MOINES,19,54.5,3665.1795
IA,19059,2015,DICKINSON,19,56.4,3792.9564
IA,19061,2015,DUBUQUE,19,59.1,3974.5341
IA,19063,2015,EMMET,19,58.1,3907.2831
IA,19065,2015,FAYETTE,19,56.3,3786.2313
IA,19067,2015,FLOYD,19,58.0,3900.558
IA,19069,2015,FRANKLIN,19,57.8,3887.1078
IA,19071,2015,FREMONT,19,52.1,3503.7771
IA,19073,2015,GREENE,19,53.6,3604.6536
IA,19075,2015,GRUNDY,19,60.5,4068.6855
IA,19077,2015,GUTHRIE,19,54.4,3658.4544
IA,19079,2015,HAMILTON,19,54.3,3651.7293
IA,19081,2015,HANCOCK,19,59.6,4008.1596
IA,19083,2015,HARDIN,19,55.6,3739.1556
IA,19085,2015,HARRISON,19,52.1,3503.7771
IA,19087,2015,HENRY,19,55.8,3752.6058
IA,19089,2015,HOWARD,19,59.9,4028.3349
IA,19091,2015,HUMBOLDT,19,56.6,3806.4066
IA,19093,2015,IDA,19,60.2,4048.5102
IA,19095,2015,IOWA,19,56.2,3779.5062
IA,19097,2015,JACKSON,19,58.3,3920.7333
IA,19099,2015,JASPER,19,57.9,3893.8329
IA,19101,2015,JEFFERSON,19,50.1,3369.2751
IA,19103,2015,JOHNSON,19,55.4,3725.7054
IA,19105,2015,JONES,19,55.2,3712.2552
IA,19107,2015,KEOKUK,19,53.4,3591.2034
IA,19109,2015,KOSSUTH,19,61.0,4102.311
IA,19111,2015,LEE,19,47.0,3160.797
IA,19113,2015,LINN,19,56.2,3779.5062
IA,19115,2015,LOUISA,19,57.5,3866.9325
IA,19117,2015,LUCAS,19,49.1,3302.0241
IA,19119,2015,LYON,19,61.1,4109.0361
IA,19121,2015,MADISON,19,53.9,3624.8289
IA,19123,2015,MAHASKA,19,55.6,3739.1556
IA,19125,2015,MARION,19,56.0,3766.056
IA,19127,2015,MARSHALL,19,59.4,3994.7094
IA,19131,2015,MITCHELL,19,59.7,4014.8847
IA,19133,2015,MONONA,19,52.4,3523.9524
IA,19135,2015,MONROE,19,50.9,3423.0759
IA,19137,2015,MONTGOMERY,19,51.0,3429.801
IA,19139,2015,MUSCATINE,19,56.2,3779.5062
IA,19141,2015,O BRIEN,19,62.6,4209.9126
IA,19143,2015,OSCEOLA,19,59.8,4021.6098
IA,19145,2015,PAGE,19,49.8,3349.0998
IA,19147,2015,PALO ALTO,19,59.5,4001.4345
IA,19149,2015,PLYMOUTH,19,60.1,4041.7851
IA,19151,2015,POCAHONTAS,19,58.0,3900.558
IA,19153,2015,POLK,19,52.4,3523.9524
IA,19155,2015,POTTAWATTAMIE,19,58.5,3934.1835
IA,19157,2015,POWESHIEK,19,56.3,3786.2313
IA,19159,2015,RINGGOLD,19,43.2,2905.2432
IA,19161,2015,SAC,19,60.7,4082.1357
IA,19163,2015,SCOTT,19,61.1,4109.0361
IA,19165,2015,SHELBY,19,57.2,3846.7572
IA,19167,2015,SIOUX,19,64.1,4310.7891
IA,19169,2015,STORY,19,51.0,3429.801
IA,19171,2015,TAMA,19,57.9,3893.8329
IA,19175,2015,UNION,19,46.7,3140.6217
IA,19177,2015,VAN BUREN,19,46.1,3100.2711
IA,19179,2015,WAPELLO,19,48.5,3261.6735
IA,19181,2015,WARREN,19,53.6,3604.6536
IA,19183,2015,WASHINGTON,19,58.9,3961.0839
IA,19185,2015,WAYNE,19,45.0,3026.295
IA,19187,2015,WEBSTER,19,54.9,3692.0799
IA,19189,2015,WINNEBAGO,19,59.4,3994.7094
IA,19191,2015,WINNESHIEK,19,55.6,3739.1556
IA,19193,2015,WOODBURY,19,56.4,3792.9564
IA,19195,2015,WORTH,19,59.4,3994.7094
IA,19197,2015,WRIGHT,19,59.0,3967.809
IA,19998,2015,OTHER (COMBINED) COUNTIES,19,48.1,3234.7731
IA,19001,2016,ADAIR,19,59.3,3987.9843
IA,19003,2016,ADAMS,19,56.5,3799.6815
IA,19005,2016,ALLAMAKEE,19,56.8,3819.8568
IA,19007,2016,APPANOOSE,19,55.9,3759.3309
IA,19009,2016,AUDUBON,19,62.0,4169.562
IA,19011,2016,BENTON,19,61.1,4109.0361
IA,19013,2016,BLACK HAWK,19,61.8,4156.1118
IA,19015,2016,BOONE,19,60.2,4048.5102
IA,19017,2016,BREMER,19,62.1,4176.2871
IA,19019,2016,BUCHANAN,19,60.2,4048.5102
IA,19021,2016,BUENA VISTA,19,60.2,4048.5102
IA,19023,2016,BUTLER,19,59.9,4028.3349
IA,19025,2016,CALHOUN,19,62.3,4189.7373
IA,19027,2016,CARROLL,19,58.7,3947.6337
IA,19029,2016,CASS,19,59.6,4008.1596
IA,19031,2016,CEDAR,19,60.5,4068.6855
IA,19033,2016,CERRO GORDO,19,58.6,3940.9086
IA,19035,2016,CHEROKEE,19,69.6,4680.6696
IA,19037,2016,CHICKASAW,19,56.0,3766.056
IA,19039,2016,CLARKE,19,49.9,3355.8249
IA,19041,2016,CLAY,19,61.9,4162.8369
IA,19043,2016,CLAYTON,19,63.2,4250.2632
IA,19045,2016,CLINTON,19,59.8,4021.6098
IA,19047,2016,CRAWFORD,19,64.3,4324.2393
IA,19049,2016,DALLAS,19,58.7,3947.6337
IA,19051,2016,DAVIS,19,57.4,3860.2074
IA,19053,2016,DECATUR,19,57.2,3846.7572
IA,19055,2016,DELAWARE,19,63.8,4290.6138
IA,19057,2016,DES MOINES,19,60.4,4061.9604
IA,19059,2016,DICKINSON,19,56.1,3772.7811
IA,19061,2016,DUBUQUE,19,57.8,3887.1078
IA,19063,2016,EMMET,19,58.5,3934.1835
IA,19065,2016,FAYETTE,19,62.3,4189.7373
IA,19067,2016,FLOYD,19,57.5,3866.9325
IA,19069,2016,FRANKLIN,19,60.5,4068.6855
IA,19071,2016,FREMONT,19,55.5,3732.4305
IA,19073,2016,GREENE,19,63.5,4270.4385
IA,19075,2016,GRUNDY,19,64.8,4357.8648
IA,19077,2016,GUTHRIE,19,58.4,3927.4584
IA,19079,2016,HAMILTON,19,61.0,4102.311
IA,19081,2016,HANCOCK,19,62.4,4196.4624
IA,19083,2016,HARDIN,19,59.9,4028.3349
IA,19085,2016,HARRISON,19,58.2,3914.0082
IA,19087,2016,HENRY,19,57.2,3846.7572
IA,19089,2016,HOWARD,19,56.4,3792.9564
IA,19091,2016,HUMBOLDT,19,61.0,4102.311
IA,19093,2016,IDA,19,67.6,4546.1676
IA,19095,2016,IOWA,19,57.4,3860.2074
IA,19097,2016,JACKSON,19,61.1,4109.0361
IA,19099,2016,JASPER,19,60.3,4055.2353
IA,19101,2016,JEFFERSON,19,55.1,3705.5301
IA,19103,2016,JOHNSON,19,56.1,3772.7811
IA,19105,2016,JONES,19,60.4,4061.9604
IA,19107,2016,KEOKUK,19,57.1,3840.0321
IA,19109,2016,KOSSUTH,19,63.4,4263.7134
IA,19111,2016,LEE,19,61.4,4129.2114
IA,19113,2016,LINN,19,60.0,4035.06
IA,19115,2016,LOUISA,19,56.4,3792.9564
IA,19117,2016,LUCAS,19,54.4,3658.4544
IA,19119,2016,LYON,19,66.1,4445.2911
IA,19121,2016,MADISON,19,57.1,3840.0321
IA,19123,2016,MAHASKA,19,59.1,3974.5341
IA,19125,2016,MARION,19,56.6,3806.4066
IA,19127,2016,MARSHALL,19,62.6,4209.9126
IA,19129,2016,MILLS,19,56.3,3786.2313
IA,19131,2016,MITCHELL,19,61.0,4102.311
IA,19133,2016,MONONA,19,56.1,3772.7811
IA,19135,2016,MONROE,19,57.3,3853.4823
IA,19137,2016,MONTGOMERY,19,57.8,3887.1078
IA,19139,2016,MUSCATINE,19,60.8,4088.8608
IA,19141,2016,O BRIEN,19,63.9,4297.3389
IA,19143,2016,OSCEOLA,19,56.1,3772.7811
IA,19145,2016,PAGE,19,57.5,3866.9325
IA,19147,2016,PALO ALTO,19,59.7,4014.8847
IA,19149,2016,PLYMOUTH,19,66.1,4445.2911
IA,19151,2016,POCAHONTAS,19,60.6,4075.4106
IA,19153,2016,POLK,19,55.2,3712.2552
IA,19155,2016,POTTAWATTAMIE,19,60.6,4075.4106
IA,19157,2016,POWESHIEK,19,57.5,3866.9325
IA,19159,2016,RINGGOLD,19,51.7,3476.8767
IA,19161,2016,SAC,19,63.3,4256.9883
IA,19163,2016,SCOTT,19,64.4,4330.9644
IA,19165,2016,SHELBY,19,60.5,4068.6855
IA,19167,2016,SIOUX,19,65.8,4425.1158
IA,19169,2016,STORY,19,58.4,3927.4584
IA,19171,2016,TAMA,19,63.5,4270.4385
IA,19173,2016,TAYLOR,19,51.6,3470.1516
IA,19175,2016,UNION,19,56.0,3766.056
IA,19177,2016,VAN BUREN,19,56.6,3806.4066
IA,19179,2016,WAPELLO,19,58.1,3907.2831
IA,19181,2016,WARREN,19,54.3,3651.7293
IA,19183,2016,WASHINGTON,19,55.8,3752.6058
IA,19185,2016,WAYNE,19,54.2,3645.0042
IA,19187,2016,WEBSTER,19,58.4,3927.4584
IA,19189,2016,WINNEBAGO,19,62.5,4203.1875
IA,19191,2016,WINNESHIEK,19,58.4,3927.4584
IA,19193,2016,WOODBURY,19,61.2,4115.7612
IA,19195,2016,WORTH,19,58.2,3914.0082
IA,19197,2016,WRIGHT,19,58.8,3954.3588
IA,19001,2017,ADAIR,19,50.5,3396.1755
IA,19003,2017,ADAMS,19,52.6,3537.4026
IA,19005,2017,ALLAMAKEE,19,52.6,3537.4026
IA,19007,2017,APPANOOSE,19,50.7,3409.6257
IA,19009,2017,AUDUBON,19,57.2,3846.7572
IA,19011,2017,BENTON,19,57.6,3873.6576
IA,19013,2017,BLACK HAWK,19,59.5,4001.4345
IA,19015,2017,BOONE,19,56.7,3813.1317
IA,19017,2017,BREMER,19,56.8,3819.8568
IA,19019,2017,BUCHANAN,19,55.9,3759.3309
IA,19021,2017,BUENA VISTA,19,56.5,3799.6815
IA,19023,2017,BUTLER,19,55.9,3759.3309
IA,19025,2017,CALHOUN,19,57.5,3866.9325
IA,19027,2017,CARROLL,19,60.4,4061.9604
IA,19029,2017,CASS,19,56.9,3826.5819
IA,19031,2017,CEDAR,19,59.6,4008.1596
IA,19033,2017,CERRO GORDO,19,55.2,3712.2552
IA,19035,2017,CHEROKEE,19,62.4,4196.4624
IA,19037,2017,CHICKASAW,19,50.4,3389.4504
IA,19041,2017,CLAY,19,57.6,3873.6576
IA,19043,2017,CLAYTON,19,59.0,3967.809
IA,19045,2017,CLINTON,19,59.7,4014.8847
IA,19047,2017,CRAWFORD,19,61.3,4122.4863
IA,19049,2017,DALLAS,19,54.6,3671.9046
IA,19051,2017,DAVIS,19,37.6,2528.6376
IA,19055,2017,DELAWARE,19,63.0,4236.813
IA,19057,2017,DES MOINES,19,59.6,4008.1596
IA,19059,2017,DICKINSON,19,57.7,3880.3827
IA,19061,2017,DUBUQUE,19,59.6,4008.1596
IA,19063,2017,EMMET,19,58.9,3961.0839
IA,19065,2017,FAYETTE,19,56.3,3786.2313
IA,19067,2017,FLOYD,19,54.1,3638.2791
IA,19069,2017,FRANKLIN,19,57.0,3833.307
IA,19071,2017,FREMONT,19,60.1,4041.7851
IA,19073,2017,GREENE,19,56.7,3813.1317
IA,19075,2017,GRUNDY,19,63.6,4277.1636
IA,19077,2017,GUTHRIE,19,59.2,3981.2592
IA,19079,2017,HAMILTON,19,57.2,3846.7572
IA,19081,2017,HANCOCK,19,57.4,3860.2074
IA,19083,2017,HARDIN,19,59.7,4014.8847
IA,19085,2017,HARRISON,19,53.7,3611.3787
IA,19087,2017,HENRY,19,60.5,4068.6855
IA,19089,2017,HOWARD,19,51.6,3470.1516
IA,19091,2017,HUMBOLDT,19,58.0,3900.558
IA,19093,2017,IDA,19,62.1,4176.2871
IA,19095,2017,IOWA,19,56.7,3813.1317
IA,19097,2017,JACKSON,19,59.2,3981.2592
IA,19099,2017,JASPER,19,60.5,4068.6855
IA,19101,2017,JEFFERSON,19,46.1,3100.2711
IA,19103,2017,JOHNSON,19,56.4,3792.9564
IA,19105,2017,JONES,19,54.9,3692.0799
IA,19107,2017,KEOKUK,19,51.6,3470.1516
IA,19109,2017,KOSSUTH,19,60.4,4061.9604
IA,19111,2017,LEE,19,53.5,3597.9285
IA,19113,2017,LINN,19,56.0,3766.056
IA,19115,2017,LOUISA,19,59.0,3967.809
IA,19117,2017,LUCAS,19,41.4,2784.1914
IA,19119,2017,LYON,19,63.8,4290.6138
IA,19121,2017,MADISON,19,52.5,3530.6775
IA,19123,2017,MAHASKA,19,54.4,3658.4544
IA,19125,2017,MARION,19,52.9,3557.5779
IA,19127,2017,MARSHALL,19,63.5,4270.4385
IA,19129,2017,MILLS,19,55.7,3745.8807
IA,19131,2017,MITCHELL,19,54.4,3658.4544
IA,19133,2017,MONONA,19,57.1,3840.0321
IA,19135,2017,MONROE,19,51.0,3429.801
IA,19137,2017,MONTGOMERY,19,56.2,3779.5062
IA,19139,2017,MUSCATINE,19,60.3,4055.2353
IA,19141,2017,O BRIEN,19,62.3,4189.7373
IA,19143,2017,OSCEOLA,19,59.7,4014.8847
IA,19145,2017,PAGE,19,55.4,3725.7054
IA,19147,2017,PALO ALTO,19,57.8,3887.1078
IA,19149,2017,PLYMOUTH,19,59.6,4008.1596
IA,19151,2017,POCAHONTAS,19,58.2,3914.0082
IA,19153,2017,POLK,19,57.1,3840.0321
IA,19155,2017,POTTAWATTAMIE,19,57.0,3833.307
IA,19157,2017,POWESHIEK,19,56.6,3806.4066
IA,19159,2017,RINGGOLD,19,48.8,3281.8488
IA,19161,2017,SAC,19,57.8,3887.1078
IA,19163,2017,SCOTT,19,63.4,4263.7134
IA,19165,2017,SHELBY,19,58.2,3914.0082
IA,19167,2017,SIOUX,19,65.2,4384.7652
IA,19169,2017,STORY,19,57.9,3893.8329
IA,19171,2017,TAMA,19,59.5,4001.4345
IA,19173,2017,TAYLOR,19,52.8,3550.8528
IA,19175,2017,UNION,19,44.5,2992.6695
IA,19177,2017,VAN BUREN,19,36.6,2461.3866
IA,19179,2017,WAPELLO,19,45.0,3026.295
IA,19181,2017,WARREN,19,49.9,3355.8249
IA,19183,2017,WASHINGTON,19,61.7,4149.3867
IA,19187,2017,WEBSTER,19,57.9,3893.8329
IA,19189,2017,WINNEBAGO,19,59.9,4028.3349
IA,19191,2017,WINNESHIEK,19,54.6,3671.9046
IA,19193,2017,WOODBURY,19,58.1,3907.2831
IA,19195,2017,WORTH,19,54.8,3685.3548
IA,19197,2017,WRIGHT,19,57.9,3893.8329
IA,19998,2017,OTHER (COMBINED) COUNTIES,19,45.0,3026.295
IA,19001,2018,ADAIR,19,50.1,3369.2751
IA,19003,2018,ADAMS,19,53.2,3577.7532
IA,19005,2018,ALLAMAKEE,19,52.8,3550.8528
IA,19007,2018,APPANOOSE,19,45.1,3033.0201
IA,19009,2018,AUDUBON,19,52.3,3517.2273
IA,19011,2018,BENTON,19,61.0,4102.311
IA,19013,2018,BLACK HAWK,19,58.4,3927.4584
IA,19015,2018,BOONE,19,54.6,3671.9046
IA,19017,2018,BREMER,19,57.3,3853.4823
IA,19019,2018,BUCHANAN,19,57.2,3846.7572
IA,19021,2018,BUENA VISTA,19,55.5,3732.4305
IA,19023,2018,BUTLER,19,56.1,3772.7811
IA,19025,2018,CALHOUN,19,53.1,3571.0281
IA,19027,2018,CARROLL,19,59.0,3967.809
IA,19029,2018,CASS,19,52.6,3537.4026
IA,19031,2018,CEDAR,19,63.3,4256.9883
IA,19033,2018,CERRO GORDO,19,51.7,3476.8767
IA,19035,2018,CHEROKEE,19,64.3,4324.2393
IA,19037,2018,CHICKASAW,19,53.2,3577.7532
IA,19039,2018,CLARKE,19,47.9,3221.3229
IA,19041,2018,CLAY,19,52.6,3537.4026
IA,19043,2018,CLAYTON,19,58.8,3954.3588
IA,19045,2018,CLINTON,19,58.3,3920.7333
IA,19047,2018,CRAWFORD,19,61.7,4149.3867
IA,19049,2018,DALLAS,19,52.8,3550.8528
IA,19051,2018,DAVIS,19,50.2,3376.0002
IA,19053,2018,DECATUR,19,48.0,3228.048
IA,19055,2018,DELAWARE,19,63.9,4297.3389
IA,19057,2018,DES MOINES,19,63.8,4290.6138
IA,19059,2018,DICKINSON,19,49.8,3349.0998
IA,19061,2018,DUBUQUE,19,62.0,4169.562
IA,19063,2018,EMMET,19,46.7,3140.6217
IA,19065,2018,FAYETTE,19,56.5,3799.6815
IA,19067,2018,FLOYD,19,49.8,3349.0998
IA,19069,2018,FRANKLIN,19,58.5,3934.1835
IA,19071,2018,FREMONT,19,50.6,3402.9006
IA,19073,2018,GREENE,19,55.5,3732.4305
IA,19075,2018,GRUNDY,19,61.9,4162.8369
IA,19077,2018,GUTHRIE,19,52.0,3497.052
IA,19079,2018,HAMILTON,19,49.9,3355.8249
IA,19081,2018,HANCOCK,19,53.2,3577.7532
IA,19083,2018,HARDIN,19,59.3,3987.9843
IA,19085,2018,HARRISON,19,52.6,3537.4026
IA,19087,2018,HENRY,19,62.3,4189.7373
IA,19089,2018,HOWARD,19,53.7,3611.3787
IA,19091,2018,HUMBOLDT,19,50.4,3389.4504
IA,19093,2018,IDA,19,63.8,4290.6138
IA,19095,2018,IOWA,19,56.0,3766.056
IA,19097,2018,JACKSON,19,58.1,3907.2831
IA,19099,2018,JASPER,19,60.7,4082.1357
IA,19101,2018,JEFFERSON,19,62.0,4169.562
IA,19103,2018,JOHNSON,19,59.9,4028.3349
IA,19105,2018,JONES,19,60.1,4041.7851
IA,19107,2018,KEOKUK,19,57.7,3880.3827
IA,19109,2018,KOSSUTH,19,54.2,3645.0042
IA,19111,2018,LEE,19,64.7,4351.1397
IA,19113,2018,LINN,19,57.7,3880.3827
IA,19115,2018,LOUISA,19,58.1,3907.2831
IA,19117,2018,LUCAS,19,41.5,2790.9165
IA,19119,2018,LYON,19,60.6,4075.4106
IA,19121,2018,MADISON,19,50.9,3423.0759
IA,19123,2018,MAHASKA,19,59.7,4014.8847
IA,19125,2018,MARION,19,58.3,3920.7333
IA,19127,2018,MARSHALL,19,61.9,4162.8369
IA,19131,2018,MITCHELL,19,55.6,3739.1556
IA,19133,2018,MONONA,19,55.3,3718.9803
IA,19135,2018,MONROE,19,50.4,3389.4504
IA,19137,2018,MONTGOMERY,19,51.8,3483.6018
IA,19139,2018,MUSCATINE,19,61.7,4149.3867
IA,19141,2018,O BRIEN,19,59.9,4028.3349
IA,19143,2018,OSCEOLA,19,57.2,3846.7572
IA,19145,2018,PAGE,19,50.5,3396.1755
IA,19147,2018,PALO ALTO,19,48.8,3281.8488
IA,19149,2018,PLYMOUTH,19,61.3,4122.4863
IA,19151,2018,POCAHONTAS,19,49.7,3342.3747
IA,19153,2018,POLK,19,53.4,3591.2034
IA,19157,2018,POWESHIEK,19,58.2,3914.0082
IA,19159,2018,RINGGOLD,19,47.2,3174.2472
IA,19161,2018,SAC,19,60.7,4082.1357
IA,19163,2018,SCOTT,19,63.7,4283.8887
IA,19165,2018,SHELBY,19,57.8,3887.1078
IA,19167,2018,SIOUX,19,65.8,4425.1158
IA,19169,2018,STORY,19,52.8,3550.8528
IA,19171,2018,TAMA,19,60.1,4041.7851
IA,19175,2018,UNION,19,48.6,3268.3986
IA,19177,2018,VAN BUREN,19,54.2,3645.0042
IA,19179,2018,WAPELLO,19,60.2,4048.5102
IA,19181,2018,WARREN,19,52.0,3497.052
IA,19183,2018,WASHINGTON,19,61.5,4135.9365
IA,19185,2018,WAYNE,19,49.0,3295.299
IA,19187,2018,WEBSTER,19,51.1,3436.5261
IA,19189,2018,WINNEBAGO,19,51.8,3483.6018
IA,19191,2018,WINNESHIEK,19,51.7,3476.8767
IA,19193,2018,WOODBURY,19,59.5,4001.4345
IA,19195,2018,WORTH,19,53.7,3611.3787
IA,19197,2018,WRIGHT,19,52.6,3537.4026
IA,19998,2018,OTHER (COMBINED) COUNTIES,19,52.1,3503.7771
IA,19001,2019,ADAIR,19,53.3,3584.4783
IA,19009,2019,AUDUBON,19,58.9,3961.0839
IA,19011,2019,BENTON,19,57.9,3893.8329
IA,19013,2019,BLACK HAWK,19,51.9,3490.3269
IA,19015,2019,BOONE,19,53.2,3577.7532
IA,19017,2019,BREMER,19,52.5,3530.6775
IA,19019,2019,BUCHANAN,19,55.2,3712.2552
IA,19021,2019,BUENA VISTA,19,53.5,3597.9285
IA,19023,2019,BUTLER,19,55.0,3698.805
IA,19025,2019,CALHOUN,19,55.1,3705.5301
IA,19027,2019,CARROLL,19,58.8,3954.3588
IA,19029,2019,CASS,19,56.9,3826.5819
IA,19033,2019,CERRO GORDO,19,52.7,3544.1277
IA,19035,2019,CHEROKEE,19,58.8,3954.3588
IA,19037,2019,CHICKASAW,19,54.5,3665.1795
IA,19041,2019,CLAY,19,50.9,3423.0759
IA,19043,2019,CLAYTON,19,56.4,3792.9564
IA,19045,2019,CLINTON,19,59.5,4001.4345
IA,19047,2019,CRAWFORD,19,61.9,4162.8369
IA,19049,2019,DALLAS,19,54.4,3658.4544
IA,19051,2019,DAVIS,19,54.6,3671.9046
IA,19057,2019,DES MOINES,19,55.1,3705.5301
IA,19059,2019,DICKINSON,19,51.3,3449.9763
IA,19061,2019,DUBUQUE,19,60.2,4048.5102
IA,19065,2019,FAYETTE,19,55.5,3732.4305
IA,19067,2019,FLOYD,19,54.3,3651.7293
IA,19069,2019,FRANKLIN,19,54.1,3638.2791
IA,19073,2019,GREENE,19,54.2,3645.0042
IA,19075,2019,GRUNDY,19,56.3,3786.2313
IA,19077,2019,GUTHRIE,19,54.2,3645.0042
IA,19079,2019,HAMILTON,19,51.4,3456.7014
IA,19081,2019,HANCOCK,19,49.6,3335.6496
IA,19083,2019,HARDIN,19,53.9,3624.8289
IA,19087,2019,HENRY,19,56.9,3826.5819
IA,19089,2019,HOWARD,19,52.1,3503.7771
IA,19091,2019,HUMBOLDT,19,54.9,3692.0799
IA,19095,2019,IOWA,19,52.3,3517.2273
IA,19099,2019,JASPER,19,56.5,3799.6815
IA,19101,2019,JEFFERSON,19,53.3,3584.4783
IA,19103,2019,JOHNSON,19,55.5,3732.4305
IA,19105,2019,JONES,19,57.2,3846.7572
IA,19107,2019,KEOKUK,19,55.8,3752.6058
IA,19109,2019,KOSSUTH,19,57.4,3860.2074
IA,19111,2019,LEE,19,54.8,3685.3548
IA,19113,2019,LINN,19,56.5,3799.6815
IA,19115,2019,LOUISA,19,54.3,3651.7293
IA,19119,2019,LYON,19,54.8,3685.3548
IA,19121,2019,MADISON,19,52.3,3517.2273
IA,19123,2019,MAHASKA,19,53.7,3611.3787
IA,19125,2019,MARION,19,54.0,3631.554
IA,19127,2019,MARSHALL,19,60.6,4075.4106
IA,19131,2019,MITCHELL,19,49.8,3349.0998
IA,19133,2019,MONONA,19,55.8,3752.6058
IA,19135,2019,MONROE,19,56.1,3772.7811
IA,19137,2019,MONTGOMERY,19,58.3,3920.7333
IA,19139,2019,MUSCATINE,19,55.2,3712.2552
IA,19141,2019,O BRIEN,19,56.0,3766.056
IA,19143,2019,OSCEOLA,19,50.5,3396.1755
IA,19145,2019,PAGE,19,55.9,3759.3309
IA,19147,2019,PALO ALTO,19,55.6,3739.1556
IA,19153,2019,POLK,19,51.0,3429.801
IA,19155,2019,POTTAWATTAMIE,19,58.5,3934.1835
IA,19157,2019,POWESHIEK,19,53.4,3591.2034
IA,19161,2019,SAC,19,59.3,3987.9843
IA,19163,2019,SCOTT,19,60.5,4068.6855
IA,19165,2019,SHELBY,19,58.7,3947.6337
IA,19167,2019,SIOUX,19,60.8,4088.8608
IA,19169,2019,STORY,19,50.0,3362.55
IA,19171,2019,TAMA,19,53.4,3591.2034
IA,19173,2019,TAYLOR,19,49.9,3355.8249
IA,19175,2019,UNION,19,53.7,3611.3787
IA,19177,2019,VAN BUREN,19,53.9,3624.8289
IA,19179,2019,WAPELLO,19,55.5,3732.4305
IA,19181,2019,WARREN,19,52.3,3517.2273
IA,19183,2019,WASHINGTON,19,54.7,3678.6297
IA,19185,2019,WAYNE,19,52.5,3530.6775
IA,19187,2019,WEBSTER,19,49.1,3302.0241
IA,19189,2019,WINNEBAGO,19,54.2,3645.0042
IA,19191,2019,WINNESHIEK,19,55.6,3739.1556
IA,19193,2019,WOODBURY,19,56.8,3819.8568
IA,19195,2019,WORTH,19,51.0,3429.801
IA,19197,2019,WRIGHT,19,54.1,3638.2791
IA,19998,2019,OTHER (COMBINED) COUNTIES,19,54.56666666666666,3669.6629
IA,19001,2020,ADAIR,19,48.1,3234.7731
IA,19005,2020,ALLAMAKEE,19,58.8,3954.3588
IA,19007,2020,APPANOOSE,19,39.1,2629.5141
IA,19009,2020,AUDUBON,19,48.3,3248.2233
IA,19011,2020,BENTON,19,56.7,3813.1317
IA,19013,2020,BLACK HAWK,19,54.2,3645.0042
IA,19015,2020,BOONE,19,50.9,3423.0759
IA,19019,2020,BUCHANAN,19,56.7,3813.1317
IA,19023,2020,BUTLER,19,54.2,3645.0042
IA,19025,2020,CALHOUN,19,47.7,3207.8727
IA,19027,2020,CARROLL,19,54.8,3685.3548
IA,19029,2020,CASS,19,49.3,3315.4743
IA,19031,2020,CEDAR,19,56.4,3792.9564
IA,19033,2020,CERRO GORDO,19,59.8,4021.6098
IA,19035,2020,CHEROKEE,19,57.2,3846.7572
IA,19037,2020,CHICKASAW,19,55.9,3759.3309
IA,19039,2020,CLARKE,19,45.9,3086.8209
IA,19041,2020,CLAY,19,50.3,3382.7253
IA,19043,2020,CLAYTON,19,60.1,4041.7851
IA,19045,2020,CLINTON,19,57.0,3833.307
IA,19047,2020,CRAWFORD,19,54.2,3645.0042
IA,19049,2020,DALLAS,19,47.1,3167.5221
IA,19051,2020,DAVIS,19,42.0,2824.542
IA,19053,2020,DECATUR,19,47.4,3187.6974
IA,19055,2020,DELAWARE,19,61.1,4109.0361
IA,19057,2020,DES MOINES,19,60.7,4082.1357
IA,19059,2020,DICKINSON,19,55.5,3732.4305
IA,19063,2020,EMMET,19,56.0,3766.056
IA,19065,2020,FAYETTE,19,55.9,3759.3309
IA,19067,2020,FLOYD,19,54.0,3631.554
IA,19069,2020,FRANKLIN,19,55.4,3725.7054
IA,19071,2020,FREMONT,19,54.8,3685.3548
IA,19073,2020,GREENE,19,49.0,3295.299
IA,19075,2020,GRUNDY,19,60.9,4095.5859
IA,19077,2020,GUTHRIE,19,45.5,3059.9205
IA,19079,2020,HAMILTON,19,51.5,3463.4265
IA,19081,2020,HANCOCK,19,60.0,4035.06
IA,19083,2020,HARDIN,19,52.8,3550.8528
IA,19085,2020,HARRISON,19,52.1,3503.7771
IA,19087,2020,HENRY,19,54.9,3692.0799
IA,19089,2020,HOWARD,19,54.5,3665.1795
IA,19091,2020,HUMBOLDT,19,56.9,3826.5819
IA,19093,2020,IDA,19,55.5,3732.4305
IA,19095,2020,IOWA,19,49.8,3349.0998
IA,19097,2020,JACKSON,19,54.7,3678.6297
IA,19101,2020,JEFFERSON,19,53.8,3618.1038
IA,19103,2020,JOHNSON,19,51.8,3483.6018
IA,19105,2020,JONES,19,54.0,3631.554
IA,19107,2020,KEOKUK,19,51.6,3470.1516
IA,19109,2020,KOSSUTH,19,60.2,4048.5102
IA,19111,2020,LEE,19,52.1,3503.7771
IA,19115,2020,LOUISA,19,53.3,3584.4783
IA,19117,2020,LUCAS,19,43.8,2945.5938
IA,19119,2020,LYON,19,60.8,4088.8608
IA,19121,2020,MADISON,19,51.4,3456.7014
IA,19129,2020,MILLS,19,49.3,3315.4743
IA,19131,2020,MITCHELL,19,59.4,3994.7094
IA,19133,2020,MONONA,19,56.0,3766.056
IA,19135,2020,MONROE,19,45.4,3053.1954
IA,19137,2020,MONTGOMERY,19,49.2,3308.7492
IA,19139,2020,MUSCATINE,19,55.6,3739.1556
IA,19141,2020,O BRIEN,19,62.0,4169.562
IA,19145,2020,PAGE,19,52.4,3523.9524
IA,19151,2020,POCAHONTAS,19,54.6,3671.9046
IA,19153,2020,POLK,19,50.2,3376.0002
IA,19155,2020,POTTAWATTAMIE,19,48.0,3228.048
IA,19157,2020,POWESHIEK,19,54.8,3685.3548
IA,19159,2020,RINGGOLD,19,50.6,3402.9006
IA,19161,2020,SAC,19,47.1,3167.5221
IA,19163,2020,SCOTT,19,61.0,4102.311
IA,19165,2020,SHELBY,19,52.8,3550.8528
IA,19169,2020,STORY,19,52.2,3510.5022
IA,19171,2020,TAMA,19,56.2,3779.5062
IA,19173,2020,TAYLOR,19,47.0,3160.797
IA,19175,2020,UNION,19,52.1,3503.7771
IA,19177,2020,VAN BUREN,19,44.2,2972.4942
IA,19179,2020,WAPELLO,19,52.0,3497.052
IA,19181,2020,WARREN,19,49.5,3328.9245
IA,19183,2020,WASHINGTON,19,53.2,3577.7532
IA,19185,2020,WAYNE,19,44.6,2999.3946
IA,19187,2020,WEBSTER,19,50.4,3389.4504
IA,19189,2020,WINNEBAGO,19,60.8,4088.8608
IA,19191,2020,WINNESHIEK,19,53.6,3604.6536
IA,19193,2020,WOODBURY,19,56.6,3806.4066
IA,19195,2020,WORTH,19,58.2,3914.0082
IA,19197,2020,WRIGHT,19,55.9,3759.3309
IA,19998,2020,OTHER COUNTIES,19,56.6,3806.4066
IA,19005,2021,ALLAMAKEE,19,61.9,4162.8369
IA,19007,2021,APPANOOSE,19,57.5,3866.9325
IA,19009,2021,AUDUBON,19,67.3,4525.9923
IA,19011,2021,BENTON,19,67.1,4512.5421
IA,19013,2021,BLACK HAWK,19,60.1,4041.7851
IA,19015,2021,BOONE,19,64.4,4330.9644
IA,19017,2021,BREMER,19,62.0,4169.562
IA,19019,2021,BUCHANAN,19,63.4,4263.7134
IA,19021,2021,BUENA VISTA,19,63.8,4290.6138
IA,19023,2021,BUTLER,19,60.8,4088.8608
IA,19025,2021,CALHOUN,19,63.5,4270.4385
IA,19027,2021,CARROLL,19,65.3,4391.4903
IA,19029,2021,CASS,19,63.3,4256.9883
IA,19031,2021,CEDAR,19,65.3,4391.4903
IA,19033,2021,CERRO GORDO,19,61.0,4102.311
IA,19039,2021,CLARKE,19,57.7,3880.3827
IA,19041,2021,CLAY,19,62.4,4196.4624
IA,19045,2021,CLINTON,19,63.9,4297.3389
IA,19047,2021,CRAWFORD,19,63.5,4270.4385
IA,19049,2021,DALLAS,19,63.6,4277.1636
IA,19051,2021,DAVIS,19,56.7,3813.1317
IA,19053,2021,DECATUR,19,57.0,3833.307
IA,19055,2021,DELAWARE,19,66.4,4465.4664
IA,19059,2021,DICKINSON,19,56.0,3766.056
IA,19061,2021,DUBUQUE,19,70.5,4741.1955
IA,19063,2021,EMMET,19,59.6,4008.1596
IA,19065,2021,FAYETTE,19,64.4,4330.9644
IA,19069,2021,FRANKLIN,19,59.7,4014.8847
IA,19071,2021,FREMONT,19,63.1,4243.5381
IA,19073,2021,GREENE,19,64.1,4310.7891
IA,19075,2021,GRUNDY,19,66.5,4472.1915
IA,19079,2021,HAMILTON,19,62.2,4183.0122
IA,19081,2021,HANCOCK,19,63.5,4270.4385
IA,19083,2021,HARDIN,19,65.0,4371.315
IA,19087,2021,HENRY,19,58.3,3920.7333
IA,19089,2021,HOWARD,19,60.3,4055.2353
IA,19091,2021,HUMBOLDT,19,62.4,4196.4624
IA,19093,2021,IDA,19,65.6,4411.6656
IA,19099,2021,JASPER,19,67.3,4525.9923
IA,19101,2021,JEFFERSON,19,53.9,3624.8289
IA,19105,2021,JONES,19,64.5,4337.6895
IA,19109,2021,KOSSUTH,19,60.4,4061.9604
IA,19111,2021,LEE,19,59.7,4014.8847
IA,19117,2021,LUCAS,19,54.1,3638.2791
IA,19119,2021,LYON,19,63.6,4277.1636
IA,19121,2021,MADISON,19,58.8,3954.3588
IA,19123,2021,MAHASKA,19,62.0,4169.562
IA,19125,2021,MARION,19,60.6,4075.4106
IA,19127,2021,MARSHALL,19,67.1,4512.5421
IA,19131,2021,MITCHELL,19,62.5,4203.1875
IA,19133,2021,MONONA,19,61.8,4156.1118
IA,19135,2021,MONROE,19,59.3,3987.9843
IA,19137,2021,MONTGOMERY,19,63.0,4236.813
IA,19139,2021,MUSCATINE,19,62.6,4209.9126
IA,19141,2021,O BRIEN,19,66.4,4465.4664
IA,19143,2021,OSCEOLA,19,62.9,4230.0879
IA,19145,2021,PAGE,19,62.6,4209.9126
IA,19147,2021,PALO ALTO,19,61.6,4142.6616
IA,19151,2021,POCAHONTAS,19,65.0,4371.315
IA,19153,2021,POLK,19,64.6,4344.4146
IA,19155,2021,POTTAWATTAMIE,19,64.4,4330.9644
IA,19159,2021,RINGGOLD,19,54.0,3631.554
IA,19163,2021,SCOTT,19,68.1,4579.7931
IA,19167,2021,SIOUX,19,70.5,4741.1955
IA,19169,2021,STORY,19,63.6,4277.1636
IA,19171,2021,TAMA,19,66.3,4458.7413
IA,19173,2021,TAYLOR,19,61.3,4122.4863
IA,19175,2021,UNION,19,61.9,4162.8369
IA,19177,2021,VAN BUREN,19,53.0,3564.303
IA,19179,2021,WAPELLO,19,59.0,3967.809
IA,19185,2021,WAYNE,19,57.1,3840.0321
IA,19187,2021,WEBSTER,19,64.6,4344.4146
IA,19189,2021,WINNEBAGO,19,61.6,4142.6616
IA,19191,2021,WINNESHIEK,19,61.8,4156.1118
IA,19195,2021,WORTH,19,60.1,4041.7851
IA,19197,2021,WRIGHT,19,61.0,4102.311
IA,19998,2021,OTHER COUNTIES,19,63.2,4250.2632
IA,19001,2022,ADAIR,19,47.5,3194.4225
IA,19005,2022,ALLAMAKEE,19,61.2,4115.7612
IA,19007,2022,APPANOOSE,19,40.4,2716.9404
IA,19009,2022,AUDUBON,19,57.9,3893.8329
IA,19011,2022,BENTON,19,66.1,4445.2911
IA,19013,2022,BLACK HAWK,19,64.5,4337.6895
IA,19015,2022,BOONE,19,60.4,4061.9604
IA,19017,2022,BREMER,19,66.7,4485.6417
IA,19019,2022,BUCHANAN,19,65.0,4371.315
IA,19021,2022,BUENA VISTA,19,57.2,3846.7572
IA,19023,2022,BUTLER,19,61.6,4142.6616
IA,19025,2022,CALHOUN,19,61.2,4115.7612
IA,19027,2022,CARROLL,19,58.9,3961.0839
IA,19029,2022,CASS,19,51.2,3443.2512
IA,19031,2022,CEDAR,19,67.0,4505.817
IA,19033,2022,CERRO GORDO,19,60.8,4088.8608
IA,19035,2022,CHEROKEE,19,59.6,4008.1596
IA,19037,2022,CHICKASAW,19,63.6,4277.1636
IA,19039,2022,CLARKE,19,40.2,2703.4902
IA,19041,2022,CLAY,19,56.9,3826.5819
IA,19043,2022,CLAYTON,19,64.5,4337.6895
IA,19045,2022,CLINTON,19,66.0,4438.566
IA,19047,2022,CRAWFORD,19,62.8,4223.3628
IA,19049,2022,DALLAS,19,59.8,4021.6098
IA,19051,2022,DAVIS,19,44.6,2999.3946
IA,19053,2022,DECATUR,19,37.9,2548.8129
IA,19055,2022,DELAWARE,19,67.4,4532.7174
IA,19057,2022,DES MOINES,19,66.9,4499.0919
IA,19059,2022,DICKINSON,19,58.8,3954.3588
IA,19061,2022,DUBUQUE,19,68.6,4613.4186
IA,19063,2022,EMMET,19,62.8,4223.3628
IA,19065,2022,FAYETTE,19,63.4,4263.7134
IA,19067,2022,FLOYD,19,61.9,4162.8369
IA,19069,2022,FRANKLIN,19,62.8,4223.3628
IA,19071,2022,FREMONT,19,53.4,3591.2034
IA,19073,2022,GREENE,19,59.0,3967.809
IA,19075,2022,GRUNDY,19,64.9,4364.5899
IA,19077,2022,GUTHRIE,19,58.6,3940.9086
IA,19079,2022,HAMILTON,19,61.3,4122.4863
IA,19081,2022,HANCOCK,19,63.0,4236.813
IA,19083,2022,HARDIN,19,63.4,4263.7134
IA,19085,2022,HARRISON,19,52.4,3523.9524
IA,19087,2022,HENRY,19,60.3,4055.2353
IA,19089,2022,HOWARD,19,60.9,4095.5859
IA,19091,2022,HUMBOLDT,19,59.0,3967.809
IA,19093,2022,IDA,19,63.1,4243.5381
IA,19095,2022,IOWA,19,61.6,4142.6616
IA,19097,2022,JACKSON,19,66.3,4458.7413
IA,19099,2022,JASPER,19,60.1,4041.7851
IA,19101,2022,JEFFERSON,19,50.7,3409.6257
IA,19103,2022,JOHNSON,19,62.1,4176.2871
IA,19105,2022,JONES,19,61.7,4149.3867
IA,19107,2022,KEOKUK,19,53.1,3571.0281
IA,19109,2022,KOSSUTH,19,56.2,3779.5062
IA,19111,2022,LEE,19,54.6,3671.9046
IA,19113,2022,LINN,19,64.6,4344.4146
IA,19115,2022,LOUISA,19,61.4,4129.2114
IA,19117,2022,LUCAS,19,43.1,2898.5181
IA,19119,2022,LYON,19,62.2,4183.0122
IA,19121,2022,MADISON,19,55.4,3725.7054
IA,19123,2022,MAHASKA,19,59.3,3987.9843
IA,19125,2022,MARION,19,57.8,3887.1078
IA,19127,2022,MARSHALL,19,65.0,4371.315
IA,19129,2022,MILLS,19,52.1,3503.7771
IA,19131,2022,MITCHELL,19,64.6,4344.4146
IA,19133,2022,MONONA,19,48.6,3268.3986
IA,19135,2022,MONROE,19,47.4,3187.6974
IA,19137,2022,MONTGOMERY,19,54.8,3685.3548
IA,19139,2022,MUSCATINE,19,65.5,4404.9405
IA,19141,2022,O BRIEN,19,59.4,3994.7094
IA,19143,2022,OSCEOLA,19,56.3,3786.2313
IA,19145,2022,PAGE,19,54.0,3631.554
IA,19147,2022,PALO ALTO,19,57.9,3893.8329
IA,19149,2022,PLYMOUTH,19,47.8,3214.5978
IA,19151,2022,POCAHONTAS,19,56.5,3799.6815
IA,19153,2022,POLK,19,54.1,3638.2791
IA,19155,2022,POTTAWATTAMIE,19,51.0,3429.801
IA,19157,2022,POWESHIEK,19,60.4,4061.9604
IA,19159,2022,RINGGOLD,19,41.8,2811.0918
IA,19161,2022,SAC,19,61.3,4122.4863
IA,19163,2022,SCOTT,19,69.1,4647.0441
IA,19165,2022,SHELBY,19,58.0,3900.558
IA,19167,2022,SIOUX,19,62.9,4230.0879
IA,19169,2022,STORY,19,60.0,4035.06
IA,19171,2022,TAMA,19,61.4,4129.2114
IA,19173,2022,TAYLOR,19,52.9,3557.5779
IA,19175,2022,UNION,19,41.4,2784.1914
IA,19177,2022,VAN BUREN,19,43.6,2932.1436
IA,19179,2022,WAPELLO,19,53.7,3611.3787
IA,19181,2022,WARREN,19,50.2,3376.0002
IA,19183,2022,WASHINGTON,19,57.2,3846.7572
IA,19187,2022,WEBSTER,19,57.5,3866.9325
IA,19189,2022,WINNEBAGO,19,64.4,4330.9644
IA,19191,2022,WINNESHIEK,19,66.3,4458.7413
IA,19193,2022,WOODBURY,19,56.4,3792.9564
IA,19195,2022,WORTH,19,62.0,4169.562
IA,19197,2022,WRIGHT,19,60.6,4075.4106
IA,19998,2022,OTHER COUNTIES,19,47.9,3221.3229
IA,19005,2023,ALLAMAKEE,19,52.2,3510.5022
IA,19007,2023,APPANOOSE,19,50.7,3409.6257
IA,19009,2023,AUDUBON,19,53.6,3604.6536
IA,19011,2023,BENTON,19,54.0,3631.554
IA,19013,2023,BLACK HAWK,19,51.1,3436.5261
IA,19015,2023,BOONE,19,69.1,4647.0441
IA,19017,2023,BREMER,19,54.5,3665.1795
IA,19019,2023,BUCHANAN,19,51.8,3483.6018
IA,19021,2023,BUENA VISTA,19,61.1,4109.0361
IA,19023,2023,BUTLER,19,50.9,3423.0759
IA,19025,2023,CALHOUN,19,57.4,3860.2074
IA,19027,2023,CARROLL,19,56.8,3819.8568
IA,19031,2023,CEDAR,19,62.2,4183.0122
IA,19035,2023,CHEROKEE,19,65.9,4431.8409
IA,19037,2023,CHICKASAW,19,52.0,3497.052
IA,19041,2023,CLAY,19,62.1,4176.2871
IA,19043,2023,CLAYTON,19,53.6,3604.6536
IA,19045,2023,CLINTON,19,58.8,3954.3588
IA,19047,2023,CRAWFORD,19,53.6,3604.6536
IA,19049,2023,DALLAS,19,60.8,4088.8608
IA,19051,2023,DAVIS,19,53.4,3591.2034
IA,19055,2023,DELAWARE,19,52.3,3517.2273
IA,19057,2023,DES MOINES,19,65.6,4411.6656
IA,19059,2023,DICKINSON,19,56.8,3819.8568
IA,19061,2023,DUBUQUE,19,57.0,3833.307
IA,19065,2023,FAYETTE,19,54.5,3665.1795
IA,19067,2023,FLOYD,19,52.8,3550.8528
IA,19069,2023,FRANKLIN,19,59.4,3994.7094
IA,19073,2023,GREENE,19,60.7,4082.1357
IA,19075,2023,GRUNDY,19,64.1,4310.7891
IA,19079,2023,HAMILTON,19,62.2,4183.0122
IA,19081,2023,HANCOCK,19,60.2,4048.5102
IA,19083,2023,HARDIN,19,62.2,4183.0122
IA,19085,2023,HARRISON,19,55.4,3725.7054
IA,19087,2023,HENRY,19,63.9,4297.3389
IA,19089,2023,HOWARD,19,51.0,3429.801
IA,19091,2023,HUMBOLDT,19,56.9,3826.5819
IA,19093,2023,IDA,19,56.8,3819.8568
IA,19095,2023,IOWA,19,58.2,3914.0082
IA,19099,2023,JASPER,19,63.8,4290.6138
IA,19101,2023,JEFFERSON,19,57.9,3893.8329
IA,19103,2023,JOHNSON,19,56.5,3799.6815
IA,19105,2023,JONES,19,54.5,3665.1795
IA,19107,2023,KEOKUK,19,61.1,4109.0361
IA,19111,2023,LEE,19,66.1,4445.2911
IA,19113,2023,LINN,19,48.1,3234.7731
IA,19117,2023,LUCAS,19,51.7,3476.8767
IA,19121,2023,MADISON,19,61.3,4122.4863
IA,19123,2023,MAHASKA,19,62.7,4216.6377
IA,19125,2023,MARION,19,56.0,3766.056
IA,19127,2023,MARSHALL,19,61.7,4149.3867
IA,19129,2023,MILLS,19,53.3,3584.4783
IA,19131,2023,MITCHELL,19,46.9,3154.0719
IA,19133,2023,MONONA,19,50.9,3423.0759
IA,19135,2023,MONROE,19,50.9,3423.0759
IA,19137,2023,MONTGOMERY,19,54.6,3671.9046
IA,19139,2023,MUSCATINE,19,62.4,4196.4624
IA,19141,2023,O BRIEN,19,65.4,4398.2154
IA,19143,2023,OSCEOLA,19,61.9,4162.8369
IA,19145,2023,PAGE,19,57.2,3846.7572
IA,19147,2023,PALO ALTO,19,59.2,3981.2592
IA,19149,2023,PLYMOUTH,19,60.1,4041.7851
IA,19151,2023,POCAHONTAS,19,62.0,4169.562
IA,19153,2023,POLK,19,61.2,4115.7612
IA,19157,2023,POWESHIEK,19,59.5,4001.4345
IA,19161,2023,SAC,19,58.1,3907.2831
IA,19163,2023,SCOTT,19,66.3,4458.7413
IA,19165,2023,SHELBY,19,53.3,3584.4783
IA,19169,2023,STORY,19,64.1,4310.7891
IA,19171,2023,TAMA,19,56.1,3772.7811
IA,19173,2023,TAYLOR,19,54.7,3678.6297
IA,19175,2023,UNION,19,59.9,4028.3349
IA,19177,2023,VAN BUREN,19,59.3,3987.9843
IA,19179,2023,WAPELLO,19,61.7,4149.3867
IA,19181,2023,WARREN,19,57.9,3893.8329
IA,19183,2023,WASHINGTON,19,60.1,4041.7851
IA,19187,2023,WEBSTER,19,60.0,4035.06
IA,19189,2023,WINNEBAGO,19,60.7,4082.1357
IA,19191,2023,WINNESHIEK,19,52.6,3537.4026
IA,19193,2023,WOODBURY,19,44.8,3012.8448
IA,19195,2023,WORTH,19,51.0,3429.801
IA,19197,2023,WRIGHT,19,60.8,4088.8608
IA,19998,2023,OTHER COUNTIES,19,58.4,3927.4584
IA,19001,2024,ADAIR,19,60.2,4048.5102
IA,19005,2024,ALLAMAKEE,19,57.1,3840.0321
IA,19009,2024,AUDUBON,19,64.6,4344.4146
IA,19013,2024,BLACK HAWK,19,57.2,3846.7572
IA,19015,2024,BOONE,19,66.3,4458.7413
IA,19017,2024,BREMER,19,56.9,3826.5819
IA,19019,2024,BUCHANAN,19,59.9,4028.3349
IA,19023,2024,BUTLER,19,58.3,3920.7333
IA,19025,2024,CALHOUN,19,62.6,4209.9126
IA,19027,2024,CARROLL,19,67.6,4546.1676
IA,19029,2024,CASS,19,61.1,4109.0361
IA,19031,2024,CEDAR,19,66.5,4472.1915
IA,19035,2024,CHEROKEE,19,60.2,4048.5102
IA,19037,2024,CHICKASAW,19,58.4,3927.4584
IA,19041,2024,CLAY,19,49.4,3322.1994
IA,19045,2024,CLINTON,19,65.2,4384.7652
IA,19047,2024,CRAWFORD,19,62.5,4203.1875
IA,19049,2024,DALLAS,19,64.5,4337.6895
IA,19051,2024,DAVIS,19,59.1,3974.5341
IA,19053,2024,DECATUR,19,51.2,3443.2512
IA,19055,2024,DELAWARE,19,60.9,4095.5859
IA,19059,2024,DICKINSON,19,46.1,3100.2711
IA,19065,2024,FAYETTE,19,56.3,3786.2313
IA,19067,2024,FLOYD,19,55.6,3739.1556
IA,19069,2024,FRANKLIN,19,58.2,3914.0082
IA,19073,2024,GREENE,19,61.8,4156.1118
IA,19079,2024,HAMILTON,19,58.6,3940.9086
IA,19081,2024,HANCOCK,19,58.2,3914.0082
IA,19087,2024,HENRY,19,66.4,4465.4664
IA,19089,2024,HOWARD,19,55.2,3712.2552
IA,19091,2024,HUMBOLDT,19,56.7,3813.1317
IA,19093,2024,IDA,19,63.5,4270.4385
IA,19095,2024,IOWA,19,60.9,4095.5859
IA,19097,2024,JACKSON,19,64.6,4344.4146
IA,19101,2024,JEFFERSON,19,60.5,4068.6855
IA,19103,2024,JOHNSON,19,63.5,4270.4385
IA,19105,2024,JONES,19,63.8,4290.6138
IA,19107,2024,KEOKUK,19,63.1,4243.5381
IA,19111,2024,LEE,19,66.9,4499.0919
IA,19115,2024,LOUISA,19,64.4,4330.9644
IA,19123,2024,MAHASKA,19,66.7,4485.6417
IA,19125,2024,MARION,19,63.6,4277.1636
IA,19129,2024,MILLS,19,61.1,4109.0361
IA,19131,2024,MITCHELL,19,62.0,4169.562
IA,19133,2024,MONONA,19,55.2,3712.2552
IA,19135,2024,MONROE,19,56.3,3786.2313
IA,19137,2024,MONTGOMERY,19,61.6,4142.6616
IA,19139,2024,MUSCATINE,19,62.6,4209.9126
IA,19141,2024,O BRIEN,19,56.4,3792.9564
IA,19145,2024,PAGE,19,59.9,4028.3349
IA,19147,2024,PALO ALTO,19,53.7,3611.3787
IA,19151,2024,POCAHONTAS,19,58.1,3907.2831
IA,19153,2024,POLK,19,61.7,4149.3867
IA,19155,2024,POTTAWATTAMIE,19,62.2,4183.0122
IA,19157,2024,POWESHIEK,19,61.6,4142.6616
IA,19161,2024,SAC,19,64.0,4304.064
IA,19163,2024,SCOTT,19,70.1,4714.2951
IA,19165,2024,SHELBY,19,63.8,4290.6138
IA,19169,2024,STORY,19,63.2,4250.2632
IA,19173,2024,TAYLOR,19,61.6,4142.6616
IA,19177,2024,VAN BUREN,19,61.4,4129.2114
IA,19185,2024,WAYNE,19,56.6,3806.4066
IA,19187,2024,WEBSTER,19,59.8,4021.6098
IA,19189,2024,WINNEBAGO,19,53.8,3618.1038
IA,19191,2024,WINNESHIEK,19,55.0,3698.805
IA,19193,2024,WOODBURY,19,58.8,3954.3588
IA,19195,2024,WORTH,19,56.6,3806.4066
IA,19197,2024,WRIGHT,19,55.5,3732.4305
IA,19998,2024,OTHER COUNTIES,19,59.3,3987.9843
IN,18001,2014,ADAMS,18,59.3,3987.9843
IN,18003,2014,ALLEN,18,53.7,3611.3787
IN,18005,2014,BARTHOLOMEW,18,58.4,3927.4584
IN,18007,2014,BENTON,18,61.8,4156.1118
IN,18009,2014,BLACKFORD,18,46.3,3113.7213
IN,18011,2014,BOONE,18,60.2,4048.5102
IN,18015,2014,CARROLL,18,63.4,4263.7134
IN,18017,2014,CASS,18,55.8,3752.6058
IN,18019,2014,CLARK,18,53.3,3584.4783
IN,18021,2014,CLAY,18,54.8,3685.3548
IN,18023,2014,CLINTON,18,64.6,4344.4146
IN,18027,2014,DAVIESS,18,53.3,3584.4783
IN,18029,2014,DEARBORN,18,49.0,3295.299
IN,18031,2014,DECATUR,18,63.3,4256.9883
IN,18033,2014,DE KALB,18,47.1,3167.5221
IN,18035,2014,DELAWARE,18,54.9,3692.0799
IN,18037,2014,DUBOIS,18,54.8,3685.3548
IN,18039,2014,ELKHART,18,52.7,3544.1277
IN,18041,2014,FAYETTE,18,58.2,3914.0082
IN,18043,2014,FLOYD,18,46.3,3113.7213
IN,18045,2014,FOUNTAIN,18,61.4,4129.2114
IN,18047,2014,FRANKLIN,18,55.4,3725.7054
IN,18049,2014,FULTON,18,50.8,3416.3508
IN,18051,2014,GIBSON,18,54.0,3631.554
IN,18053,2014,GRANT,18,55.7,3745.8807
IN,18055,2014,GREENE,18,51.4,3456.7014
IN,18057,2014,HAMILTON,18,59.5,4001.4345
IN,18059,2014,HANCOCK,18,58.3,3920.7333
IN,18061,2014,HARRISON,18,51.8,3483.6018
IN,18063,2014,HENDRICKS,18,60.7,4082.1357
IN,18065,2014,HENRY,18,56.5,3799.6815
IN,18067,2014,HOWARD,18,60.3,4055.2353
IN,18069,2014,HUNTINGTON,18,54.0,3631.554
IN,18071,2014,JACKSON,18,50.9,3423.0759
IN,18073,2014,JASPER,18,52.4,3523.9524
IN,18075,2014,JAY,18,54.3,3651.7293
IN,18077,2014,JEFFERSON,18,47.9,3221.3229
IN,18079,2014,JENNINGS,18,50.9,3423.0759
IN,18081,2014,JOHNSON,18,60.0,4035.06
IN,18083,2014,KNOX,18,53.4,3591.2034
IN,18085,2014,KOSCIUSKO,18,50.8,3416.3508
IN,18087,2014,LAGRANGE,18,45.2,3039.7452
IN,18089,2014,LAKE,18,49.4,3322.1994
IN,18091,2014,LA PORTE,18,52.0,3497.052
IN,18093,2014,LAWRENCE,18,55.3,3718.9803
IN,18095,2014,MADISON,18,59.6,4008.1596
IN,18097,2014,MARION,18,54.6,3671.9046
IN,18099,2014,MARSHALL,18,52.7,3544.1277
IN,18101,2014,MARTIN,18,51.2,3443.2512
IN,18103,2014,MIAMI,18,53.6,3604.6536
IN,18105,2014,MONROE,18,51.4,3456.7014
IN,18107,2014,MONTGOMERY,18,62.5,4203.1875
IN,18109,2014,MORGAN,18,60.3,4055.2353
IN,18111,2014,NEWTON,18,55.6,3739.1556
IN,18113,2014,NOBLE,18,48.0,3228.048
IN,18115,2014,OHIO,18,53.8,3618.1038
IN,18117,2014,ORANGE,18,57.1,3840.0321
IN,18123,2014,PERRY,18,50.6,3402.9006
IN,18125,2014,PIKE,18,48.3,3248.2233
IN,18127,2014,PORTER,18,52.6,3537.4026
IN,18129,2014,POSEY,18,57.8,3887.1078
IN,18131,2014,PULASKI,18,47.2,3174.2472
IN,18133,2014,PUTNAM,18,57.9,3893.8329
IN,18135,2014,RANDOLPH,18,56.1,3772.7811
IN,18137,2014,RIPLEY,18,48.9,3288.5739
IN,18139,2014,RUSH,18,59.7,4014.8847
IN,18141,2014,ST. JOSEPH,18,48.5,3261.6735
IN,18143,2014,SCOTT,18,56.0,3766.056
IN,18145,2014,SHELBY,18,61.4,4129.2114
IN,18147,2014,SPENCER,18,50.9,3423.0759
IN,18149,2014,STARKE,18,42.7,2871.6177
IN,18151,2014,STEUBEN,18,43.4,2918.6934
IN,18153,2014,SULLIVAN,18,54.2,3645.0042
IN,18155,2014,SWITZERLAND,18,51.3,3449.9763
IN,18157,2014,TIPPECANOE,18,61.9,4162.8369
IN,18159,2014,TIPTON,18,62.6,4209.9126
IN,18161,2014,UNION,18,58.6,3940.9086
IN,18163,2014,VANDERBURGH,18,54.7,3678.6297
IN,18165,2014,VERMILLION,18,60.7,4082.1357
IN,18167,2014,VIGO,18,50.8,3416.3508
IN,18169,2014,WABASH,18,49.9,3355.8249
IN,18171,2014,WARREN,18,62.0,4169.562
IN,18173,2014,WARRICK,18,53.9,3624.8289
IN,18175,2014,WASHINGTON,18,54.8,3685.3548
IN,18177,2014,WAYNE,18,56.3,3786.2313
IN,18179,2014,WELLS,18,56.2,3779.5062
IN,18181,2014,WHITE,18,56.7,3813.1317
IN,18183,2014,WHITLEY,18,53.1,3571.0281
IN,18998,2014,OTHER (COMBINED) COUNTIES,18,51.25,3446.61375
IN,18001,2015,ADAMS,18,40.9,2750.5659
IN,18003,2015,ALLEN,18,42.7,2871.6177
IN,18005,2015,BARTHOLOMEW,18,52.5,3530.6775
IN,18007,2015,BENTON,18,56.9,3826.5819
IN,18009,2015,BLACKFORD,18,45.1,3033.0201
IN,18011,2015,BOONE,18,49.9,3355.8249
IN,18015,2015,CARROLL,18,54.2,3645.0042
IN,18017,2015,CASS,18,51.1,3436.5261
IN,18019,2015,CLARK,18,44.6,2999.3946
IN,18021,2015,CLAY,18,50.4,3389.4504
IN,18023,2015,CLINTON,18,53.2,3577.7532
IN,18027,2015,DAVIESS,18,53.4,3591.2034
IN,18029,2015,DEARBORN,18,48.2,3241.4982
IN,18031,2015,DECATUR,18,57.4,3860.2074
IN,18033,2015,DE KALB,18,44.0,2959.044
IN,18035,2015,DELAWARE,18,48.0,3228.048
IN,18037,2015,DUBOIS,18,54.4,3658.4544
IN,18039,2015,ELKHART,18,51.1,3436.5261
IN,18041,2015,FAYETTE,18,56.2,3779.5062
IN,18043,2015,FLOYD,18,38.5,2589.1635
IN,18045,2015,FOUNTAIN,18,53.4,3591.2034
IN,18047,2015,FRANKLIN,18,55.9,3759.3309
IN,18049,2015,FULTON,18,45.2,3039.7452
IN,18051,2015,GIBSON,18,55.2,3712.2552
IN,18053,2015,GRANT,18,44.8,3012.8448
IN,18055,2015,GREENE,18,48.6,3268.3986
IN,18057,2015,HAMILTON,18,50.1,3369.2751
IN,18059,2015,HANCOCK,18,48.2,3241.4982
IN,18061,2015,HARRISON,18,49.1,3302.0241
IN,18063,2015,HENDRICKS,18,52.0,3497.052
IN,18065,2015,HENRY,18,53.3,3584.4783
IN,18067,2015,HOWARD,18,51.9,3490.3269
IN,18069,2015,HUNTINGTON,18,46.5,3127.1715
IN,18071,2015,JACKSON,18,46.1,3100.2711
IN,18073,2015,JASPER,18,40.4,2716.9404
IN,18075,2015,JAY,18,43.7,2938.8687
IN,18077,2015,JEFFERSON,18,41.0,2757.291
IN,18079,2015,JENNINGS,18,48.7,3275.1237
IN,18081,2015,JOHNSON,18,53.0,3564.303
IN,18083,2015,KNOX,18,47.8,3214.5978
IN,18085,2015,KOSCIUSKO,18,51.5,3463.4265
IN,18087,2015,LAGRANGE,18,51.6,3470.1516
IN,18089,2015,LAKE,18,47.6,3201.1476
IN,18091,2015,LA PORTE,18,53.1,3571.0281
IN,18093,2015,LAWRENCE,18,48.9,3288.5739
IN,18095,2015,MADISON,18,49.1,3302.0241
IN,18097,2015,MARION,18,53.0,3564.303
IN,18099,2015,MARSHALL,18,47.3,3180.9723
IN,18103,2015,MIAMI,18,48.5,3261.6735
IN,18105,2015,MONROE,18,48.6,3268.3986
IN,18107,2015,MONTGOMERY,18,53.7,3611.3787
IN,18109,2015,MORGAN,18,49.7,3342.3747
IN,18111,2015,NEWTON,18,50.2,3376.0002
IN,18113,2015,NOBLE,18,50.2,3376.0002
IN,18115,2015,OHIO,18,47.9,3221.3229
IN,18117,2015,ORANGE,18,53.3,3584.4783
IN,18119,2015,OWEN,18,45.1,3033.0201
IN,18121,2015,PARKE,18,51.1,3436.5261
IN,18127,2015,PORTER,18,54.5,3665.1795
IN,18129,2015,POSEY,18,57.3,3853.4823
IN,18131,2015,PULASKI,18,43.8,2945.5938
IN,18133,2015,PUTNAM,18,55.1,3705.5301
IN,18135,2015,RANDOLPH,18,49.1,3302.0241
IN,18137,2015,RIPLEY,18,45.4,3053.1954
IN,18139,2015,RUSH,18,55.9,3759.3309
IN,18141,2015,ST. JOSEPH,18,45.9,3086.8209
IN,18143,2015,SCOTT,18,43.8,2945.5938
IN,18145,2015,SHELBY,18,53.2,3577.7532
IN,18147,2015,SPENCER,18,53.2,3577.7532
IN,18149,2015,STARKE,18,46.9,3154.0719
IN,18151,2015,STEUBEN,18,48.9,3288.5739
IN,18153,2015,SULLIVAN,18,49.2,3308.7492
IN,18155,2015,SWITZERLAND,18,52.4,3523.9524
IN,18157,2015,TIPPECANOE,18,50.1,3369.2751
IN,18159,2015,TIPTON,18,54.9,3692.0799
IN,18161,2015,UNION,18,55.6,3739.1556
IN,18163,2015,VANDERBURGH,18,53.5,3597.9285
IN,18165,2015,VERMILLION,18,54.5,3665.1795
IN,18167,2015,VIGO,18,49.2,3308.7492
IN,18169,2015,WABASH,18,48.4,3254.9484
IN,18171,2015,WARREN,18,58.5,3934.1835
IN,18173,2015,WARRICK,18,50.3,3382.7253
IN,18175,2015,WASHINGTON,18,46.9,3154.0719
IN,18177,2015,WAYNE,18,54.6,3671.9046
IN,18179,2015,WELLS,18,41.5,2790.9165
IN,18181,2015,WHITE,18,51.3,3449.9763
IN,18183,2015,WHITLEY,18,43.8,2945.5938
IN,18998,2015,OTHER (COMBINED) COUNTIES,18,51.05,3433.16355
IN,18001,2016,ADAMS,18,58.7,3947.6337
IN,18003,2016,ALLEN,18,54.8,3685.3548
IN,18005,2016,BARTHOLOMEW,18,54.8,3685.3548
IN,18007,2016,BENTON,18,61.9,4162.8369
IN,18009,2016,BLACKFORD,18,63.5,4270.4385
IN,18011,2016,BOONE,18,62.2,4183.0122
IN,18013,2016,BROWN,18,51.7,3476.8767
IN,18015,2016,CARROLL,18,65.1,4378.0401
IN,18017,2016,CASS,18,60.0,4035.06
IN,18019,2016,CLARK,18,45.0,3026.295
IN,18023,2016,CLINTON,18,65.6,4411.6656
IN,18027,2016,DAVIESS,18,55.4,3725.7054
IN,18031,2016,DECATUR,18,61.1,4109.0361
IN,18033,2016,DE KALB,18,49.2,3308.7492
IN,18035,2016,DELAWARE,18,59.4,3994.7094
IN,18037,2016,DUBOIS,18,53.2,3577.7532
IN,18039,2016,ELKHART,18,54.2,3645.0042
IN,18041,2016,FAYETTE,18,57.8,3887.1078
IN,18045,2016,FOUNTAIN,18,59.4,3994.7094
IN,18047,2016,FRANKLIN,18,56.7,3813.1317
IN,18049,2016,FULTON,18,56.3,3786.2313
IN,18051,2016,GIBSON,18,55.3,3718.9803
IN,18053,2016,GRANT,18,59.3,3987.9843
IN,18055,2016,GREENE,18,50.8,3416.3508
IN,18057,2016,HAMILTON,18,60.0,4035.06
IN,18059,2016,HANCOCK,18,56.4,3792.9564
IN,18061,2016,HARRISON,18,48.1,3234.7731
IN,18063,2016,HENDRICKS,18,61.7,4149.3867
IN,18065,2016,HENRY,18,60.8,4088.8608
IN,18067,2016,HOWARD,18,62.8,4223.3628
IN,18069,2016,HUNTINGTON,18,57.6,3873.6576
IN,18071,2016,JACKSON,18,55.0,3698.805
IN,18073,2016,JASPER,18,54.7,3678.6297
IN,18075,2016,JAY,18,58.9,3961.0839
IN,18077,2016,JEFFERSON,18,43.8,2945.5938
IN,18079,2016,JENNINGS,18,51.9,3490.3269
IN,18083,2016,KNOX,18,56.6,3806.4066
IN,18085,2016,KOSCIUSKO,18,53.3,3584.4783
IN,18087,2016,LAGRANGE,18,54.9,3692.0799
IN,18089,2016,LAKE,18,54.8,3685.3548
IN,18091,2016,LA PORTE,18,56.0,3766.056
IN,18093,2016,LAWRENCE,18,47.5,3194.4225
IN,18095,2016,MADISON,18,62.0,4169.562
IN,18099,2016,MARSHALL,18,54.4,3658.4544
IN,18101,2016,MARTIN,18,55.3,3718.9803
IN,18103,2016,MIAMI,18,55.8,3752.6058
IN,18105,2016,MONROE,18,52.2,3510.5022
IN,18107,2016,MONTGOMERY,18,64.0,4304.064
IN,18109,2016,MORGAN,18,54.4,3658.4544
IN,18111,2016,NEWTON,18,61.5,4135.9365
IN,18113,2016,NOBLE,18,54.0,3631.554
IN,18115,2016,OHIO,18,56.1,3772.7811
IN,18117,2016,ORANGE,18,55.0,3698.805
IN,18119,2016,OWEN,18,48.9,3288.5739
IN,18121,2016,PARKE,18,60.6,4075.4106
IN,18125,2016,PIKE,18,51.0,3429.801
IN,18127,2016,PORTER,18,57.1,3840.0321
IN,18129,2016,POSEY,18,53.9,3624.8289
IN,18131,2016,PULASKI,18,50.1,3369.2751
IN,18133,2016,PUTNAM,18,58.8,3954.3588
IN,18135,2016,RANDOLPH,18,58.5,3934.1835
IN,18137,2016,RIPLEY,18,52.1,3503.7771
IN,18139,2016,RUSH,18,62.2,4183.0122
IN,18141,2016,ST. JOSEPH,18,53.4,3591.2034
IN,18145,2016,SHELBY,18,61.9,4162.8369
IN,18147,2016,SPENCER,18,52.4,3523.9524
IN,18149,2016,STARKE,18,50.4,3389.4504
IN,18151,2016,STEUBEN,18,50.4,3389.4504
IN,18153,2016,SULLIVAN,18,52.9,3557.5779
IN,18155,2016,SWITZERLAND,18,52.1,3503.7771
IN,18159,2016,TIPTON,18,66.8,4492.3668
IN,18161,2016,UNION,18,60.0,4035.06
IN,18163,2016,VANDERBURGH,18,57.9,3893.8329
IN,18165,2016,VERMILLION,18,62.8,4223.3628
IN,18169,2016,WABASH,18,57.4,3860.2074
IN,18171,2016,WARREN,18,64.5,4337.6895
IN,18173,2016,WARRICK,18,50.2,3376.0002
IN,18175,2016,WASHINGTON,18,52.5,3530.6775
IN,18177,2016,WAYNE,18,58.7,3947.6337
IN,18179,2016,WELLS,18,61.8,4156.1118
IN,18181,2016,WHITE,18,61.1,4109.0361
IN,18183,2016,WHITLEY,18,58.0,3900.558
IN,18998,2016,OTHER (COMBINED) COUNTIES,18,54.65,3675.2671499999997
IN,18001,2017,ADAMS,18,51.1,3436.5261
IN,18003,2017,ALLEN,18,49.9,3355.8249
IN,18005,2017,BARTHOLOMEW,18,54.2,3645.0042
IN,18007,2017,BENTON,18,59.7,4014.8847
IN,18009,2017,BLACKFORD,18,54.7,3678.6297
IN,18011,2017,BOONE,18,54.5,3665.1795
IN,18013,2017,BROWN,18,49.8,3349.0998
IN,18015,2017,CARROLL,18,58.5,3934.1835
IN,18017,2017,CASS,18,53.5,3597.9285
IN,18019,2017,CLARK,18,47.8,3214.5978
IN,18021,2017,CLAY,18,55.6,3739.1556
IN,18023,2017,CLINTON,18,58.0,3900.558
IN,18027,2017,DAVIESS,18,58.3,3920.7333
IN,18029,2017,DEARBORN,18,47.9,3221.3229
IN,18031,2017,DECATUR,18,59.5,4001.4345
IN,18033,2017,DE KALB,18,48.2,3241.4982
IN,18035,2017,DELAWARE,18,50.8,3416.3508
IN,18037,2017,DUBOIS,18,63.6,4277.1636
IN,18039,2017,ELKHART,18,54.9,3692.0799
IN,18041,2017,FAYETTE,18,52.1,3503.7771
IN,18043,2017,FLOYD,18,50.3,3382.7253
IN,18045,2017,FOUNTAIN,18,56.5,3799.6815
IN,18047,2017,FRANKLIN,18,53.3,3584.4783
IN,18049,2017,FULTON,18,55.8,3752.6058
IN,18051,2017,GIBSON,18,58.5,3934.1835
IN,18053,2017,GRANT,18,52.9,3557.5779
IN,18055,2017,GREENE,18,46.3,3113.7213
IN,18057,2017,HAMILTON,18,58.5,3934.1835
IN,18059,2017,HANCOCK,18,48.9,3288.5739
IN,18061,2017,HARRISON,18,50.5,3396.1755
IN,18063,2017,HENDRICKS,18,53.7,3611.3787
IN,18065,2017,HENRY,18,49.2,3308.7492
IN,18067,2017,HOWARD,18,54.8,3685.3548
IN,18069,2017,HUNTINGTON,18,51.4,3456.7014
IN,18071,2017,JACKSON,18,50.5,3396.1755
IN,18073,2017,JASPER,18,52.6,3537.4026
IN,18075,2017,JAY,18,50.0,3362.55
IN,18077,2017,JEFFERSON,18,45.0,3026.295
IN,18079,2017,JENNINGS,18,52.3,3517.2273
IN,18081,2017,JOHNSON,18,59.1,3974.5341
IN,18083,2017,KNOX,18,56.6,3806.4066
IN,18085,2017,KOSCIUSKO,18,51.1,3436.5261
IN,18087,2017,LAGRANGE,18,50.2,3376.0002
IN,18089,2017,LAKE,18,50.5,3396.1755
IN,18091,2017,LA PORTE,18,50.8,3416.3508
IN,18093,2017,LAWRENCE,18,46.9,3154.0719
IN,18095,2017,MADISON,18,50.2,3376.0002
IN,18097,2017,MARION,18,44.0,2959.044
IN,18099,2017,MARSHALL,18,52.0,3497.052
IN,18103,2017,MIAMI,18,48.9,3288.5739
IN,18105,2017,MONROE,18,45.8,3080.0958
IN,18107,2017,MONTGOMERY,18,62.2,4183.0122
IN,18109,2017,MORGAN,18,49.0,3295.299
IN,18111,2017,NEWTON,18,54.4,3658.4544
IN,18113,2017,NOBLE,18,49.7,3342.3747
IN,18115,2017,OHIO,18,52.0,3497.052
IN,18117,2017,ORANGE,18,63.2,4250.2632
IN,18119,2017,OWEN,18,44.8,3012.8448
IN,18121,2017,PARKE,18,55.8,3752.6058
IN,18127,2017,PORTER,18,53.0,3564.303
IN,18129,2017,POSEY,18,56.6,3806.4066
IN,18131,2017,PULASKI,18,51.0,3429.801
IN,18133,2017,PUTNAM,18,55.5,3732.4305
IN,18135,2017,RANDOLPH,18,51.6,3470.1516
IN,18137,2017,RIPLEY,18,57.4,3860.2074
IN,18139,2017,RUSH,18,56.5,3799.6815
IN,18141,2017,ST. JOSEPH,18,49.4,3322.1994
IN,18143,2017,SCOTT,18,50.6,3402.9006
IN,18145,2017,SHELBY,18,57.6,3873.6576
IN,18147,2017,SPENCER,18,59.0,3967.809
IN,18149,2017,STARKE,18,48.9,3288.5739
IN,18151,2017,STEUBEN,18,48.2,3241.4982
IN,18153,2017,SULLIVAN,18,53.7,3611.3787
IN,18155,2017,SWITZERLAND,18,48.5,3261.6735
IN,18157,2017,TIPPECANOE,18,56.1,3772.7811
IN,18159,2017,TIPTON,18,61.3,4122.4863
IN,18161,2017,UNION,18,59.5,4001.4345
IN,18163,2017,VANDERBURGH,18,62.9,4230.0879
IN,18165,2017,VERMILLION,18,54.2,3645.0042
IN,18167,2017,VIGO,18,55.2,3712.2552
IN,18169,2017,WABASH,18,49.5,3328.9245
IN,18171,2017,WARREN,18,64.9,4364.5899
IN,18173,2017,WARRICK,18,60.9,4095.5859
IN,18175,2017,WASHINGTON,18,51.1,3436.5261
IN,18177,2017,WAYNE,18,55.4,3725.7054
IN,18179,2017,WELLS,18,50.9,3423.0759
IN,18181,2017,WHITE,18,58.8,3954.3588
IN,18183,2017,WHITLEY,18,51.7,3476.8767
IN,18998,2017,OTHER (COMBINED) COUNTIES,18,51.5,3463.4265
IN,18001,2018,ADAMS,18,60.3,4055.2353
IN,18003,2018,ALLEN,18,58.2,3914.0082
IN,18005,2018,BARTHOLOMEW,18,55.5,3732.4305
IN,18007,2018,BENTON,18,66.5,4472.1915
IN,18009,2018,BLACKFORD,18,57.4,3860.2074
IN,18011,2018,BOONE,18,61.2,4115.7612
IN,18015,2018,CARROLL,18,63.9,4297.3389
IN,18017,2018,CASS,18,61.8,4156.1118
IN,18019,2018,CLARK,18,49.8,3349.0998
IN,18021,2018,CLAY,18,52.8,3550.8528
IN,18023,2018,CLINTON,18,65.2,4384.7652
IN,18025,2018,CRAWFORD,18,47.9,3221.3229
IN,18027,2018,DAVIESS,18,54.3,3651.7293
IN,18029,2018,DEARBORN,18,54.1,3638.2791
IN,18031,2018,DECATUR,18,62.9,4230.0879
IN,18033,2018,DE KALB,18,49.3,3315.4743
IN,18035,2018,DELAWARE,18,57.0,3833.307
IN,18037,2018,DUBOIS,18,59.0,3967.809
IN,18039,2018,ELKHART,18,57.6,3873.6576
IN,18041,2018,FAYETTE,18,57.0,3833.307
IN,18047,2018,FRANKLIN,18,59.0,3967.809
IN,18049,2018,FULTON,18,57.5,3866.9325
IN,18051,2018,GIBSON,18,56.3,3786.2313
IN,18053,2018,GRANT,18,59.4,3994.7094
IN,18055,2018,GREENE,18,53.2,3577.7532
IN,18057,2018,HAMILTON,18,62.8,4223.3628
IN,18059,2018,HANCOCK,18,57.1,3840.0321
IN,18061,2018,HARRISON,18,51.6,3470.1516
IN,18063,2018,HENDRICKS,18,60.2,4048.5102
IN,18065,2018,HENRY,18,56.9,3826.5819
IN,18067,2018,HOWARD,18,62.5,4203.1875
IN,18069,2018,HUNTINGTON,18,58.5,3934.1835
IN,18071,2018,JACKSON,18,51.2,3443.2512
IN,18073,2018,JASPER,18,56.9,3826.5819
IN,18075,2018,JAY,18,59.5,4001.4345
IN,18077,2018,JEFFERSON,18,48.3,3248.2233
IN,18079,2018,JENNINGS,18,55.0,3698.805
IN,18083,2018,KNOX,18,52.5,3530.6775
IN,18085,2018,KOSCIUSKO,18,60.6,4075.4106
IN,18087,2018,LAGRANGE,18,52.9,3557.5779
IN,18089,2018,LAKE,18,55.7,3745.8807
IN,18091,2018,LA PORTE,18,58.3,3920.7333
IN,18093,2018,LAWRENCE,18,52.5,3530.6775
IN,18095,2018,MADISON,18,60.5,4068.6855
IN,18099,2018,MARSHALL,18,53.3,3584.4783
IN,18103,2018,MIAMI,18,55.0,3698.805
IN,18105,2018,MONROE,18,44.7,3006.1197
IN,18107,2018,MONTGOMERY,18,63.8,4290.6138
IN,18109,2018,MORGAN,18,56.9,3826.5819
IN,18111,2018,NEWTON,18,59.0,3967.809
IN,18113,2018,NOBLE,18,51.6,3470.1516
IN,18115,2018,OHIO,18,50.0,3362.55
IN,18117,2018,ORANGE,18,55.8,3752.6058
IN,18121,2018,PARKE,18,56.5,3799.6815
IN,18123,2018,PERRY,18,45.0,3026.295
IN,18127,2018,PORTER,18,59.7,4014.8847
IN,18129,2018,POSEY,18,54.4,3658.4544
IN,18131,2018,PULASKI,18,54.5,3665.1795
IN,18133,2018,PUTNAM,18,57.4,3860.2074
IN,18135,2018,RANDOLPH,18,58.2,3914.0082
IN,18137,2018,RIPLEY,18,51.1,3436.5261
IN,18139,2018,RUSH,18,57.9,3893.8329
IN,18141,2018,ST. JOSEPH,18,54.4,3658.4544
IN,18143,2018,SCOTT,18,49.6,3335.6496
IN,18145,2018,SHELBY,18,56.0,3766.056
IN,18147,2018,SPENCER,18,51.1,3436.5261
IN,18149,2018,STARKE,18,53.8,3618.1038
IN,18151,2018,STEUBEN,18,46.9,3154.0719
IN,18153,2018,SULLIVAN,18,55.5,3732.4305
IN,18155,2018,SWITZERLAND,18,47.6,3201.1476
IN,18157,2018,TIPPECANOE,18,63.2,4250.2632
IN,18161,2018,UNION,18,59.8,4021.6098
IN,18163,2018,VANDERBURGH,18,55.5,3732.4305
IN,18165,2018,VERMILLION,18,60.3,4055.2353
IN,18167,2018,VIGO,18,51.5,3463.4265
IN,18169,2018,WABASH,18,59.2,3981.2592
IN,18171,2018,WARREN,18,66.5,4472.1915
IN,18173,2018,WARRICK,18,49.8,3349.0998
IN,18175,2018,WASHINGTON,18,52.3,3517.2273
IN,18177,2018,WAYNE,18,59.2,3981.2592
IN,18179,2018,WELLS,18,61.0,4102.311
IN,18181,2018,WHITE,18,60.4,4061.9604
IN,18183,2018,WHITLEY,18,54.7,3678.6297
IN,18998,2018,OTHER (COMBINED) COUNTIES,18,54.575,3670.223325
IN,18001,2019,ADAMS,18,50.8,3416.3508
IN,18003,2019,ALLEN,18,52.3,3517.2273
IN,18007,2019,BENTON,18,54.5,3665.1795
IN,18009,2019,BLACKFORD,18,53.8,3618.1038
IN,18011,2019,BOONE,18,52.4,3523.9524
IN,18015,2019,CARROLL,18,58.7,3947.6337
IN,18019,2019,CLARK,18,40.6,2730.3906
IN,18021,2019,CLAY,18,48.4,3254.9484
IN,18025,2019,CRAWFORD,18,46.3,3113.7213
IN,18027,2019,DAVIESS,18,53.5,3597.9285
IN,18029,2019,DEARBORN,18,30.9,2078.0559
IN,18031,2019,DECATUR,18,53.9,3624.8289
IN,18033,2019,DE KALB,18,52.4,3523.9524
IN,18035,2019,DELAWARE,18,48.8,3281.8488
IN,18037,2019,DUBOIS,18,51.4,3456.7014
IN,18039,2019,ELKHART,18,48.3,3248.2233
IN,18041,2019,FAYETTE,18,51.5,3463.4265
IN,18043,2019,FLOYD,18,37.1,2495.0121
IN,18047,2019,FRANKLIN,18,41.6,2797.6416
IN,18049,2019,FULTON,18,51.4,3456.7014
IN,18051,2019,GIBSON,18,55.0,3698.805
IN,18057,2019,HAMILTON,18,48.8,3281.8488
IN,18059,2019,HANCOCK,18,42.3,2844.7173
IN,18061,2019,HARRISON,18,43.6,2932.1436
IN,18063,2019,HENDRICKS,18,53.1,3571.0281
IN,18065,2019,HENRY,18,45.8,3080.0958
IN,18067,2019,HOWARD,18,55.4,3725.7054
IN,18069,2019,HUNTINGTON,18,54.3,3651.7293
IN,18075,2019,JAY,18,49.3,3315.4743
IN,18077,2019,JEFFERSON,18,32.1,2158.7571
IN,18079,2019,JENNINGS,18,45.7,3073.3707
IN,18081,2019,JOHNSON,18,53.6,3604.6536
IN,18085,2019,KOSCIUSKO,18,49.0,3295.299
IN,18087,2019,LAGRANGE,18,47.5,3194.4225
IN,18089,2019,LAKE,18,48.3,3248.2233
IN,18091,2019,LA PORTE,18,50.1,3369.2751
IN,18095,2019,MADISON,18,47.6,3201.1476
IN,18097,2019,MARION,18,47.6,3201.1476
IN,18101,2019,MARTIN,18,43.8,2945.5938
IN,18103,2019,MIAMI,18,49.1,3302.0241
IN,18107,2019,MONTGOMERY,18,58.5,3934.1835
IN,18111,2019,NEWTON,18,52.0,3497.052
IN,18113,2019,NOBLE,18,54.3,3651.7293
IN,18115,2019,OHIO,18,30.8,2071.3308
IN,18117,2019,ORANGE,18,56.6,3806.4066
IN,18121,2019,PARKE,18,52.3,3517.2273
IN,18123,2019,PERRY,18,47.2,3174.2472
IN,18125,2019,PIKE,18,51.8,3483.6018
IN,18127,2019,PORTER,18,52.1,3503.7771
IN,18129,2019,POSEY,18,56.3,3786.2313
IN,18131,2019,PULASKI,18,44.3,2979.2193
IN,18133,2019,PUTNAM,18,58.8,3954.3588
IN,18135,2019,RANDOLPH,18,50.9,3423.0759
IN,18137,2019,RIPLEY,18,42.2,2837.9922
IN,18139,2019,RUSH,18,56.9,3826.5819
IN,18141,2019,ST. JOSEPH,18,47.3,3180.9723
IN,18145,2019,SHELBY,18,51.8,3483.6018
IN,18147,2019,SPENCER,18,53.3,3584.4783
IN,18153,2019,SULLIVAN,18,50.4,3389.4504
IN,18157,2019,TIPPECANOE,18,54.7,3678.6297
IN,18159,2019,TIPTON,18,56.4,3792.9564
IN,18161,2019,UNION,18,51.0,3429.801
IN,18163,2019,VANDERBURGH,18,60.9,4095.5859
IN,18165,2019,VERMILLION,18,51.4,3456.7014
IN,18167,2019,VIGO,18,49.3,3315.4743
IN,18169,2019,WABASH,18,53.1,3571.0281
IN,18171,2019,WARREN,18,60.7,4082.1357
IN,18173,2019,WARRICK,18,53.6,3604.6536
IN,18175,2019,WASHINGTON,18,44.1,2965.7691
IN,18177,2019,WAYNE,18,50.1,3369.2751
IN,18181,2019,WHITE,18,52.8,3550.8528
IN,18183,2019,WHITLEY,18,53.2,3577.7532
IN,18998,2019,OTHER (COMBINED) COUNTIES,18,46.85,3150.70935
IN,18001,2020,ADAMS,18,57.6,3873.6576
IN,18003,2020,ALLEN,18,53.8,3618.1038
IN,18005,2020,BARTHOLOMEW,18,59.9,4028.3349
IN,18007,2020,BENTON,18,64.1,4310.7891
IN,18011,2020,BOONE,18,65.0,4371.315
IN,18015,2020,CARROLL,18,67.9,4566.3429
IN,18017,2020,CASS,18,59.4,3994.7094
IN,18019,2020,CLARK,18,54.4,3658.4544
IN,18021,2020,CLAY,18,56.4,3792.9564
IN,18023,2020,CLINTON,18,67.4,4532.7174
IN,18025,2020,CRAWFORD,18,53.4,3591.2034
IN,18027,2020,DAVIESS,18,60.9,4095.5859
IN,18029,2020,DEARBORN,18,51.4,3456.7014
IN,18031,2020,DECATUR,18,68.4,4599.9684
IN,18033,2020,DE KALB,18,45.6,3066.6456
IN,18035,2020,DELAWARE,18,59.3,3987.9843
IN,18037,2020,DUBOIS,18,61.7,4149.3867
IN,18039,2020,ELKHART,18,55.7,3745.8807
IN,18041,2020,FAYETTE,18,60.6,4075.4106
IN,18043,2020,FLOYD,18,54.8,3685.3548
IN,18045,2020,FOUNTAIN,18,64.4,4330.9644
IN,18047,2020,FRANKLIN,18,56.5,3799.6815
IN,18049,2020,FULTON,18,54.3,3651.7293
IN,18051,2020,GIBSON,18,62.1,4176.2871
IN,18053,2020,GRANT,18,59.9,4028.3349
IN,18055,2020,GREENE,18,55.2,3712.2552
IN,18057,2020,HAMILTON,18,65.2,4384.7652
IN,18059,2020,HANCOCK,18,59.3,3987.9843
IN,18061,2020,HARRISON,18,59.3,3987.9843
IN,18063,2020,HENDRICKS,18,64.4,4330.9644
IN,18065,2020,HENRY,18,61.5,4135.9365
IN,18067,2020,HOWARD,18,66.0,4438.566
IN,18069,2020,HUNTINGTON,18,57.9,3893.8329
IN,18071,2020,JACKSON,18,58.9,3961.0839
IN,18073,2020,JASPER,18,55.1,3705.5301
IN,18075,2020,JAY,18,55.7,3745.8807
IN,18077,2020,JEFFERSON,18,50.3,3382.7253
IN,18079,2020,JENNINGS,18,57.7,3880.3827
IN,18081,2020,JOHNSON,18,60.9,4095.5859
IN,18083,2020,KNOX,18,62.5,4203.1875
IN,18085,2020,KOSCIUSKO,18,52.1,3503.7771
IN,18087,2020,LAGRANGE,18,52.7,3544.1277
IN,18089,2020,LAKE,18,52.0,3497.052
IN,18091,2020,LA PORTE,18,49.7,3342.3747
IN,18093,2020,LAWRENCE,18,54.7,3678.6297
IN,18095,2020,MADISON,18,64.5,4337.6895
IN,18099,2020,MARSHALL,18,50.0,3362.55
IN,18101,2020,MARTIN,18,60.6,4075.4106
IN,18103,2020,MIAMI,18,54.5,3665.1795
IN,18105,2020,MONROE,18,51.3,3449.9763
IN,18107,2020,MONTGOMERY,18,63.0,4236.813
IN,18109,2020,MORGAN,18,61.3,4122.4863
IN,18111,2020,NEWTON,18,60.8,4088.8608
IN,18113,2020,NOBLE,18,52.2,3510.5022
IN,18115,2020,OHIO,18,52.7,3544.1277
IN,18117,2020,ORANGE,18,64.9,4364.5899
IN,18119,2020,OWEN,18,54.0,3631.554
IN,18121,2020,PARKE,18,61.7,4149.3867
IN,18123,2020,PERRY,18,57.0,3833.307
IN,18125,2020,PIKE,18,56.7,3813.1317
IN,18127,2020,PORTER,18,50.5,3396.1755
IN,18129,2020,POSEY,18,66.5,4472.1915
IN,18131,2020,PULASKI,18,49.9,3355.8249
IN,18133,2020,PUTNAM,18,61.0,4102.311
IN,18135,2020,RANDOLPH,18,62.5,4203.1875
IN,18137,2020,RIPLEY,18,53.9,3624.8289
IN,18139,2020,RUSH,18,63.2,4250.2632
IN,18141,2020,ST. JOSEPH,18,50.4,3389.4504
IN,18145,2020,SHELBY,18,61.8,4156.1118
IN,18147,2020,SPENCER,18,58.5,3934.1835
IN,18149,2020,STARKE,18,46.9,3154.0719
IN,18151,2020,STEUBEN,18,44.7,3006.1197
IN,18153,2020,SULLIVAN,18,55.6,3739.1556
IN,18155,2020,SWITZERLAND,18,57.4,3860.2074
IN,18157,2020,TIPPECANOE,18,66.6,4478.9166
IN,18159,2020,TIPTON,18,69.8,4694.1198
IN,18161,2020,UNION,18,65.5,4404.9405
IN,18163,2020,VANDERBURGH,18,69.4,4667.2194
IN,18165,2020,VERMILLION,18,57.1,3840.0321
IN,18167,2020,VIGO,18,50.6,3402.9006
IN,18169,2020,WABASH,18,51.5,3463.4265
IN,18171,2020,WARREN,18,67.5,4539.4425
IN,18173,2020,WARRICK,18,59.4,3994.7094
IN,18175,2020,WASHINGTON,18,56.7,3813.1317
IN,18177,2020,WAYNE,18,61.7,4149.3867
IN,18179,2020,WELLS,18,58.7,3947.6337
IN,18181,2020,WHITE,18,59.3,3987.9843
IN,18183,2020,WHITLEY,18,51.3,3449.9763
IN,18998,2020,OTHER COUNTIES,18,58.1,3907.2831
IN,18003,2021,ALLEN,18,59.5,4001.4345
IN,18007,2021,BENTON,18,60.5,4068.6855
IN,18009,2021,BLACKFORD,18,62.4,4196.4624
IN,18011,2021,BOONE,18,62.7,4216.6377
IN,18013,2021,BROWN,18,54.4,3658.4544
IN,18019,2021,CLARK,18,50.6,3402.9006
IN,18021,2021,CLAY,18,58.7,3947.6337
IN,18023,2021,CLINTON,18,61.5,4135.9365
IN,18027,2021,DAVIESS,18,68.2,4586.5182
IN,18029,2021,DEARBORN,18,47.5,3194.4225
IN,18031,2021,DECATUR,18,61.6,4142.6616
IN,18033,2021,DE KALB,18,55.6,3739.1556
IN,18035,2021,DELAWARE,18,60.8,4088.8608
IN,18037,2021,DUBOIS,18,63.6,4277.1636
IN,18039,2021,ELKHART,18,58.0,3900.558
IN,18041,2021,FAYETTE,18,58.0,3900.558
IN,18047,2021,FRANKLIN,18,53.5,3597.9285
IN,18049,2021,FULTON,18,56.3,3786.2313
IN,18051,2021,GIBSON,18,64.7,4351.1397
IN,18053,2021,GRANT,18,62.1,4176.2871
IN,18055,2021,GREENE,18,61.4,4129.2114
IN,18057,2021,HAMILTON,18,61.6,4142.6616
IN,18059,2021,HANCOCK,18,57.5,3866.9325
IN,18061,2021,HARRISON,18,55.0,3698.805
IN,18063,2021,HENDRICKS,18,62.2,4183.0122
IN,18065,2021,HENRY,18,61.4,4129.2114
IN,18067,2021,HOWARD,18,66.4,4465.4664
IN,18069,2021,HUNTINGTON,18,62.6,4209.9126
IN,18073,2021,JASPER,18,58.2,3914.0082
IN,18077,2021,JEFFERSON,18,49.8,3349.0998
IN,18079,2021,JENNINGS,18,52.9,3557.5779
IN,18081,2021,JOHNSON,18,58.0,3900.558
IN,18083,2021,KNOX,18,67.2,4519.2672
IN,18085,2021,KOSCIUSKO,18,56.8,3819.8568
IN,18087,2021,LAGRANGE,18,58.5,3934.1835
IN,18091,2021,LA PORTE,18,55.0,3698.805
IN,18093,2021,LAWRENCE,18,52.0,3497.052
IN,18095,2021,MADISON,18,65.4,4398.2154
IN,18097,2021,MARION,18,47.0,3160.797
IN,18099,2021,MARSHALL,18,57.8,3887.1078
IN,18101,2021,MARTIN,18,65.0,4371.315
IN,18105,2021,MONROE,18,48.9,3288.5739
IN,18107,2021,MONTGOMERY,18,65.0,4371.315
IN,18109,2021,MORGAN,18,60.0,4035.06
IN,18111,2021,NEWTON,18,55.3,3718.9803
IN,18113,2021,NOBLE,18,57.0,3833.307
IN,18115,2021,OHIO,18,42.2,2837.9922
IN,18117,2021,ORANGE,18,65.1,4378.0401
IN,18119,2021,OWEN,18,55.4,3725.7054
IN,18121,2021,PARKE,18,58.9,3961.0839
IN,18127,2021,PORTER,18,60.5,4068.6855
IN,18133,2021,PUTNAM,18,58.8,3954.3588
IN,18135,2021,RANDOLPH,18,62.2,4183.0122
IN,18137,2021,RIPLEY,18,52.3,3517.2273
IN,18139,2021,RUSH,18,60.4,4061.9604
IN,18141,2021,ST. JOSEPH,18,55.5,3732.4305
IN,18143,2021,SCOTT,18,49.1,3302.0241
IN,18145,2021,SHELBY,18,56.8,3819.8568
IN,18147,2021,SPENCER,18,60.0,4035.06
IN,18151,2021,STEUBEN,18,55.9,3759.3309
IN,18153,2021,SULLIVAN,18,61.9,4162.8369
IN,18155,2021,SWITZERLAND,18,49.0,3295.299
IN,18157,2021,TIPPECANOE,18,58.8,3954.3588
IN,18159,2021,TIPTON,18,69.2,4653.7692
IN,18161,2021,UNION,18,60.6,4075.4106
IN,18163,2021,VANDERBURGH,18,73.3,4929.4983
IN,18165,2021,VERMILLION,18,64.4,4330.9644
IN,18167,2021,VIGO,18,58.4,3927.4584
IN,18169,2021,WABASH,18,55.7,3745.8807
IN,18171,2021,WARREN,18,63.4,4263.7134
IN,18177,2021,WAYNE,18,60.4,4061.9604
IN,18179,2021,WELLS,18,66.0,4438.566
IN,18183,2021,WHITLEY,18,61.7,4149.3867
IN,18998,2021,OTHER COUNTIES,18,59.3,3987.9843
IN,18001,2022,ADAMS,18,55.2,3712.2552
IN,18003,2022,ALLEN,18,54.7,3678.6297
IN,18005,2022,BARTHOLOMEW,18,57.3,3853.4823
IN,18007,2022,BENTON,18,61.4,4129.2114
IN,18009,2022,BLACKFORD,18,56.1,3772.7811
IN,18011,2022,BOONE,18,62.4,4196.4624
IN,18013,2022,BROWN,18,53.8,3618.1038
IN,18017,2022,CASS,18,57.1,3840.0321
IN,18019,2022,CLARK,18,52.6,3537.4026
IN,18021,2022,CLAY,18,58.1,3907.2831
IN,18023,2022,CLINTON,18,61.0,4102.311
IN,18027,2022,DAVIESS,18,58.6,3940.9086
IN,18029,2022,DEARBORN,18,47.4,3187.6974
IN,18031,2022,DECATUR,18,68.3,4593.2433
IN,18033,2022,DE KALB,18,54.2,3645.0042
IN,18035,2022,DELAWARE,18,57.9,3893.8329
IN,18037,2022,DUBOIS,18,58.4,3927.4584
IN,18039,2022,ELKHART,18,58.6,3940.9086
IN,18041,2022,FAYETTE,18,57.3,3853.4823
IN,18047,2022,FRANKLIN,18,57.0,3833.307
IN,18051,2022,GIBSON,18,62.0,4169.562
IN,18053,2022,GRANT,18,56.3,3786.2313
IN,18055,2022,GREENE,18,52.3,3517.2273
IN,18057,2022,HAMILTON,18,59.7,4014.8847
IN,18059,2022,HANCOCK,18,56.2,3779.5062
IN,18061,2022,HARRISON,18,56.1,3772.7811
IN,18063,2022,HENDRICKS,18,59.8,4021.6098
IN,18065,2022,HENRY,18,55.8,3752.6058
IN,18067,2022,HOWARD,18,64.2,4317.5142
IN,18069,2022,HUNTINGTON,18,57.5,3866.9325
IN,18071,2022,JACKSON,18,59.3,3987.9843
IN,18073,2022,JASPER,18,54.6,3671.9046
IN,18075,2022,JAY,18,55.3,3718.9803
IN,18077,2022,JEFFERSON,18,49.4,3322.1994
IN,18079,2022,JENNINGS,18,52.8,3550.8528
IN,18081,2022,JOHNSON,18,62.2,4183.0122
IN,18083,2022,KNOX,18,57.4,3860.2074
IN,18085,2022,KOSCIUSKO,18,54.9,3692.0799
IN,18087,2022,LAGRANGE,18,56.0,3766.056
IN,18089,2022,LAKE,18,51.8,3483.6018
IN,18091,2022,LA PORTE,18,52.0,3497.052
IN,18093,2022,LAWRENCE,18,50.0,3362.55
IN,18095,2022,MADISON,18,56.7,3813.1317
IN,18097,2022,MARION,18,57.8,3887.1078
IN,18101,2022,MARTIN,18,57.6,3873.6576
IN,18103,2022,MIAMI,18,57.1,3840.0321
IN,18105,2022,MONROE,18,55.1,3705.5301
IN,18107,2022,MONTGOMERY,18,64.5,4337.6895
IN,18109,2022,MORGAN,18,59.3,3987.9843
IN,18111,2022,NEWTON,18,59.3,3987.9843
IN,18113,2022,NOBLE,18,59.1,3974.5341
IN,18115,2022,OHIO,18,52.6,3537.4026
IN,18117,2022,ORANGE,18,63.0,4236.813
IN,18119,2022,OWEN,18,50.9,3423.0759
IN,18121,2022,PARKE,18,57.4,3860.2074
IN,18123,2022,PERRY,18,51.6,3470.1516
IN,18125,2022,PIKE,18,50.4,3389.4504
IN,18127,2022,PORTER,18,54.8,3685.3548
IN,18129,2022,POSEY,18,60.7,4082.1357
IN,18131,2022,PULASKI,18,51.0,3429.801
IN,18133,2022,PUTNAM,18,60.3,4055.2353
IN,18135,2022,RANDOLPH,18,55.8,3752.6058
IN,18137,2022,RIPLEY,18,51.2,3443.2512
IN,18139,2022,RUSH,18,61.8,4156.1118
IN,18141,2022,ST. JOSEPH,18,53.4,3591.2034
IN,18145,2022,SHELBY,18,63.6,4277.1636
IN,18149,2022,STARKE,18,50.6,3402.9006
IN,18151,2022,STEUBEN,18,54.2,3645.0042
IN,18153,2022,SULLIVAN,18,54.9,3692.0799
IN,18155,2022,SWITZERLAND,18,55.2,3712.2552
IN,18157,2022,TIPPECANOE,18,58.4,3927.4584
IN,18159,2022,TIPTON,18,62.2,4183.0122
IN,18161,2022,UNION,18,59.5,4001.4345
IN,18163,2022,VANDERBURGH,18,59.1,3974.5341
IN,18167,2022,VIGO,18,55.7,3745.8807
IN,18169,2022,WABASH,18,58.6,3940.9086
IN,18171,2022,WARREN,18,64.7,4351.1397
IN,18173,2022,WARRICK,18,57.2,3846.7572
IN,18175,2022,WASHINGTON,18,54.7,3678.6297
IN,18177,2022,WAYNE,18,55.9,3759.3309
IN,18179,2022,WELLS,18,57.4,3860.2074
IN,18181,2022,WHITE,18,56.2,3779.5062
IN,18183,2022,WHITLEY,18,54.6,3671.9046
IN,18998,2022,OTHER COUNTIES,18,57.5,3866.9325
IN,18001,2023,ADAMS,18,58.4,3927.4584
IN,18003,2023,ALLEN,18,56.3,3786.2313
IN,18005,2023,BARTHOLOMEW,18,61.7,4149.3867
IN,18007,2023,BENTON,18,66.6,4478.9166
IN,18009,2023,BLACKFORD,18,61.3,4122.4863
IN,18011,2023,BOONE,18,64.4,4330.9644
IN,18019,2023,CLARK,18,48.3,3248.2233
IN,18021,2023,CLAY,18,60.9,4095.5859
IN,18023,2023,CLINTON,18,67.5,4539.4425
IN,18027,2023,DAVIESS,18,62.9,4230.0879
IN,18029,2023,DEARBORN,18,50.8,3416.3508
IN,18031,2023,DECATUR,18,64.4,4330.9644
IN,18035,2023,DELAWARE,18,58.8,3954.3588
IN,18039,2023,ELKHART,18,53.1,3571.0281
IN,18041,2023,FAYETTE,18,62.7,4216.6377
IN,18047,2023,FRANKLIN,18,57.9,3893.8329
IN,18049,2023,FULTON,18,52.3,3517.2273
IN,18051,2023,GIBSON,18,65.5,4404.9405
IN,18053,2023,GRANT,18,64.9,4364.5899
IN,18055,2023,GREENE,18,56.8,3819.8568
IN,18057,2023,HAMILTON,18,60.1,4041.7851
IN,18059,2023,HANCOCK,18,61.2,4115.7612
IN,18061,2023,HARRISON,18,54.8,3685.3548
IN,18063,2023,HENDRICKS,18,69.8,4694.1198
IN,18065,2023,HENRY,18,61.0,4102.311
IN,18067,2023,HOWARD,18,65.0,4371.315
IN,18069,2023,HUNTINGTON,18,58.6,3940.9086
IN,18073,2023,JASPER,18,59.5,4001.4345
IN,18075,2023,JAY,18,59.6,4008.1596
IN,18079,2023,JENNINGS,18,56.4,3792.9564
IN,18081,2023,JOHNSON,18,66.4,4465.4664
IN,18083,2023,KNOX,18,65.4,4398.2154
IN,18085,2023,KOSCIUSKO,18,59.9,4028.3349
IN,18087,2023,LAGRANGE,18,53.6,3604.6536
IN,18089,2023,LAKE,18,54.2,3645.0042
IN,18091,2023,LA PORTE,18,60.1,4041.7851
IN,18093,2023,LAWRENCE,18,59.2,3981.2592
IN,18095,2023,MADISON,18,64.1,4310.7891
IN,18097,2023,MARION,18,52.2,3510.5022
IN,18099,2023,MARSHALL,18,53.9,3624.8289
IN,18101,2023,MARTIN,18,60.3,4055.2353
IN,18103,2023,MIAMI,18,60.1,4041.7851
IN,18105,2023,MONROE,18,52.8,3550.8528
IN,18109,2023,MORGAN,18,60.2,4048.5102
IN,18111,2023,NEWTON,18,63.1,4243.5381
IN,18113,2023,NOBLE,18,52.0,3497.052
IN,18119,2023,OWEN,18,54.9,3692.0799
IN,18125,2023,PIKE,18,62.1,4176.2871
IN,18127,2023,PORTER,18,56.3,3786.2313
IN,18129,2023,POSEY,18,61.9,4162.8369
IN,18131,2023,PULASKI,18,53.2,3577.7532
IN,18133,2023,PUTNAM,18,67.7,4552.8927
IN,18135,2023,RANDOLPH,18,59.6,4008.1596
IN,18137,2023,RIPLEY,18,51.7,3476.8767
IN,18139,2023,RUSH,18,63.5,4270.4385
IN,18141,2023,ST. JOSEPH,18,53.3,3584.4783
IN,18143,2023,SCOTT,18,54.3,3651.7293
IN,18145,2023,SHELBY,18,60.9,4095.5859
IN,18149,2023,STARKE,18,50.3,3382.7253
IN,18151,2023,STEUBEN,18,50.2,3376.0002
IN,18153,2023,SULLIVAN,18,66.1,4445.2911
IN,18155,2023,SWITZERLAND,18,52.4,3523.9524
IN,18157,2023,TIPPECANOE,18,67.1,4512.5421
IN,18159,2023,TIPTON,18,69.3,4660.4943
IN,18161,2023,UNION,18,66.9,4499.0919
IN,18163,2023,VANDERBURGH,18,66.7,4485.6417
IN,18167,2023,VIGO,18,60.7,4082.1357
IN,18169,2023,WABASH,18,60.0,4035.06
IN,18173,2023,WARRICK,18,63.4,4263.7134
IN,18175,2023,WASHINGTON,18,59.4,3994.7094
IN,18177,2023,WAYNE,18,61.1,4109.0361
IN,18179,2023,WELLS,18,64.1,4310.7891
IN,18181,2023,WHITE,18,60.0,4035.06
IN,18183,2023,WHITLEY,18,53.3,3584.4783
IN,18998,2023,OTHER COUNTIES,18,62.5,4203.1875
IN,18001,2024,ADAMS,18,60.1,4041.7851
IN,18003,2024,ALLEN,18,52.7,3544.1277
IN,18005,2024,BARTHOLOMEW,18,64.6,4344.4146
IN,18007,2024,BENTON,18,72.0,4842.072
IN,18011,2024,BOONE,18,65.1,4378.0401
IN,18015,2024,CARROLL,18,65.2,4384.7652
IN,18017,2024,CASS,18,58.1,3907.2831
IN,18019,2024,CLARK,18,47.8,3214.5978
IN,18021,2024,CLAY,18,57.4,3860.2074
IN,18023,2024,CLINTON,18,64.6,4344.4146
IN,18027,2024,DAVIESS,18,55.9,3759.3309
IN,18029,2024,DEARBORN,18,48.9,3288.5739
IN,18031,2024,DECATUR,18,68.9,4633.5939
IN,18035,2024,DELAWARE,18,61.0,4102.311
IN,18037,2024,DUBOIS,18,57.3,3853.4823
IN,18039,2024,ELKHART,18,56.8,3819.8568
IN,18041,2024,FAYETTE,18,58.8,3954.3588
IN,18047,2024,FRANKLIN,18,59.3,3987.9843
IN,18049,2024,FULTON,18,54.2,3645.0042
IN,18051,2024,GIBSON,18,59.9,4028.3349
IN,18053,2024,GRANT,18,58.5,3934.1835
IN,18055,2024,GREENE,18,60.2,4048.5102
IN,18057,2024,HAMILTON,18,65.3,4391.4903
IN,18059,2024,HANCOCK,18,57.6,3873.6576
IN,18063,2024,HENDRICKS,18,62.3,4189.7373
IN,18067,2024,HOWARD,18,66.9,4499.0919
IN,18069,2024,HUNTINGTON,18,51.0,3429.801
IN,18071,2024,JACKSON,18,64.8,4357.8648
IN,18075,2024,JAY,18,54.8,3685.3548
IN,18079,2024,JENNINGS,18,56.0,3766.056
IN,18081,2024,JOHNSON,18,63.9,4297.3389
IN,18083,2024,KNOX,18,60.1,4041.7851
IN,18085,2024,KOSCIUSKO,18,54.3,3651.7293
IN,18087,2024,LAGRANGE,18,53.7,3611.3787
IN,18089,2024,LAKE,18,52.2,3510.5022
IN,18091,2024,LA PORTE,18,54.0,3631.554
IN,18095,2024,MADISON,18,68.8,4626.8688
IN,18097,2024,MARION,18,55.9,3759.3309
IN,18099,2024,MARSHALL,18,47.3,3180.9723
IN,18103,2024,MIAMI,18,57.0,3833.307
IN,18105,2024,MONROE,18,56.0,3766.056
IN,18107,2024,MONTGOMERY,18,65.6,4411.6656
IN,18109,2024,MORGAN,18,64.3,4324.2393
IN,18111,2024,NEWTON,18,58.6,3940.9086
IN,18113,2024,NOBLE,18,50.5,3396.1755
IN,18115,2024,OHIO,18,38.3,2575.7133
IN,18119,2024,OWEN,18,50.1,3369.2751
IN,18123,2024,PERRY,18,51.3,3449.9763
IN,18125,2024,PIKE,18,56.2,3779.5062
IN,18129,2024,POSEY,18,63.5,4270.4385
IN,18131,2024,PULASKI,18,58.2,3914.0082
IN,18133,2024,PUTNAM,18,62.3,4189.7373
IN,18135,2024,RANDOLPH,18,62.0,4169.562
IN,18137,2024,RIPLEY,18,51.6,3470.1516
IN,18139,2024,RUSH,18,66.8,4492.3668
IN,18141,2024,ST. JOSEPH,18,47.4,3187.6974
IN,18143,2024,SCOTT,18,51.6,3470.1516
IN,18145,2024,SHELBY,18,63.7,4283.8887
IN,18147,2024,SPENCER,18,54.2,3645.0042
IN,18151,2024,STEUBEN,18,48.5,3261.6735
IN,18153,2024,SULLIVAN,18,61.7,4149.3867
IN,18155,2024,SWITZERLAND,18,42.2,2837.9922
IN,18157,2024,TIPPECANOE,18,61.8,4156.1118
IN,18159,2024,TIPTON,18,66.9,4499.0919
IN,18161,2024,UNION,18,62.4,4196.4624
IN,18163,2024,VANDERBURGH,18,58.5,3934.1835
IN,18167,2024,VIGO,18,57.0,3833.307
IN,18169,2024,WABASH,18,50.8,3416.3508
IN,18173,2024,WARRICK,18,55.2,3712.2552
IN,18175,2024,WASHINGTON,18,57.8,3887.1078
IN,18177,2024,WAYNE,18,55.6,3739.1556
IN,18179,2024,WELLS,18,58.8,3954.3588
IN,18183,2024,WHITLEY,18,42.5,2858.1675
IN,18998,2024,OTHER COUNTIES,18,58.5,3934.1835
MN,27005,2014,BECKER,27,32.3,2172.2073
MN,27009,2014,BENTON,27,27.0,1815.777
MN,27011,2014,BIG STONE,27,42.5,2858.1675
MN,27013,2014,BLUE EARTH,27,43.2,2905.2432
MN,27015,2014,BROWN,27,48.6,3268.3986
MN,27019,2014,CARVER,27,34.3,2306.7093
MN,27023,2014,CHIPPEWA,27,49.7,3342.3747
MN,27025,2014,CHISAGO,27,27.8,1869.5778
MN,27027,2014,CLAY,27,35.2,2367.2352
MN,27033,2014,COTTONWOOD,27,50.5,3396.1755
MN,27035,2014,CROW WING,27,28.1,1889.7531
MN,27037,2014,DAKOTA,27,46.2,3106.9962
MN,27039,2014,DODGE,27,51.5,3463.4265
MN,27041,2014,DOUGLAS,27,37.1,2495.0121
MN,27043,2014,FARIBAULT,27,45.1,3033.0201
MN,27045,2014,FILLMORE,27,52.1,3503.7771
MN,27047,2014,FREEBORN,27,49.2,3308.7492
MN,27049,2014,GOODHUE,27,54.2,3645.0042
MN,27051,2014,GRANT,27,42.5,2858.1675
MN,27053,2014,HENNEPIN,27,40.4,2716.9404
MN,27055,2014,HOUSTON,27,47.4,3187.6974
MN,27059,2014,ISANTI,27,21.5,1445.8965
MN,27063,2014,JACKSON,27,46.9,3154.0719
MN,27065,2014,KANABEC,27,33.5,2252.9085
MN,27067,2014,KANDIYOHI,27,41.2,2770.7412
MN,27069,2014,KITTSON,27,29.5,1983.9045
MN,27073,2014,LAC QUI PARLE,27,48.8,3281.8488
MN,27079,2014,LE SUEUR,27,43.9,2952.3189
MN,27081,2014,LINCOLN,27,47.0,3160.797
MN,27083,2014,LYON,27,44.4,2985.9444
MN,27085,2014,MCLEOD,27,32.6,2192.3826
MN,27087,2014,MAHNOMEN,27,32.8,2205.8328
MN,27089,2014,MARSHALL,27,28.9,1943.5539
MN,27091,2014,MARTIN,27,46.0,3093.546
MN,27093,2014,MEEKER,27,38.9,2616.0639
MN,27095,2014,MILLE LACS,27,26.6,1788.8766
MN,27097,2014,MORRISON,27,35.8,2407.5858
MN,27099,2014,MOWER,27,47.2,3174.2472
MN,27101,2014,MURRAY,27,45.0,3026.295
MN,27103,2014,NICOLLET,27,45.8,3080.0958
MN,27105,2014,NOBLES,27,44.2,2972.4942
MN,27107,2014,NORMAN,27,35.7,2400.8607
MN,27109,2014,OLMSTED,27,53.1,3571.0281
MN,27111,2014,OTTER TAIL,27,33.6,2259.6336
MN,27113,2014,PENNINGTON,27,29.3,1970.4543
MN,27115,2014,PINE,27,32.0,2152.032
MN,27117,2014,PIPESTONE,27,42.2,2837.9922
MN,27119,2014,POLK,27,36.3,2441.2113
MN,27121,2014,POPE,27,44.4,2985.9444
MN,27127,2014,REDWOOD,27,46.3,3113.7213
MN,27129,2014,RENVILLE,27,42.2,2837.9922
MN,27131,2014,RICE,27,46.8,3147.3468
MN,27133,2014,ROCK,27,46.9,3154.0719
MN,27135,2014,ROSEAU,27,29.5,1983.9045
MN,27139,2014,SCOTT,27,40.2,2703.4902
MN,27143,2014,SIBLEY,27,40.5,2723.6655
MN,27145,2014,STEARNS,27,35.7,2400.8607
MN,27147,2014,STEELE,27,48.1,3234.7731
MN,27149,2014,STEVENS,27,47.1,3167.5221
MN,27151,2014,SWIFT,27,43.8,2945.5938
MN,27153,2014,TODD,27,32.2,2165.4822
MN,27155,2014,TRAVERSE,27,38.7,2602.6137
MN,27157,2014,WABASHA,27,51.5,3463.4265
MN,27161,2014,WASECA,27,43.2,2905.2432
MN,27163,2014,WASHINGTON,27,42.6,2864.8926
MN,27165,2014,WATONWAN,27,52.3,3517.2273
MN,27167,2014,WILKIN,27,37.0,2488.287
MN,27169,2014,WINONA,27,53.3,3584.4783
MN,27171,2014,WRIGHT,27,34.7,2333.6097
MN,27173,2014,YELLOW MEDICINE,27,44.4,2985.9444
MN,27998,2014,OTHER (COMBINED) COUNTIES,27,31.566666666666666,2122.8898999999997
MN,27001,2015,AITKIN,27,32.0,2152.032
MN,27003,2015,ANOKA,27,42.5,2858.1675
MN,27009,2015,BENTON,27,47.3,3180.9723
MN,27011,2015,BIG STONE,27,46.9,3154.0719
MN,27013,2015,BLUE EARTH,27,59.8,4021.6098
MN,27015,2015,BROWN,27,56.5,3799.6815
MN,27019,2015,CARVER,27,58.5,3934.1835
MN,27023,2015,CHIPPEWA,27,50.3,3382.7253
MN,27025,2015,CHISAGO,27,45.8,3080.0958
MN,27027,2015,CLAY,27,40.6,2730.3906
MN,27033,2015,COTTONWOOD,27,56.8,3819.8568
MN,27037,2015,DAKOTA,27,53.9,3624.8289
MN,27039,2015,DODGE,27,60.6,4075.4106
MN,27041,2015,DOUGLAS,27,47.4,3187.6974
MN,27043,2015,FARIBAULT,27,61.3,4122.4863
MN,27045,2015,FILLMORE,27,56.3,3786.2313
MN,27047,2015,FREEBORN,27,58.6,3940.9086
MN,27049,2015,GOODHUE,27,58.1,3907.2831
MN,27051,2015,GRANT,27,47.4,3187.6974
MN,27053,2015,HENNEPIN,27,54.8,3685.3548
MN,27059,2015,ISANTI,27,43.8,2945.5938
MN,27063,2015,JACKSON,27,56.7,3813.1317
MN,27067,2015,KANDIYOHI,27,54.0,3631.554
MN,27069,2015,KITTSON,27,31.8,2138.5818
MN,27073,2015,LAC QUI PARLE,27,50.5,3396.1755
MN,27079,2015,LE SUEUR,27,56.2,3779.5062
MN,27083,2015,LYON,27,54.7,3678.6297
MN,27085,2015,MCLEOD,27,52.5,3530.6775
MN,27087,2015,MAHNOMEN,27,37.2,2501.7372
MN,27089,2015,MARSHALL,27,32.4,2178.9324
MN,27091,2015,MARTIN,27,61.7,4149.3867
MN,27093,2015,MEEKER,27,51.0,3429.801
MN,27095,2015,MILLE LACS,27,48.3,3248.2233
MN,27097,2015,MORRISON,27,51.0,3429.801
MN,27099,2015,MOWER,27,58.2,3914.0082
MN,27101,2015,MURRAY,27,55.4,3725.7054
MN,27103,2015,NICOLLET,27,60.1,4041.7851
MN,27105,2015,NOBLES,27,57.1,3840.0321
MN,27107,2015,NORMAN,27,40.0,2690.04
MN,27109,2015,OLMSTED,27,54.5,3665.1795
MN,27111,2015,OTTER TAIL,27,43.9,2952.3189
MN,27113,2015,PENNINGTON,27,35.2,2367.2352
MN,27115,2015,PINE,27,49.1,3302.0241
MN,27119,2015,POLK,27,35.6,2394.1356
MN,27121,2015,POPE,27,49.5,3328.9245
MN,27125,2015,RED LAKE,27,35.5,2387.4105
MN,27127,2015,REDWOOD,27,54.5,3665.1795
MN,27129,2015,RENVILLE,27,55.3,3718.9803
MN,27131,2015,RICE,27,56.8,3819.8568
MN,27133,2015,ROCK,27,58.2,3914.0082
MN,27135,2015,ROSEAU,27,30.9,2078.0559
MN,27139,2015,SCOTT,27,57.9,3893.8329
MN,27143,2015,SIBLEY,27,55.7,3745.8807
MN,27145,2015,STEARNS,27,52.4,3523.9524
MN,27147,2015,STEELE,27,58.0,3900.558
MN,27149,2015,STEVENS,27,47.3,3180.9723
MN,27151,2015,SWIFT,27,49.6,3335.6496
MN,27153,2015,TODD,27,47.8,3214.5978
MN,27155,2015,TRAVERSE,27,45.6,3066.6456
MN,27161,2015,WASECA,27,60.1,4041.7851
MN,27163,2015,WASHINGTON,27,53.6,3604.6536
MN,27165,2015,WATONWAN,27,59.0,3967.809
MN,27167,2015,WILKIN,27,40.2,2703.4902
MN,27169,2015,WINONA,27,55.9,3759.3309
MN,27171,2015,WRIGHT,27,55.6,3739.1556
MN,27173,2015,YELLOW MEDICINE,27,53.1,3571.0281
MN,27998,2015,OTHER (COMBINED) COUNTIES,27,47.62,3202.49262
MN,27003,2016,ANOKA,27,50.0,3362.55
MN,27005,2016,BECKER,27,44.8,3012.8448
MN,27009,2016,BENTON,27,49.4,3322.1994
MN,27011,2016,BIG STONE,27,51.3,3449.9763
MN,27013,2016,BLUE EARTH,27,58.8,3954.3588
MN,27015,2016,BROWN,27,53.2,3577.7532
MN,27019,2016,CARVER,27,58.1,3907.2831
MN,27023,2016,CHIPPEWA,27,52.3,3517.2273
MN,27025,2016,CHISAGO,27,45.6,3066.6456
MN,27027,2016,CLAY,27,44.0,2959.044
MN,27029,2016,CLEARWATER,27,42.8,2878.3428
MN,27033,2016,COTTONWOOD,27,59.3,3987.9843
MN,27037,2016,DAKOTA,27,58.3,3920.7333
MN,27039,2016,DODGE,27,58.7,3947.6337
MN,27041,2016,DOUGLAS,27,52.0,3497.052
MN,27043,2016,FARIBAULT,27,63.5,4270.4385
MN,27045,2016,FILLMORE,27,57.8,3887.1078
MN,27047,2016,FREEBORN,27,59.2,3981.2592
MN,27049,2016,GOODHUE,27,60.4,4061.9604
MN,27051,2016,GRANT,27,50.3,3382.7253
MN,27053,2016,HENNEPIN,27,55.3,3718.9803
MN,27055,2016,HOUSTON,27,56.2,3779.5062
MN,27059,2016,ISANTI,27,43.3,2911.9683
MN,27063,2016,JACKSON,27,56.9,3826.5819
MN,27065,2016,KANABEC,27,49.0,3295.299
MN,27067,2016,KANDIYOHI,27,53.0,3564.303
MN,27069,2016,KITTSON,27,33.9,2279.8089
MN,27073,2016,LAC QUI PARLE,27,56.0,3766.056
MN,27079,2016,LE SUEUR,27,56.9,3826.5819
MN,27081,2016,LINCOLN,27,58.2,3914.0082
MN,27083,2016,LYON,27,58.9,3961.0839
MN,27085,2016,MCLEOD,27,51.5,3463.4265
MN,27087,2016,MAHNOMEN,27,44.5,2992.6695
MN,27089,2016,MARSHALL,27,35.9,2414.3109
MN,27091,2016,MARTIN,27,60.8,4088.8608
MN,27093,2016,MEEKER,27,48.3,3248.2233
MN,27095,2016,MILLE LACS,27,49.4,3322.1994
MN,27097,2016,MORRISON,27,50.4,3389.4504
MN,27099,2016,MOWER,27,58.2,3914.0082
MN,27101,2016,MURRAY,27,57.6,3873.6576
MN,27103,2016,NICOLLET,27,61.1,4109.0361
MN,27105,2016,NOBLES,27,54.3,3651.7293
MN,27107,2016,NORMAN,27,41.4,2784.1914
MN,27109,2016,OLMSTED,27,61.4,4129.2114
MN,27111,2016,OTTER TAIL,27,47.9,3221.3229
MN,27113,2016,PENNINGTON,27,39.8,2676.5898
MN,27117,2016,PIPESTONE,27,57.7,3880.3827
MN,27119,2016,POLK,27,43.6,2932.1436
MN,27121,2016,POPE,27,51.7,3476.8767
MN,27125,2016,RED LAKE,27,44.5,2992.6695
MN,27127,2016,REDWOOD,27,56.1,3772.7811
MN,27129,2016,RENVILLE,27,54.8,3685.3548
MN,27131,2016,RICE,27,57.9,3893.8329
MN,27133,2016,ROCK,27,61.3,4122.4863
MN,27135,2016,ROSEAU,27,35.3,2373.9603
MN,27139,2016,SCOTT,27,58.7,3947.6337
MN,27143,2016,SIBLEY,27,57.4,3860.2074
MN,27145,2016,STEARNS,27,54.6,3671.9046
MN,27147,2016,STEELE,27,59.2,3981.2592
MN,27149,2016,STEVENS,27,52.2,3510.5022
MN,27151,2016,SWIFT,27,55.5,3732.4305
MN,27153,2016,TODD,27,48.5,3261.6735
MN,27155,2016,TRAVERSE,27,50.3,3382.7253
MN,27157,2016,WABASHA,27,61.1,4109.0361
MN,27161,2016,WASECA,27,61.0,4102.311
MN,27163,2016,WASHINGTON,27,58.7,3947.6337
MN,27165,2016,WATONWAN,27,58.5,3934.1835
MN,27167,2016,WILKIN,27,44.1,2965.7691
MN,27169,2016,WINONA,27,59.8,4021.6098
MN,27171,2016,WRIGHT,27,54.3,3651.7293
MN,27173,2016,YELLOW MEDICINE,27,55.8,3752.6058
MN,27998,2016,OTHER (COMBINED) COUNTIES,27,45.8,3080.0958
MN,27001,2017,AITKIN,27,30.5,2051.1555
MN,27003,2017,ANOKA,27,35.5,2387.4105
MN,27005,2017,BECKER,27,38.0,2555.538
MN,27009,2017,BENTON,27,40.6,2730.3906
MN,27011,2017,BIG STONE,27,45.5,3059.9205
MN,27013,2017,BLUE EARTH,27,58.0,3900.558
MN,27015,2017,BROWN,27,54.8,3685.3548
MN,27019,2017,CARVER,27,53.5,3597.9285
MN,27023,2017,CHIPPEWA,27,49.8,3349.0998
MN,27025,2017,CHISAGO,27,37.3,2508.4623
MN,27027,2017,CLAY,27,41.1,2764.0161
MN,27029,2017,CLEARWATER,27,32.4,2178.9324
MN,27033,2017,COTTONWOOD,27,56.5,3799.6815
MN,27035,2017,CROW WING,27,40.9,2750.5659
MN,27037,2017,DAKOTA,27,52.5,3530.6775
MN,27039,2017,DODGE,27,54.9,3692.0799
MN,27041,2017,DOUGLAS,27,40.2,2703.4902
MN,27043,2017,FARIBAULT,27,59.4,3994.7094
MN,27045,2017,FILLMORE,27,54.3,3651.7293
MN,27047,2017,FREEBORN,27,56.0,3766.056
MN,27049,2017,GOODHUE,27,56.0,3766.056
MN,27051,2017,GRANT,27,46.7,3140.6217
MN,27053,2017,HENNEPIN,27,45.7,3073.3707
MN,27055,2017,HOUSTON,27,53.4,3591.2034
MN,27059,2017,ISANTI,27,36.8,2474.8368
MN,27063,2017,JACKSON,27,55.9,3759.3309
MN,27067,2017,KANDIYOHI,27,47.3,3180.9723
MN,27069,2017,KITTSON,27,35.2,2367.2352
MN,27073,2017,LAC QUI PARLE,27,49.1,3302.0241
MN,27079,2017,LE SUEUR,27,55.5,3732.4305
MN,27081,2017,LINCOLN,27,47.6,3201.1476
MN,27083,2017,LYON,27,50.3,3382.7253
MN,27085,2017,MCLEOD,27,48.9,3288.5739
MN,27087,2017,MAHNOMEN,27,37.4,2515.1874
MN,27089,2017,MARSHALL,27,29.7,1997.3547
MN,27091,2017,MARTIN,27,59.6,4008.1596
MN,27093,2017,MEEKER,27,46.5,3127.1715
MN,27095,2017,MILLE LACS,27,36.4,2447.9364
MN,27097,2017,MORRISON,27,40.3,2710.2153
MN,27099,2017,MOWER,27,55.6,3739.1556
MN,27101,2017,MURRAY,27,54.5,3665.1795
MN,27103,2017,NICOLLET,27,56.9,3826.5819
MN,27105,2017,NOBLES,27,53.2,3577.7532
MN,27107,2017,NORMAN,27,36.6,2461.3866
MN,27109,2017,OLMSTED,27,55.7,3745.8807
MN,27111,2017,OTTER TAIL,27,42.1,2831.2671
MN,27113,2017,PENNINGTON,27,25.7,1728.3507
MN,27117,2017,PIPESTONE,27,53.7,3611.3787
MN,27119,2017,POLK,27,38.4,2582.4384
MN,27121,2017,POPE,27,46.1,3100.2711
MN,27125,2017,RED LAKE,27,38.6,2595.8886
MN,27127,2017,REDWOOD,27,55.1,3705.5301
MN,27129,2017,RENVILLE,27,52.5,3530.6775
MN,27131,2017,RICE,27,53.5,3597.9285
MN,27133,2017,ROCK,27,58.7,3947.6337
MN,27135,2017,ROSEAU,27,28.4,1909.9284
MN,27139,2017,SCOTT,27,52.7,3544.1277
MN,27143,2017,SIBLEY,27,54.6,3671.9046
MN,27145,2017,STEARNS,27,49.1,3302.0241
MN,27147,2017,STEELE,27,55.9,3759.3309
MN,27149,2017,STEVENS,27,46.4,3120.4464
MN,27151,2017,SWIFT,27,46.3,3113.7213
MN,27153,2017,TODD,27,36.6,2461.3866
MN,27155,2017,TRAVERSE,27,46.0,3093.546
MN,27157,2017,WABASHA,27,54.4,3658.4544
MN,27161,2017,WASECA,27,56.9,3826.5819
MN,27163,2017,WASHINGTON,27,47.7,3207.8727
MN,27165,2017,WATONWAN,27,60.9,4095.5859
MN,27167,2017,WILKIN,27,39.3,2642.9643
MN,27169,2017,WINONA,27,52.8,3550.8528
MN,27171,2017,WRIGHT,27,49.3,3315.4743
MN,27173,2017,YELLOW MEDICINE,27,52.7,3544.1277
MN,27998,2017,OTHER (COMBINED) COUNTIES,27,40.55,2727.02805
MN,27001,2018,AITKIN,27,28.6,1923.3786
MN,27003,2018,ANOKA,27,31.6,2125.1316
MN,27005,2018,BECKER,27,44.5,2992.6695
MN,27009,2018,BENTON,27,45.6,3066.6456
MN,27011,2018,BIG STONE,27,51.5,3463.4265
MN,27013,2018,BLUE EARTH,27,52.9,3557.5779
MN,27015,2018,BROWN,27,51.9,3490.3269
MN,27019,2018,CARVER,27,54.5,3665.1795
MN,27023,2018,CHIPPEWA,27,52.6,3537.4026
MN,27025,2018,CHISAGO,27,37.3,2508.4623
MN,27027,2018,CLAY,27,45.6,3066.6456
MN,27029,2018,CLEARWATER,27,39.3,2642.9643
MN,27033,2018,COTTONWOOD,27,51.8,3483.6018
MN,27037,2018,DAKOTA,27,51.8,3483.6018
MN,27039,2018,DODGE,27,57.4,3860.2074
MN,27043,2018,FARIBAULT,27,51.9,3490.3269
MN,27045,2018,FILLMORE,27,53.4,3591.2034
MN,27047,2018,FREEBORN,27,51.8,3483.6018
MN,27049,2018,GOODHUE,27,56.2,3779.5062
MN,27053,2018,HENNEPIN,27,49.2,3308.7492
MN,27059,2018,ISANTI,27,36.7,2468.1117
MN,27063,2018,JACKSON,27,49.3,3315.4743
MN,27065,2018,KANABEC,27,38.3,2575.7133
MN,27067,2018,KANDIYOHI,27,53.8,3618.1038
MN,27069,2018,KITTSON,27,31.5,2118.4065
MN,27073,2018,LAC QUI PARLE,27,55.8,3752.6058
MN,27079,2018,LE SUEUR,27,50.4,3389.4504
MN,27083,2018,LYON,27,53.8,3618.1038
MN,27085,2018,MCLEOD,27,50.3,3382.7253
MN,27089,2018,MARSHALL,27,34.0,2286.534
MN,27091,2018,MARTIN,27,49.8,3349.0998
MN,27097,2018,MORRISON,27,44.6,2999.3946
MN,27099,2018,MOWER,27,56.5,3799.6815
MN,27101,2018,MURRAY,27,49.9,3355.8249
MN,27103,2018,NICOLLET,27,53.4,3591.2034
MN,27105,2018,NOBLES,27,49.4,3322.1994
MN,27109,2018,OLMSTED,27,54.9,3692.0799
MN,27111,2018,OTTER TAIL,27,44.3,2979.2193
MN,27119,2018,POLK,27,42.7,2871.6177
MN,27121,2018,POPE,27,50.8,3416.3508
MN,27125,2018,RED LAKE,27,38.0,2555.538
MN,27127,2018,REDWOOD,27,50.3,3382.7253
MN,27129,2018,RENVILLE,27,54.3,3651.7293
MN,27131,2018,RICE,27,55.8,3752.6058
MN,27133,2018,ROCK,27,55.6,3739.1556
MN,27135,2018,ROSEAU,27,33.9,2279.8089
MN,27143,2018,SIBLEY,27,54.6,3671.9046
MN,27145,2018,STEARNS,27,50.8,3416.3508
MN,27147,2018,STEELE,27,53.7,3611.3787
MN,27149,2018,STEVENS,27,51.2,3443.2512
MN,27151,2018,SWIFT,27,53.8,3618.1038
MN,27155,2018,TRAVERSE,27,51.9,3490.3269
MN,27157,2018,WABASHA,27,57.3,3853.4823
MN,27161,2018,WASECA,27,58.9,3961.0839
MN,27163,2018,WASHINGTON,27,49.4,3322.1994
MN,27165,2018,WATONWAN,27,52.5,3530.6775
MN,27167,2018,WILKIN,27,46.0,3093.546
MN,27173,2018,YELLOW MEDICINE,27,53.0,3564.303
MN,27998,2018,OTHER (COMBINED) COUNTIES,27,47.88333333333333,3220.20205
MN,27005,2019,BECKER,27,35.2,2367.2352
MN,27007,2019,BELTRAMI,27,32.8,2205.8328
MN,27011,2019,BIG STONE,27,42.1,2831.2671
MN,27013,2019,BLUE EARTH,27,51.0,3429.801
MN,27015,2019,BROWN,27,47.1,3167.5221
MN,27019,2019,CARVER,27,51.7,3476.8767
MN,27023,2019,CHIPPEWA,27,47.9,3221.3229
MN,27025,2019,CHISAGO,27,35.0,2353.785
MN,27027,2019,CLAY,27,38.8,2609.3388
MN,27029,2019,CLEARWATER,27,40.2,2703.4902
MN,27033,2019,COTTONWOOD,27,47.3,3180.9723
MN,27039,2019,DODGE,27,48.7,3275.1237
MN,27041,2019,DOUGLAS,27,41.5,2790.9165
MN,27043,2019,FARIBAULT,27,53.6,3604.6536
MN,27045,2019,FILLMORE,27,51.6,3470.1516
MN,27047,2019,FREEBORN,27,49.9,3355.8249
MN,27049,2019,GOODHUE,27,54.2,3645.0042
MN,27051,2019,GRANT,27,43.3,2911.9683
MN,27053,2019,HENNEPIN,27,39.9,2683.3149
MN,27055,2019,HOUSTON,27,52.1,3503.7771
MN,27059,2019,ISANTI,27,30.9,2078.0559
MN,27063,2019,JACKSON,27,46.7,3140.6217
MN,27069,2019,KITTSON,27,30.1,2024.2551
MN,27071,2019,KOOCHICHING,27,32.3,2172.2073
MN,27073,2019,LAC QUI PARLE,27,49.9,3355.8249
MN,27077,2019,LAKE OF THE WOODS,27,34.8,2340.3348
MN,27081,2019,LINCOLN,27,41.8,2811.0918
MN,27083,2019,LYON,27,47.9,3221.3229
MN,27085,2019,MCLEOD,27,47.8,3214.5978
MN,27089,2019,MARSHALL,27,33.9,2279.8089
MN,27091,2019,MARTIN,27,53.9,3624.8289
MN,27095,2019,MILLE LACS,27,33.6,2259.6336
MN,27097,2019,MORRISON,27,40.5,2723.6655
MN,27099,2019,MOWER,27,49.7,3342.3747
MN,27101,2019,MURRAY,27,41.8,2811.0918
MN,27103,2019,NICOLLET,27,53.1,3571.0281
MN,27105,2019,NOBLES,27,44.4,2985.9444
MN,27107,2019,NORMAN,27,35.1,2360.5101
MN,27111,2019,OTTER TAIL,27,41.0,2757.291
MN,27115,2019,PINE,27,35.4,2380.6854
MN,27117,2019,PIPESTONE,27,44.8,3012.8448
MN,27119,2019,POLK,27,35.3,2373.9603
MN,27125,2019,RED LAKE,27,36.7,2468.1117
MN,27127,2019,REDWOOD,27,50.1,3369.2751
MN,27129,2019,RENVILLE,27,49.5,3328.9245
MN,27133,2019,ROCK,27,48.8,3281.8488
MN,27135,2019,ROSEAU,27,35.6,2394.1356
MN,27143,2019,SIBLEY,27,49.8,3349.0998
MN,27145,2019,STEARNS,27,44.4,2985.9444
MN,27147,2019,STEELE,27,46.6,3133.8966
MN,27149,2019,STEVENS,27,43.1,2898.5181
MN,27151,2019,SWIFT,27,42.8,2878.3428
MN,27153,2019,TODD,27,38.9,2616.0639
MN,27155,2019,TRAVERSE,27,38.8,2609.3388
MN,27159,2019,WADENA,27,42.7,2871.6177
MN,27161,2019,WASECA,27,52.4,3523.9524
MN,27163,2019,WASHINGTON,27,51.0,3429.801
MN,27165,2019,WATONWAN,27,48.1,3234.7731
MN,27169,2019,WINONA,27,53.2,3577.7532
MN,27173,2019,YELLOW MEDICINE,27,44.1,2965.7691
MN,27998,2019,OTHER (COMBINED) COUNTIES,27,39.9,2683.3149
MN,27001,2020,AITKIN,27,38.6,2595.8886
MN,27003,2020,ANOKA,27,45.7,3073.3707
MN,27005,2020,BECKER,27,39.1,2629.5141
MN,27007,2020,BELTRAMI,27,36.1,2427.7611
MN,27009,2020,BENTON,27,52.8,3550.8528
MN,27011,2020,BIG STONE,27,47.7,3207.8727
MN,27013,2020,BLUE EARTH,27,60.3,4055.2353
MN,27015,2020,BROWN,27,62.1,4176.2871
MN,27019,2020,CARVER,27,58.4,3927.4584
MN,27021,2020,CASS,27,32.5,2185.6575
MN,27023,2020,CHIPPEWA,27,55.8,3752.6058
MN,27025,2020,CHISAGO,27,43.8,2945.5938
MN,27027,2020,CLAY,27,40.0,2690.04
MN,27029,2020,CLEARWATER,27,43.7,2938.8687
MN,27033,2020,COTTONWOOD,27,59.0,3967.809
MN,27035,2020,CROW WING,27,38.8,2609.3388
MN,27037,2020,DAKOTA,27,54.3,3651.7293
MN,27039,2020,DODGE,27,60.0,4035.06
MN,27041,2020,DOUGLAS,27,45.6,3066.6456
MN,27043,2020,FARIBAULT,27,64.5,4337.6895
MN,27045,2020,FILLMORE,27,56.2,3779.5062
MN,27047,2020,FREEBORN,27,58.5,3934.1835
MN,27049,2020,GOODHUE,27,57.7,3880.3827
MN,27051,2020,GRANT,27,44.5,2992.6695
MN,27053,2020,HENNEPIN,27,54.0,3631.554
MN,27055,2020,HOUSTON,27,52.2,3510.5022
MN,27059,2020,ISANTI,27,41.9,2817.8169
MN,27061,2020,ITASCA,27,36.9,2481.5619
MN,27063,2020,JACKSON,27,54.3,3651.7293
MN,27067,2020,KANDIYOHI,27,50.6,3402.9006
MN,27069,2020,KITTSON,27,32.3,2172.2073
MN,27071,2020,KOOCHICHING,27,33.7,2266.3587
MN,27073,2020,LAC QUI PARLE,27,50.4,3389.4504
MN,27077,2020,LAKE OF THE WOODS,27,34.1,2293.2591
MN,27079,2020,LE SUEUR,27,59.1,3974.5341
MN,27081,2020,LINCOLN,27,49.1,3302.0241
MN,27083,2020,LYON,27,53.8,3618.1038
MN,27085,2020,MCLEOD,27,53.7,3611.3787
MN,27087,2020,MAHNOMEN,27,38.7,2602.6137
MN,27089,2020,MARSHALL,27,32.1,2158.7571
MN,27091,2020,MARTIN,27,60.1,4041.7851
MN,27093,2020,MEEKER,27,51.2,3443.2512
MN,27095,2020,MILLE LACS,27,41.8,2811.0918
MN,27097,2020,MORRISON,27,51.9,3490.3269
MN,27101,2020,MURRAY,27,55.3,3718.9803
MN,27103,2020,NICOLLET,27,63.0,4236.813
MN,27105,2020,NOBLES,27,54.0,3631.554
MN,27107,2020,NORMAN,27,34.7,2333.6097
MN,27109,2020,OLMSTED,27,57.3,3853.4823
MN,27111,2020,OTTER TAIL,27,45.1,3033.0201
MN,27113,2020,PENNINGTON,27,35.1,2360.5101
MN,27115,2020,PINE,27,47.9,3221.3229
MN,27117,2020,PIPESTONE,27,52.0,3497.052
MN,27119,2020,POLK,27,36.7,2468.1117
MN,27121,2020,POPE,27,46.0,3093.546
MN,27125,2020,RED LAKE,27,36.0,2421.036
MN,27127,2020,REDWOOD,27,57.0,3833.307
MN,27129,2020,RENVILLE,27,53.2,3577.7532
MN,27131,2020,RICE,27,57.2,3846.7572
MN,27133,2020,ROCK,27,58.3,3920.7333
MN,27135,2020,ROSEAU,27,28.0,1883.028
MN,27139,2020,SCOTT,27,58.5,3934.1835
MN,27141,2020,SHERBURNE,27,51.0,3429.801
MN,27143,2020,SIBLEY,27,56.9,3826.5819
MN,27145,2020,STEARNS,27,51.3,3449.9763
MN,27147,2020,STEELE,27,60.6,4075.4106
MN,27149,2020,STEVENS,27,48.3,3248.2233
MN,27151,2020,SWIFT,27,51.2,3443.2512
MN,27153,2020,TODD,27,43.7,2938.8687
MN,27155,2020,TRAVERSE,27,44.3,2979.2193
MN,27157,2020,WABASHA,27,58.8,3954.3588
MN,27159,2020,WADENA,27,47.8,3214.5978
MN,27161,2020,WASECA,27,64.4,4330.9644
MN,27163,2020,WASHINGTON,27,51.8,3483.6018
MN,27165,2020,WATONWAN,27,61.8,4156.1118
MN,27167,2020,WILKIN,27,37.1,2495.0121
MN,27169,2020,WINONA,27,57.4,3860.2074
MN,27171,2020,WRIGHT,27,54.7,3678.6297
MN,27173,2020,YELLOW MEDICINE,27,49.4,3322.1994
MN,27998,2020,OTHER COUNTIES,27,56.4,3792.9564
MN,27003,2021,ANOKA,27,34.4,2313.4344
MN,27005,2021,BECKER,27,38.1,2562.2631
MN,27007,2021,BELTRAMI,27,26.0,1748.526
MN,27009,2021,BENTON,27,34.8,2340.3348
MN,27011,2021,BIG STONE,27,49.6,3335.6496
MN,27013,2021,BLUE EARTH,27,61.9,4162.8369
MN,27015,2021,BROWN,27,59.8,4021.6098
MN,27019,2021,CARVER,27,57.6,3873.6576
MN,27021,2021,CASS,27,39.2,2636.2392
MN,27023,2021,CHIPPEWA,27,52.6,3537.4026
MN,27025,2021,CHISAGO,27,42.7,2871.6177
MN,27027,2021,CLAY,27,42.4,2851.4424
MN,27029,2021,CLEARWATER,27,24.3,1634.1993
MN,27033,2021,COTTONWOOD,27,56.2,3779.5062
MN,27035,2021,CROW WING,27,20.6,1385.3706
MN,27037,2021,DAKOTA,27,54.8,3685.3548
MN,27039,2021,DODGE,27,60.1,4041.7851
MN,27041,2021,DOUGLAS,27,37.2,2501.7372
MN,27043,2021,FARIBAULT,27,60.5,4068.6855
MN,27045,2021,FILLMORE,27,62.1,4176.2871
MN,27047,2021,FREEBORN,27,60.4,4061.9604
MN,27051,2021,GRANT,27,46.7,3140.6217
MN,27053,2021,HENNEPIN,27,51.3,3449.9763
MN,27055,2021,HOUSTON,27,57.4,3860.2074
MN,27059,2021,ISANTI,27,36.5,2454.6615
MN,27061,2021,ITASCA,27,37.3,2508.4623
MN,27063,2021,JACKSON,27,57.8,3887.1078
MN,27065,2021,KANABEC,27,25.5,1714.9005
MN,27069,2021,KITTSON,27,23.5,1580.3985
MN,27077,2021,LAKE OF THE WOODS,27,28.8,1936.8288
MN,27079,2021,LE SUEUR,27,62.0,4169.562
MN,27081,2021,LINCOLN,27,46.0,3093.546
MN,27083,2021,LYON,27,45.1,3033.0201
MN,27085,2021,MCLEOD,27,53.1,3571.0281
MN,27089,2021,MARSHALL,27,29.7,1997.3547
MN,27091,2021,MARTIN,27,60.0,4035.06
MN,27093,2021,MEEKER,27,45.2,3039.7452
MN,27095,2021,MILLE LACS,27,37.8,2542.0878
MN,27097,2021,MORRISON,27,30.8,2071.3308
MN,27101,2021,MURRAY,27,56.3,3786.2313
MN,27103,2021,NICOLLET,27,63.0,4236.813
MN,27105,2021,NOBLES,27,63.3,4256.9883
MN,27107,2021,NORMAN,27,24.3,1634.1993
MN,27111,2021,OTTER TAIL,27,27.6,1856.1276
MN,27113,2021,PENNINGTON,27,19.8,1331.5698
MN,27115,2021,PINE,27,41.2,2770.7412
MN,27117,2021,PIPESTONE,27,49.4,3322.1994
MN,27119,2021,POLK,27,24.1,1620.7491
MN,27121,2021,POPE,27,37.5,2521.9125
MN,27125,2021,RED LAKE,27,18.4,1237.4184
MN,27127,2021,REDWOOD,27,52.2,3510.5022
MN,27129,2021,RENVILLE,27,52.2,3510.5022
MN,27131,2021,RICE,27,57.3,3853.4823
MN,27133,2021,ROCK,27,61.5,4135.9365
MN,27135,2021,ROSEAU,27,23.6,1587.1236
MN,27139,2021,SCOTT,27,62.5,4203.1875
MN,27141,2021,SHERBURNE,27,33.9,2279.8089
MN,27143,2021,SIBLEY,27,60.3,4055.2353
MN,27147,2021,STEELE,27,61.9,4162.8369
MN,27149,2021,STEVENS,27,45.7,3073.3707
MN,27151,2021,SWIFT,27,50.2,3376.0002
MN,27153,2021,TODD,27,36.8,2474.8368
MN,27155,2021,TRAVERSE,27,46.6,3133.8966
MN,27157,2021,WABASHA,27,62.5,4203.1875
MN,27159,2021,WADENA,27,35.9,2414.3109
MN,27161,2021,WASECA,27,67.4,4532.7174
MN,27163,2021,WASHINGTON,27,51.1,3436.5261
MN,27165,2021,WATONWAN,27,62.7,4216.6377
MN,27167,2021,WILKIN,27,35.8,2407.5858
MN,27169,2021,WINONA,27,62.4,4196.4624
MN,27171,2021,WRIGHT,27,46.1,3100.2711
MN,27998,2021,OTHER COUNTIES,27,51.0,3429.801
MN,27001,2022,AITKIN,27,27.7,1862.8527
MN,27003,2022,ANOKA,27,45.5,3059.9205
MN,27005,2022,BECKER,27,43.3,2911.9683
MN,27007,2022,BELTRAMI,27,35.6,2394.1356
MN,27009,2022,BENTON,27,45.8,3080.0958
MN,27011,2022,BIG STONE,27,41.0,2757.291
MN,27013,2022,BLUE EARTH,27,62.5,4203.1875
MN,27015,2022,BROWN,27,56.5,3799.6815
MN,27019,2022,CARVER,27,59.5,4001.4345
MN,27021,2022,CASS,27,35.7,2400.8607
MN,27023,2022,CHIPPEWA,27,48.1,3234.7731
MN,27025,2022,CHISAGO,27,43.2,2905.2432
MN,27029,2022,CLEARWATER,27,36.1,2427.7611
MN,27033,2022,COTTONWOOD,27,53.1,3571.0281
MN,27035,2022,CROW WING,27,27.8,1869.5778
MN,27037,2022,DAKOTA,27,55.4,3725.7054
MN,27039,2022,DODGE,27,61.9,4162.8369
MN,27041,2022,DOUGLAS,27,42.6,2864.8926
MN,27043,2022,FARIBAULT,27,61.4,4129.2114
MN,27045,2022,FILLMORE,27,61.1,4109.0361
MN,27047,2022,FREEBORN,27,60.0,4035.06
MN,27049,2022,GOODHUE,27,59.5,4001.4345
MN,27051,2022,GRANT,27,43.5,2925.4185
MN,27053,2022,HENNEPIN,27,51.0,3429.801
MN,27055,2022,HOUSTON,27,61.7,4149.3867
MN,27059,2022,ISANTI,27,41.9,2817.8169
MN,27061,2022,ITASCA,27,28.0,1883.028
MN,27063,2022,JACKSON,27,56.2,3779.5062
MN,27065,2022,KANABEC,27,42.0,2824.542
MN,27069,2022,KITTSON,27,44.8,3012.8448
MN,27071,2022,KOOCHICHING,27,30.6,2057.8806
MN,27077,2022,LAKE OF THE WOODS,27,39.1,2629.5141
MN,27079,2022,LE SUEUR,27,61.3,4122.4863
MN,27085,2022,MCLEOD,27,54.3,3651.7293
MN,27087,2022,MAHNOMEN,27,44.4,2985.9444
MN,27089,2022,MARSHALL,27,37.2,2501.7372
MN,27091,2022,MARTIN,27,62.4,4196.4624
MN,27093,2022,MEEKER,27,47.2,3174.2472
MN,27095,2022,MILLE LACS,27,40.5,2723.6655
MN,27097,2022,MORRISON,27,51.4,3456.7014
MN,27099,2022,MOWER,27,60.8,4088.8608
MN,27101,2022,MURRAY,27,49.1,3302.0241
MN,27105,2022,NOBLES,27,51.6,3470.1516
MN,27107,2022,NORMAN,27,42.6,2864.8926
MN,27109,2022,OLMSTED,27,62.0,4169.562
MN,27111,2022,OTTER TAIL,27,39.5,2656.4145
MN,27113,2022,PENNINGTON,27,34.5,2320.1595
MN,27115,2022,PINE,27,40.9,2750.5659
MN,27117,2022,PIPESTONE,27,44.3,2979.2193
MN,27119,2022,POLK,27,38.5,2589.1635
MN,27121,2022,POPE,27,44.3,2979.2193
MN,27125,2022,RED LAKE,27,38.7,2602.6137
MN,27127,2022,REDWOOD,27,50.1,3369.2751
MN,27129,2022,RENVILLE,27,53.6,3604.6536
MN,27131,2022,RICE,27,60.7,4082.1357
MN,27133,2022,ROCK,27,55.5,3732.4305
MN,27135,2022,ROSEAU,27,41.7,2804.3667
MN,27139,2022,SCOTT,27,54.8,3685.3548
MN,27141,2022,SHERBURNE,27,47.2,3174.2472
MN,27143,2022,SIBLEY,27,58.2,3914.0082
MN,27145,2022,STEARNS,27,50.1,3369.2751
MN,27147,2022,STEELE,27,63.0,4236.813
MN,27149,2022,STEVENS,27,45.4,3053.1954
MN,27151,2022,SWIFT,27,46.6,3133.8966
MN,27153,2022,TODD,27,46.4,3120.4464
MN,27155,2022,TRAVERSE,27,42.2,2837.9922
MN,27159,2022,WADENA,27,44.2,2972.4942
MN,27161,2022,WASECA,27,60.5,4068.6855
MN,27163,2022,WASHINGTON,27,45.5,3059.9205
MN,27165,2022,WATONWAN,27,60.7,4082.1357
MN,27167,2022,WILKIN,27,37.2,2501.7372
MN,27169,2022,WINONA,27,62.2,4183.0122
MN,27171,2022,WRIGHT,27,51.7,3476.8767
MN,27173,2022,YELLOW MEDICINE,27,49.7,3342.3747
MN,27998,2022,OTHER COUNTIES,27,48.6,3268.3986
MN,27001,2023,AITKIN,27,31.7,2131.8567
MN,27003,2023,ANOKA,27,39.9,2683.3149
MN,27005,2023,BECKER,27,38.6,2595.8886
MN,27007,2023,BELTRAMI,27,34.4,2313.4344
MN,27009,2023,BENTON,27,39.3,2642.9643
MN,27011,2023,BIG STONE,27,49.7,3342.3747
MN,27013,2023,BLUE EARTH,27,60.6,4075.4106
MN,27015,2023,BROWN,27,54.3,3651.7293
MN,27019,2023,CARVER,27,57.8,3887.1078
MN,27023,2023,CHIPPEWA,27,49.1,3302.0241
MN,27025,2023,CHISAGO,27,40.3,2710.2153
MN,27027,2023,CLAY,27,40.2,2703.4902
MN,27029,2023,CLEARWATER,27,42.1,2831.2671
MN,27033,2023,COTTONWOOD,27,54.8,3685.3548
MN,27035,2023,CROW WING,27,27.2,1829.2272
MN,27037,2023,DAKOTA,27,49.5,3328.9245
MN,27039,2023,DODGE,27,51.1,3436.5261
MN,27045,2023,FILLMORE,27,49.3,3315.4743
MN,27047,2023,FREEBORN,27,50.1,3369.2751
MN,27049,2023,GOODHUE,27,55.6,3739.1556
MN,27051,2023,GRANT,27,44.1,2965.7691
MN,27053,2023,HENNEPIN,27,58.1,3907.2831
MN,27057,2023,HUBBARD,27,34.3,2306.7093
MN,27059,2023,ISANTI,27,44.8,3012.8448
MN,27061,2023,ITASCA,27,34.7,2333.6097
MN,27063,2023,JACKSON,27,54.1,3638.2791
MN,27065,2023,KANABEC,27,40.8,2743.8408
MN,27069,2023,KITTSON,27,40.0,2690.04
MN,27071,2023,KOOCHICHING,27,32.7,2199.1077
MN,27073,2023,LAC QUI PARLE,27,50.5,3396.1755
MN,27079,2023,LE SUEUR,27,57.6,3873.6576
MN,27081,2023,LINCOLN,27,46.1,3100.2711
MN,27085,2023,MCLEOD,27,48.4,3254.9484
MN,27087,2023,MAHNOMEN,27,39.6,2663.1396
MN,27089,2023,MARSHALL,27,38.7,2602.6137
MN,27093,2023,MEEKER,27,51.7,3476.8767
MN,27095,2023,MILLE LACS,27,33.6,2259.6336
MN,27097,2023,MORRISON,27,38.2,2568.9882
MN,27099,2023,MOWER,27,45.4,3053.1954
MN,27101,2023,MURRAY,27,51.8,3483.6018
MN,27103,2023,NICOLLET,27,55.1,3705.5301
MN,27107,2023,NORMAN,27,38.4,2582.4384
MN,27109,2023,OLMSTED,27,50.0,3362.55
MN,27111,2023,OTTER TAIL,27,33.7,2266.3587
MN,27115,2023,PINE,27,36.5,2454.6615
MN,27117,2023,PIPESTONE,27,43.8,2945.5938
MN,27119,2023,POLK,27,41.9,2817.8169
MN,27121,2023,POPE,27,48.1,3234.7731
MN,27125,2023,RED LAKE,27,38.8,2609.3388
MN,27127,2023,REDWOOD,27,49.4,3322.1994
MN,27129,2023,RENVILLE,27,53.3,3584.4783
MN,27131,2023,RICE,27,55.1,3705.5301
MN,27133,2023,ROCK,27,55.4,3725.7054
MN,27139,2023,SCOTT,27,53.5,3597.9285
MN,27141,2023,SHERBURNE,27,43.1,2898.5181
MN,27143,2023,SIBLEY,27,52.7,3544.1277
MN,27147,2023,STEELE,27,53.5,3597.9285
MN,27149,2023,STEVENS,27,48.2,3241.4982
MN,27151,2023,SWIFT,27,47.4,3187.6974
MN,27153,2023,TODD,27,32.0,2152.032
MN,27155,2023,TRAVERSE,27,42.4,2851.4424
MN,27159,2023,WADENA,27,38.5,2589.1635
MN,27161,2023,WASECA,27,60.7,4082.1357
MN,27163,2023,WASHINGTON,27,51.4,3456.7014
MN,27165,2023,WATONWAN,27,56.4,3792.9564
MN,27167,2023,WILKIN,27,34.7,2333.6097
MN,27169,2023,WINONA,27,51.4,3456.7014
MN,27171,2023,WRIGHT,27,54.9,3692.0799
MN,27173,2023,YELLOW MEDICINE,27,49.1,3302.0241
MN,27998,2023,OTHER COUNTIES,27,49.9,3355.8249
MN,27001,2024,AITKIN,27,32.7,2199.1077
MN,27003,2024,ANOKA,27,39.4,2649.6894
MN,27005,2024,BECKER,27,38.5,2589.1635
MN,27007,2024,BELTRAMI,27,28.8,1936.8288
MN,27009,2024,BENTON,27,49.0,3295.299
MN,27011,2024,BIG STONE,27,37.7,2535.3627
MN,27013,2024,BLUE EARTH,27,50.9,3423.0759
MN,27015,2024,BROWN,27,48.9,3288.5739
MN,27019,2024,CARVER,27,52.3,3517.2273
MN,27021,2024,CASS,27,27.9,1876.3029
MN,27025,2024,CHISAGO,27,37.4,2515.1874
MN,27027,2024,CLAY,27,38.4,2582.4384
MN,27029,2024,CLEARWATER,27,38.1,2562.2631
MN,27033,2024,COTTONWOOD,27,47.9,3221.3229
MN,27037,2024,DAKOTA,27,56.8,3819.8568
MN,27039,2024,DODGE,27,54.2,3645.0042
MN,27045,2024,FILLMORE,27,56.8,3819.8568
MN,27047,2024,FREEBORN,27,53.5,3597.9285
MN,27049,2024,GOODHUE,27,56.4,3792.9564
MN,27051,2024,GRANT,27,42.4,2851.4424
MN,27053,2024,HENNEPIN,27,46.6,3133.8966
MN,27057,2024,HUBBARD,27,32.8,2205.8328
MN,27059,2024,ISANTI,27,35.5,2387.4105
MN,27061,2024,ITASCA,27,28.8,1936.8288
MN,27063,2024,JACKSON,27,42.0,2824.542
MN,27067,2024,KANDIYOHI,27,47.6,3201.1476
MN,27069,2024,KITTSON,27,38.8,2609.3388
MN,27071,2024,KOOCHICHING,27,25.0,1681.275
MN,27073,2024,LAC QUI PARLE,27,46.6,3133.8966
MN,27079,2024,LE SUEUR,27,48.4,3254.9484
MN,27085,2024,MCLEOD,27,43.5,2925.4185
MN,27087,2024,MAHNOMEN,27,37.1,2495.0121
MN,27089,2024,MARSHALL,27,38.6,2595.8886
MN,27095,2024,MILLE LACS,27,40.5,2723.6655
MN,27097,2024,MORRISON,27,47.8,3214.5978
MN,27099,2024,MOWER,27,56.6,3806.4066
MN,27103,2024,NICOLLET,27,53.6,3604.6536
MN,27105,2024,NOBLES,27,44.2,2972.4942
MN,27107,2024,NORMAN,27,34.3,2306.7093
MN,27113,2024,PENNINGTON,27,37.0,2488.287
MN,27115,2024,PINE,27,36.1,2427.7611
MN,27119,2024,POLK,27,42.8,2878.3428
MN,27121,2024,POPE,27,44.9,3019.5699
MN,27125,2024,RED LAKE,27,42.1,2831.2671
MN,27129,2024,RENVILLE,27,44.8,3012.8448
MN,27131,2024,RICE,27,45.6,3066.6456
MN,27135,2024,ROSEAU,27,36.9,2481.5619
MN,27139,2024,SCOTT,27,49.9,3355.8249
MN,27141,2024,SHERBURNE,27,44.7,3006.1197
MN,27143,2024,SIBLEY,27,46.4,3120.4464
MN,27145,2024,STEARNS,27,48.1,3234.7731
MN,27147,2024,STEELE,27,48.9,3288.5739
MN,27149,2024,STEVENS,27,42.6,2864.8926
MN,27151,2024,SWIFT,27,43.5,2925.4185
MN,27153,2024,TODD,27,35.8,2407.5858
MN,27161,2024,WASECA,27,49.8,3349.0998
MN,27163,2024,WASHINGTON,27,51.4,3456.7014
MN,27165,2024,WATONWAN,27,52.0,3497.052
MN,27167,2024,WILKIN,27,38.3,2575.7133
MN,27169,2024,WINONA,27,55.5,3732.4305
MN,27998,2024,OTHER COUNTIES,27,45.2,3039.7452
NE,31001,2014,ADAMS,31,55.9,3759.3309
NE,31003,2014,ANTELOPE,31,57.7,3880.3827
NE,31011,2014,BOONE,31,57.8,3887.1078
NE,31015,2014,BOYD,31,49.6,3335.6496
NE,31017,2014,BROWN,31,58.7,3947.6337
NE,31019,2014,BUFFALO,31,58.9,3961.0839
NE,31021,2014,BURT,31,46.7,3140.6217
NE,31023,2014,BUTLER,31,55.7,3745.8807
NE,31025,2014,CASS,31,49.7,3342.3747
NE,31027,2014,CEDAR,31,54.5,3665.1795
NE,31029,2014,CHASE,31,64.4,4330.9644
NE,31035,2014,CLAY,31,60.5,4068.6855
NE,31037,2014,COLFAX,31,55.9,3759.3309
NE,31039,2014,CUMING,31,51.8,3483.6018
NE,31041,2014,CUSTER,31,50.1,3369.2751
NE,31043,2014,DAKOTA,31,54.6,3671.9046
NE,31047,2014,DAWSON,31,62.5,4203.1875
NE,31051,2014,DIXON,31,53.1,3571.0281
NE,31053,2014,DODGE,31,51.1,3436.5261
NE,31055,2014,DOUGLAS,31,52.3,3517.2273
NE,31057,2014,DUNDY,31,68.8,4626.8688
NE,31059,2014,FILLMORE,31,61.4,4129.2114
NE,31061,2014,FRANKLIN,31,53.8,3618.1038
NE,31065,2014,FURNAS,31,47.8,3214.5978
NE,31067,2014,GAGE,31,47.8,3214.5978
NE,31069,2014,GARDEN,31,56.3,3786.2313
NE,31073,2014,GOSPER,31,57.8,3887.1078
NE,31077,2014,GREELEY,31,52.5,3530.6775
NE,31079,2014,HALL,31,63.2,4250.2632
NE,31081,2014,HAMILTON,31,62.7,4216.6377
NE,31083,2014,HARLAN,31,54.3,3651.7293
NE,31085,2014,HAYES,31,65.6,4411.6656
NE,31089,2014,HOLT,31,53.9,3624.8289
NE,31093,2014,HOWARD,31,53.6,3604.6536
NE,31095,2014,JEFFERSON,31,51.0,3429.801
NE,31097,2014,JOHNSON,31,45.3,3046.4703
NE,31099,2014,KEARNEY,31,58.4,3927.4584
NE,31101,2014,KEITH,31,65.5,4404.9405
NE,31107,2014,KNOX,31,55.1,3705.5301
NE,31109,2014,LANCASTER,31,45.4,3053.1954
NE,31111,2014,LINCOLN,31,57.4,3860.2074
NE,31119,2014,MADISON,31,51.3,3449.9763
NE,31121,2014,MERRICK,31,57.2,3846.7572
NE,31125,2014,NANCE,31,56.1,3772.7811
NE,31127,2014,NEMAHA,31,47.7,3207.8727
NE,31129,2014,NUCKOLLS,31,53.9,3624.8289
NE,31131,2014,OTOE,31,43.4,2918.6934
NE,31133,2014,PAWNEE,31,44.9,3019.5699
NE,31135,2014,PERKINS,31,64.7,4351.1397
NE,31137,2014,PHELPS,31,60.7,4082.1357
NE,31139,2014,PIERCE,31,52.1,3503.7771
NE,31141,2014,PLATTE,31,57.5,3866.9325
NE,31143,2014,POLK,31,61.8,4156.1118
NE,31145,2014,RED WILLOW,31,61.7,4149.3867
NE,31147,2014,RICHARDSON,31,51.2,3443.2512
NE,31149,2014,ROCK,31,47.6,3201.1476
NE,31151,2014,SALINE,31,52.3,3517.2273
NE,31153,2014,SARPY,31,57.7,3880.3827
NE,31155,2014,SAUNDERS,31,55.6,3739.1556
NE,31159,2014,SEWARD,31,58.0,3900.558
NE,31167,2014,STANTON,31,52.0,3497.052
NE,31169,2014,THAYER,31,59.6,4008.1596
NE,31173,2014,THURSTON,31,54.0,3631.554
NE,31177,2014,WASHINGTON,31,47.0,3160.797
NE,31179,2014,WAYNE,31,54.5,3665.1795
NE,31181,2014,WEBSTER,31,46.1,3100.2711
NE,31183,2014,WHEELER,31,57.3,3853.4823
NE,31185,2014,YORK,31,61.5,4135.9365
NE,31998,2014,OTHER (COMBINED) COUNTIES,31,49.475,3327.243225
NE,31001,2015,ADAMS,31,66.0,4438.566
NE,31003,2015,ANTELOPE,31,61.7,4149.3867
NE,31011,2015,BOONE,31,58.5,3934.1835
NE,31015,2015,BOYD,31,50.5,3396.1755
NE,31019,2015,BUFFALO,31,64.7,4351.1397
NE,31021,2015,BURT,31,56.3,3786.2313
NE,31023,2015,BUTLER,31,61.1,4109.0361
NE,31025,2015,CASS,31,53.7,3611.3787
NE,31027,2015,CEDAR,31,59.0,3967.809
NE,31033,2015,CHEYENNE,31,34.9,2347.0599
NE,31035,2015,CLAY,31,64.5,4337.6895
NE,31037,2015,COLFAX,31,62.0,4169.562
NE,31039,2015,CUMING,31,59.6,4008.1596
NE,31041,2015,CUSTER,31,61.3,4122.4863
NE,31047,2015,DAWSON,31,72.2,4855.5222
NE,31051,2015,DIXON,31,59.5,4001.4345
NE,31053,2015,DODGE,31,60.3,4055.2353
NE,31055,2015,DOUGLAS,31,56.1,3772.7811
NE,31059,2015,FILLMORE,31,62.3,4189.7373
NE,31061,2015,FRANKLIN,31,57.0,3833.307
NE,31063,2015,FRONTIER,31,57.3,3853.4823
NE,31065,2015,FURNAS,31,57.8,3887.1078
NE,31067,2015,GAGE,31,46.8,3147.3468
NE,31071,2015,GARFIELD,31,59.1,3974.5341
NE,31073,2015,GOSPER,31,63.6,4277.1636
NE,31077,2015,GREELEY,31,58.0,3900.558
NE,31079,2015,HALL,31,66.5,4472.1915
NE,31081,2015,HAMILTON,31,63.6,4277.1636
NE,31083,2015,HARLAN,31,61.0,4102.311
NE,31089,2015,HOLT,31,66.9,4499.0919
NE,31093,2015,HOWARD,31,58.4,3927.4584
NE,31095,2015,JEFFERSON,31,50.3,3382.7253
NE,31097,2015,JOHNSON,31,45.7,3073.3707
NE,31099,2015,KEARNEY,31,65.2,4384.7652
NE,31101,2015,KEITH,31,61.0,4102.311
NE,31103,2015,KEYA PAHA,31,56.6,3806.4066
NE,31107,2015,KNOX,31,58.5,3934.1835
NE,31109,2015,LANCASTER,31,51.6,3470.1516
NE,31111,2015,LINCOLN,31,61.3,4122.4863
NE,31115,2015,LOUP,31,61.7,4149.3867
NE,31119,2015,MADISON,31,57.8,3887.1078
NE,31121,2015,MERRICK,31,63.6,4277.1636
NE,31125,2015,NANCE,31,61.0,4102.311
NE,31127,2015,NEMAHA,31,49.3,3315.4743
NE,31129,2015,NUCKOLLS,31,52.9,3557.5779
NE,31131,2015,OTOE,31,49.6,3335.6496
NE,31133,2015,PAWNEE,31,33.8,2273.0838
NE,31135,2015,PERKINS,31,61.9,4162.8369
NE,31137,2015,PHELPS,31,70.2,4721.0202
NE,31139,2015,PIERCE,31,56.6,3806.4066
NE,31141,2015,PLATTE,31,63.0,4236.813
NE,31143,2015,POLK,31,63.8,4290.6138
NE,31145,2015,RED WILLOW,31,62.7,4216.6377
NE,31147,2015,RICHARDSON,31,44.4,2985.9444
NE,31151,2015,SALINE,31,49.7,3342.3747
NE,31155,2015,SAUNDERS,31,57.8,3887.1078
NE,31159,2015,SEWARD,31,60.6,4075.4106
NE,31167,2015,STANTON,31,57.5,3866.9325
NE,31169,2015,THAYER,31,55.9,3759.3309
NE,31179,2015,WAYNE,31,58.8,3954.3588
NE,31181,2015,WEBSTER,31,46.7,3140.6217
NE,31185,2015,YORK,31,65.8,4425.1158
NE,31998,2015,OTHER (COMBINED) COUNTIES,31,55.18333333333334,3711.1343500000003
NE,31001,2016,ADAMS,31,65.2,4384.7652
NE,31003,2016,ANTELOPE,31,63.7,4283.8887
NE,31011,2016,BOONE,31,66.1,4445.2911
NE,31017,2016,BROWN,31,60.4,4061.9604
NE,31019,2016,BUFFALO,31,67.4,4532.7174
NE,31021,2016,BURT,31,60.2,4048.5102
NE,31023,2016,BUTLER,31,59.8,4021.6098
NE,31025,2016,CASS,31,57.7,3880.3827
NE,31027,2016,CEDAR,31,58.3,3920.7333
NE,31029,2016,CHASE,31,63.7,4283.8887
NE,31033,2016,CHEYENNE,31,46.9,3154.0719
NE,31035,2016,CLAY,31,65.7,4418.3907
NE,31037,2016,COLFAX,31,62.8,4223.3628
NE,31039,2016,CUMING,31,62.3,4189.7373
NE,31041,2016,CUSTER,31,63.6,4277.1636
NE,31043,2016,DAKOTA,31,58.8,3954.3588
NE,31047,2016,DAWSON,31,70.7,4754.6457
NE,31051,2016,DIXON,31,59.6,4008.1596
NE,31053,2016,DODGE,31,59.7,4014.8847
NE,31055,2016,DOUGLAS,31,61.2,4115.7612
NE,31057,2016,DUNDY,31,61.9,4162.8369
NE,31059,2016,FILLMORE,31,66.1,4445.2911
NE,31061,2016,FRANKLIN,31,60.7,4082.1357
NE,31063,2016,FRONTIER,31,59.1,3974.5341
NE,31065,2016,FURNAS,31,57.1,3840.0321
NE,31067,2016,GAGE,31,53.2,3577.7532
NE,31073,2016,GOSPER,31,67.2,4519.2672
NE,31077,2016,GREELEY,31,62.8,4223.3628
NE,31079,2016,HALL,31,67.8,4559.6178
NE,31081,2016,HAMILTON,31,70.8,4761.3708
NE,31083,2016,HARLAN,31,65.4,4398.2154
NE,31089,2016,HOLT,31,63.3,4256.9883
NE,31093,2016,HOWARD,31,65.9,4431.8409
NE,31095,2016,JEFFERSON,31,58.3,3920.7333
NE,31097,2016,JOHNSON,31,50.5,3396.1755
NE,31099,2016,KEARNEY,31,65.6,4411.6656
NE,31101,2016,KEITH,31,62.9,4230.0879
NE,31103,2016,KEYA PAHA,31,56.6,3806.4066
NE,31107,2016,KNOX,31,56.3,3786.2313
NE,31109,2016,LANCASTER,31,51.8,3483.6018
NE,31111,2016,LINCOLN,31,59.6,4008.1596
NE,31119,2016,MADISON,31,59.0,3967.809
NE,31121,2016,MERRICK,31,62.2,4183.0122
NE,31125,2016,NANCE,31,62.4,4196.4624
NE,31127,2016,NEMAHA,31,54.9,3692.0799
NE,31129,2016,NUCKOLLS,31,65.1,4378.0401
NE,31131,2016,OTOE,31,55.1,3705.5301
NE,31133,2016,PAWNEE,31,53.5,3597.9285
NE,31137,2016,PHELPS,31,71.3,4794.9963
NE,31139,2016,PIERCE,31,58.5,3934.1835
NE,31141,2016,PLATTE,31,65.1,4378.0401
NE,31143,2016,POLK,31,67.4,4532.7174
NE,31145,2016,RED WILLOW,31,65.5,4404.9405
NE,31147,2016,RICHARDSON,31,56.8,3819.8568
NE,31149,2016,ROCK,31,56.2,3779.5062
NE,31151,2016,SALINE,31,55.4,3725.7054
NE,31153,2016,SARPY,31,60.9,4095.5859
NE,31155,2016,SAUNDERS,31,59.3,3987.9843
NE,31159,2016,SEWARD,31,61.4,4129.2114
NE,31163,2016,SHERMAN,31,64.8,4357.8648
NE,31169,2016,THAYER,31,62.0,4169.562
NE,31175,2016,VALLEY,31,64.9,4364.5899
NE,31177,2016,WASHINGTON,31,58.3,3920.7333
NE,31179,2016,WAYNE,31,62.2,4183.0122
NE,31181,2016,WEBSTER,31,54.5,3665.1795
NE,31185,2016,YORK,31,67.3,4525.9923
NE,31998,2016,OTHER (COMBINED) COUNTIES,31,55.875,3757.649625
NE,31001,2017,ADAMS,31,66.2,4452.0162
NE,31003,2017,ANTELOPE,31,60.1,4041.7851
NE,31011,2017,BOONE,31,61.8,4156.1118
NE,31015,2017,BOYD,31,56.7,3813.1317
NE,31017,2017,BROWN,31,61.1,4109.0361
NE,31019,2017,BUFFALO,31,67.4,4532.7174
NE,31021,2017,BURT,31,55.6,3739.1556
NE,31023,2017,BUTLER,31,56.8,3819.8568
NE,31025,2017,CASS,31,52.1,3503.7771
NE,31027,2017,CEDAR,31,55.9,3759.3309
NE,31035,2017,CLAY,31,65.6,4411.6656
NE,31037,2017,COLFAX,31,55.0,3698.805
NE,31039,2017,CUMING,31,60.6,4075.4106
NE,31041,2017,CUSTER,31,46.8,3147.3468
NE,31047,2017,DAWSON,31,66.8,4492.3668
NE,31051,2017,DIXON,31,55.8,3752.6058
NE,31053,2017,DODGE,31,60.7,4082.1357
NE,31055,2017,DOUGLAS,31,54.2,3645.0042
NE,31059,2017,FILLMORE,31,64.3,4324.2393
NE,31065,2017,FURNAS,31,50.9,3423.0759
NE,31067,2017,GAGE,31,47.5,3194.4225
NE,31077,2017,GREELEY,31,58.8,3954.3588
NE,31079,2017,HALL,31,64.8,4357.8648
NE,31081,2017,HAMILTON,31,67.7,4552.8927
NE,31089,2017,HOLT,31,61.5,4135.9365
NE,31095,2017,JEFFERSON,31,49.7,3342.3747
NE,31097,2017,JOHNSON,31,48.4,3254.9484
NE,31099,2017,KEARNEY,31,67.8,4559.6178
NE,31103,2017,KEYA PAHA,31,56.4,3792.9564
NE,31107,2017,KNOX,31,50.9,3423.0759
NE,31109,2017,LANCASTER,31,48.2,3241.4982
NE,31113,2017,LOGAN,31,57.4,3860.2074
NE,31119,2017,MADISON,31,57.7,3880.3827
NE,31121,2017,MERRICK,31,63.3,4256.9883
NE,31125,2017,NANCE,31,58.8,3954.3588
NE,31127,2017,NEMAHA,31,54.2,3645.0042
NE,31129,2017,NUCKOLLS,31,59.5,4001.4345
NE,31131,2017,OTOE,31,51.4,3456.7014
NE,31133,2017,PAWNEE,31,36.5,2454.6615
NE,31137,2017,PHELPS,31,66.1,4445.2911
NE,31139,2017,PIERCE,31,53.2,3577.7532
NE,31141,2017,PLATTE,31,60.7,4082.1357
NE,31143,2017,POLK,31,65.7,4418.3907
NE,31147,2017,RICHARDSON,31,50.6,3402.9006
NE,31151,2017,SALINE,31,53.8,3618.1038
NE,31153,2017,SARPY,31,55.6,3739.1556
NE,31155,2017,SAUNDERS,31,56.6,3806.4066
NE,31159,2017,SEWARD,31,61.6,4142.6616
NE,31163,2017,SHERMAN,31,61.4,4129.2114
NE,31167,2017,STANTON,31,57.1,3840.0321
NE,31169,2017,THAYER,31,56.2,3779.5062
NE,31177,2017,WASHINGTON,31,55.5,3732.4305
NE,31179,2017,WAYNE,31,56.7,3813.1317
NE,31181,2017,WEBSTER,31,54.6,3671.9046
NE,31185,2017,YORK,31,69.0,4640.319
NE,31998,2017,OTHER (COMBINED) COUNTIES,31,58.725,3949.3149750000002
NE,31001,2018,ADAMS,31,66.0,4438.566
NE,31003,2018,ANTELOPE,31,59.6,4008.1596
NE,31011,2018,BOONE,31,64.0,4304.064
NE,31015,2018,BOYD,31,60.9,4095.5859
NE,31019,2018,BUFFALO,31,69.6,4680.6696
NE,31021,2018,BURT,31,55.4,3725.7054
NE,31023,2018,BUTLER,31,56.0,3766.056
NE,31025,2018,CASS,31,55.7,3745.8807
NE,31027,2018,CEDAR,31,60.0,4035.06
NE,31035,2018,CLAY,31,65.0,4371.315
NE,31037,2018,COLFAX,31,55.4,3725.7054
NE,31039,2018,CUMING,31,58.6,3940.9086
NE,31041,2018,CUSTER,31,63.4,4263.7134
NE,31047,2018,DAWSON,31,72.2,4855.5222
NE,31053,2018,DODGE,31,57.3,3853.4823
NE,31055,2018,DOUGLAS,31,59.6,4008.1596
NE,31059,2018,FILLMORE,31,61.8,4156.1118
NE,31067,2018,GAGE,31,51.1,3436.5261
NE,31071,2018,GARFIELD,31,61.7,4149.3867
NE,31073,2018,GOSPER,31,66.8,4492.3668
NE,31077,2018,GREELEY,31,59.7,4014.8847
NE,31079,2018,HALL,31,66.5,4472.1915
NE,31081,2018,HAMILTON,31,63.5,4270.4385
NE,31083,2018,HARLAN,31,66.2,4452.0162
NE,31089,2018,HOLT,31,62.9,4230.0879
NE,31093,2018,HOWARD,31,53.2,3577.7532
NE,31095,2018,JEFFERSON,31,54.9,3692.0799
NE,31099,2018,KEARNEY,31,63.6,4277.1636
NE,31103,2018,KEYA PAHA,31,60.8,4088.8608
NE,31107,2018,KNOX,31,58.8,3954.3588
NE,31109,2018,LANCASTER,31,48.8,3281.8488
NE,31113,2018,LOGAN,31,65.3,4391.4903
NE,31119,2018,MADISON,31,54.4,3658.4544
NE,31121,2018,MERRICK,31,58.7,3947.6337
NE,31127,2018,NEMAHA,31,48.8,3281.8488
NE,31131,2018,OTOE,31,44.9,3019.5699
NE,31133,2018,PAWNEE,31,45.3,3046.4703
NE,31137,2018,PHELPS,31,67.2,4519.2672
NE,31139,2018,PIERCE,31,57.3,3853.4823
NE,31141,2018,PLATTE,31,54.7,3678.6297
NE,31143,2018,POLK,31,64.3,4324.2393
NE,31147,2018,RICHARDSON,31,48.9,3288.5739
NE,31151,2018,SALINE,31,56.6,3806.4066
NE,31155,2018,SAUNDERS,31,54.4,3658.4544
NE,31159,2018,SEWARD,31,58.8,3954.3588
NE,31163,2018,SHERMAN,31,62.2,4183.0122
NE,31167,2018,STANTON,31,60.7,4082.1357
NE,31169,2018,THAYER,31,57.0,3833.307
NE,31173,2018,THURSTON,31,56.5,3799.6815
NE,31175,2018,VALLEY,31,65.2,4384.7652
NE,31177,2018,WASHINGTON,31,54.5,3665.1795
NE,31179,2018,WAYNE,31,58.2,3914.0082
NE,31181,2018,WEBSTER,31,53.7,3611.3787
NE,31185,2018,YORK,31,60.9,4095.5859
NE,31998,2018,OTHER (COMBINED) COUNTIES,31,57.1,3840.0320999999994
NE,31001,2019,ADAMS,31,62.4,4196.4624
NE,31017,2019,BROWN,31,56.0,3766.056
NE,31021,2019,BURT,31,53.5,3597.9285
NE,31023,2019,BUTLER,31,55.3,3718.9803
NE,31025,2019,CASS,31,52.5,3530.6775
NE,31027,2019,CEDAR,31,60.4,4061.9604
NE,31037,2019,COLFAX,31,60.1,4041.7851
NE,31039,2019,CUMING,31,62.2,4183.0122
NE,31047,2019,DAWSON,31,66.8,4492.3668
NE,31053,2019,DODGE,31,63.4,4263.7134
NE,31055,2019,DOUGLAS,31,53.4,3591.2034
NE,31059,2019,FILLMORE,31,62.5,4203.1875
NE,31067,2019,GAGE,31,56.0,3766.056
NE,31073,2019,GOSPER,31,65.4,4398.2154
NE,31079,2019,HALL,31,53.5,3597.9285
NE,31081,2019,HAMILTON,31,64.9,4364.5899
NE,31089,2019,HOLT,31,60.0,4035.06
NE,31093,2019,HOWARD,31,59.9,4028.3349
NE,31095,2019,JEFFERSON,31,60.9,4095.5859
NE,31097,2019,JOHNSON,31,49.5,3328.9245
NE,31099,2019,KEARNEY,31,63.5,4270.4385
NE,31109,2019,LANCASTER,31,52.3,3517.2273
NE,31113,2019,LOGAN,31,56.1,3772.7811
NE,31119,2019,MADISON,31,57.8,3887.1078
NE,31125,2019,NANCE,31,62.0,4169.562
NE,31127,2019,NEMAHA,31,53.0,3564.303
NE,31131,2019,OTOE,31,53.4,3591.2034
NE,31133,2019,PAWNEE,31,48.7,3275.1237
NE,31137,2019,PHELPS,31,67.3,4525.9923
NE,31139,2019,PIERCE,31,57.3,3853.4823
NE,31141,2019,PLATTE,31,64.3,4324.2393
NE,31147,2019,RICHARDSON,31,54.9,3692.0799
NE,31149,2019,ROCK,31,54.0,3631.554
NE,31151,2019,SALINE,31,56.4,3792.9564
NE,31155,2019,SAUNDERS,31,55.1,3705.5301
NE,31159,2019,SEWARD,31,62.5,4203.1875
NE,31163,2019,SHERMAN,31,61.0,4102.311
NE,31167,2019,STANTON,31,58.3,3920.7333
NE,31169,2019,THAYER,31,57.7,3880.3827
NE,31173,2019,THURSTON,31,56.0,3766.056
NE,31177,2019,WASHINGTON,31,54.4,3658.4544
NE,31179,2019,WAYNE,31,58.1,3907.2831
NE,31181,2019,WEBSTER,31,54.3,3651.7293
NE,31185,2019,YORK,31,64.6,4344.4146
NE,31998,2019,OTHER (COMBINED) COUNTIES,31,58.583333333333336,3939.78775
NE,31001,2020,ADAMS,31,63.0,4236.813
NE,31003,2020,ANTELOPE,31,64.4,4330.9644
NE,31011,2020,BOONE,31,64.1,4310.7891
NE,31015,2020,BOYD,31,46.7,3140.6217
NE,31019,2020,BUFFALO,31,64.8,4357.8648
NE,31021,2020,BURT,31,52.1,3503.7771
NE,31023,2020,BUTLER,31,57.7,3880.3827
NE,31025,2020,CASS,31,52.3,3517.2273
NE,31027,2020,CEDAR,31,57.1,3840.0321
NE,31029,2020,CHASE,31,68.9,4633.5939
NE,31035,2020,CLAY,31,69.9,4700.8449
NE,31037,2020,COLFAX,31,53.1,3571.0281
NE,31039,2020,CUMING,31,51.7,3476.8767
NE,31041,2020,CUSTER,31,61.9,4162.8369
NE,31043,2020,DAKOTA,31,58.3,3920.7333
NE,31047,2020,DAWSON,31,67.2,4519.2672
NE,31049,2020,DEUEL,31,27.6,1856.1276
NE,31051,2020,DIXON,31,56.1,3772.7811
NE,31053,2020,DODGE,31,53.8,3618.1038
NE,31055,2020,DOUGLAS,31,52.6,3537.4026
NE,31057,2020,DUNDY,31,52.8,3550.8528
NE,31059,2020,FILLMORE,31,68.3,4593.2433
NE,31061,2020,FRANKLIN,31,59.7,4014.8847
NE,31063,2020,FRONTIER,31,56.1,3772.7811
NE,31065,2020,FURNAS,31,47.3,3180.9723
NE,31067,2020,GAGE,31,48.2,3241.4982
NE,31071,2020,GARFIELD,31,57.0,3833.307
NE,31073,2020,GOSPER,31,70.2,4721.0202
NE,31077,2020,GREELEY,31,63.0,4236.813
NE,31079,2020,HALL,31,71.6,4815.1716
NE,31081,2020,HAMILTON,31,70.9,4768.0959
NE,31083,2020,HARLAN,31,58.8,3954.3588
NE,31089,2020,HOLT,31,59.1,3974.5341
NE,31093,2020,HOWARD,31,62.9,4230.0879
NE,31095,2020,JEFFERSON,31,58.7,3947.6337
NE,31097,2020,JOHNSON,31,44.4,2985.9444
NE,31099,2020,KEARNEY,31,63.4,4263.7134
NE,31101,2020,KEITH,31,59.4,3994.7094
NE,31109,2020,LANCASTER,31,49.3,3315.4743
NE,31111,2020,LINCOLN,31,59.0,3967.809
NE,31121,2020,MERRICK,31,66.7,4485.6417
NE,31125,2020,NANCE,31,58.8,3954.3588
NE,31127,2020,NEMAHA,31,52.2,3510.5022
NE,31129,2020,NUCKOLLS,31,63.6,4277.1636
NE,31131,2020,OTOE,31,50.0,3362.55
NE,31133,2020,PAWNEE,31,41.8,2811.0918
NE,31135,2020,PERKINS,31,64.7,4351.1397
NE,31137,2020,PHELPS,31,72.6,4882.4226
NE,31139,2020,PIERCE,31,58.6,3940.9086
NE,31141,2020,PLATTE,31,63.5,4270.4385
NE,31143,2020,POLK,31,66.9,4499.0919
NE,31145,2020,RED WILLOW,31,59.0,3967.809
NE,31147,2020,RICHARDSON,31,54.9,3692.0799
NE,31149,2020,ROCK,31,56.2,3779.5062
NE,31151,2020,SALINE,31,60.4,4061.9604
NE,31153,2020,SARPY,31,52.5,3530.6775
NE,31155,2020,SAUNDERS,31,53.9,3624.8289
NE,31159,2020,SEWARD,31,60.4,4061.9604
NE,31161,2020,SHERIDAN,31,25.7,1728.3507
NE,31163,2020,SHERMAN,31,62.2,4183.0122
NE,31167,2020,STANTON,31,48.5,3261.6735
NE,31169,2020,THAYER,31,67.7,4552.8927
NE,31173,2020,THURSTON,31,49.9,3355.8249
NE,31175,2020,VALLEY,31,65.4,4398.2154
NE,31177,2020,WASHINGTON,31,49.2,3308.7492
NE,31179,2020,WAYNE,31,53.9,3624.8289
NE,31181,2020,WEBSTER,31,50.1,3369.2751
NE,31183,2020,WHEELER,31,68.0,4573.068
NE,31185,2020,YORK,31,72.3,4862.2473
NE,31998,2020,OTHER COUNTIES,31,55.2,3712.2552
NE,31001,2021,ADAMS,31,71.1,4781.5461
NE,31015,2021,BOYD,31,42.0,2824.542
NE,31017,2021,BROWN,31,74.6,5016.9246
NE,31021,2021,BURT,31,64.7,4351.1397
NE,31023,2021,BUTLER,31,62.2,4183.0122
NE,31027,2021,CEDAR,31,61.3,4122.4863
NE,31029,2021,CHASE,31,66.7,4485.6417
NE,31035,2021,CLAY,31,70.0,4707.57
NE,31037,2021,COLFAX,31,68.7,4620.1437
NE,31039,2021,CUMING,31,66.7,4485.6417
NE,31043,2021,DAKOTA,31,58.6,3940.9086
NE,31047,2021,DAWSON,31,73.8,4963.1238
NE,31053,2021,DODGE,31,64.0,4304.064
NE,31055,2021,DOUGLAS,31,59.0,3967.809
NE,31061,2021,FRANKLIN,31,71.4,4801.7214
NE,31065,2021,FURNAS,31,51.6,3470.1516
NE,31067,2021,GAGE,31,51.2,3443.2512
NE,31071,2021,GARFIELD,31,58.5,3934.1835
NE,31073,2021,GOSPER,31,75.5,5077.4505
NE,31077,2021,GREELEY,31,64.2,4317.5142
NE,31083,2021,HARLAN,31,71.7,4821.8967
NE,31093,2021,HOWARD,31,70.3,4727.7453
NE,31101,2021,KEITH,31,61.5,4135.9365
NE,31107,2021,KNOX,31,52.7,3544.1277
NE,31109,2021,LANCASTER,31,55.5,3732.4305
NE,31111,2021,LINCOLN,31,66.7,4485.6417
NE,31113,2021,LOGAN,31,66.0,4438.566
NE,31119,2021,MADISON,31,61.8,4156.1118
NE,31125,2021,NANCE,31,67.5,4539.4425
NE,31127,2021,NEMAHA,31,62.2,4183.0122
NE,31131,2021,OTOE,31,58.7,3947.6337
NE,31133,2021,PAWNEE,31,48.9,3288.5739
NE,31135,2021,PERKINS,31,56.2,3779.5062
NE,31137,2021,PHELPS,31,72.9,4902.5979
NE,31139,2021,PIERCE,31,56.2,3779.5062
NE,31141,2021,PLATTE,31,64.9,4364.5899
NE,31147,2021,RICHARDSON,31,58.9,3961.0839
NE,31153,2021,SARPY,31,61.4,4129.2114
NE,31155,2021,SAUNDERS,31,62.4,4196.4624
NE,31159,2021,SEWARD,31,67.0,4505.817
NE,31161,2021,SHERIDAN,31,51.7,3476.8767
NE,31163,2021,SHERMAN,31,69.4,4667.2194
NE,31169,2021,THAYER,31,59.6,4008.1596
NE,31173,2021,THURSTON,31,60.7,4082.1357
NE,31175,2021,VALLEY,31,68.9,4633.5939
NE,31177,2021,WASHINGTON,31,63.6,4277.1636
NE,31185,2021,YORK,31,69.3,4660.4943
NE,31998,2021,OTHER COUNTIES,31,63.5,4270.4385
NE,31001,2022,ADAMS,31,62.7,4216.6377
NE,31011,2022,BOONE,31,55.4,3725.7054
NE,31015,2022,BOYD,31,30.0,2017.53
NE,31019,2022,BUFFALO,31,51.5,3463.4265
NE,31021,2022,BURT,31,43.3,2911.9683
NE,31023,2022,BUTLER,31,43.7,2938.8687
NE,31025,2022,CASS,31,38.9,2616.0639
NE,31027,2022,CEDAR,31,53.2,3577.7532
NE,31035,2022,CLAY,31,59.9,4028.3349
NE,31037,2022,COLFAX,31,43.2,2905.2432
NE,31039,2022,CUMING,31,46.8,3147.3468
NE,31043,2022,DAKOTA,31,49.4,3322.1994
NE,31047,2022,DAWSON,31,60.9,4095.5859
NE,31053,2022,DODGE,31,45.7,3073.3707
NE,31055,2022,DOUGLAS,31,43.0,2891.793
NE,31059,2022,FILLMORE,31,64.2,4317.5142
NE,31061,2022,FRANKLIN,31,47.2,3174.2472
NE,31065,2022,FURNAS,31,37.5,2521.9125
NE,31067,2022,GAGE,31,36.5,2454.6615
NE,31071,2022,GARFIELD,31,59.5,4001.4345
NE,31077,2022,GREELEY,31,51.8,3483.6018
NE,31079,2022,HALL,31,64.1,4310.7891
NE,31081,2022,HAMILTON,31,66.9,4499.0919
NE,31083,2022,HARLAN,31,60.3,4055.2353
NE,31089,2022,HOLT,31,58.5,3934.1835
NE,31093,2022,HOWARD,31,51.1,3436.5261
NE,31095,2022,JEFFERSON,31,49.9,3355.8249
NE,31097,2022,JOHNSON,31,32.3,2172.2073
NE,31099,2022,KEARNEY,31,57.4,3860.2074
NE,31107,2022,KNOX,31,40.9,2750.5659
NE,31109,2022,LANCASTER,31,33.7,2266.3587
NE,31111,2022,LINCOLN,31,63.8,4290.6138
NE,31113,2022,LOGAN,31,56.5,3799.6815
NE,31119,2022,MADISON,31,46.0,3093.546
NE,31121,2022,MERRICK,31,51.3,3449.9763
NE,31125,2022,NANCE,31,45.0,3026.295
NE,31127,2022,NEMAHA,31,45.7,3073.3707
NE,31129,2022,NUCKOLLS,31,50.7,3409.6257
NE,31131,2022,OTOE,31,34.7,2333.6097
NE,31133,2022,PAWNEE,31,28.2,1896.4782
NE,31135,2022,PERKINS,31,61.3,4122.4863
NE,31137,2022,PHELPS,31,65.5,4404.9405
NE,31139,2022,PIERCE,31,49.2,3308.7492
NE,31141,2022,PLATTE,31,51.1,3436.5261
NE,31143,2022,POLK,31,51.9,3490.3269
NE,31145,2022,RED WILLOW,31,51.5,3463.4265
NE,31147,2022,RICHARDSON,31,46.2,3106.9962
NE,31149,2022,ROCK,31,49.4,3322.1994
NE,31151,2022,SALINE,31,45.1,3033.0201
NE,31153,2022,SARPY,31,43.3,2911.9683
NE,31155,2022,SAUNDERS,31,47.3,3180.9723
NE,31159,2022,SEWARD,31,53.6,3604.6536
NE,31163,2022,SHERMAN,31,50.9,3423.0759
NE,31167,2022,STANTON,31,36.1,2427.7611
NE,31169,2022,THAYER,31,55.3,3718.9803
NE,31173,2022,THURSTON,31,32.6,2192.3826
NE,31175,2022,VALLEY,31,60.4,4061.9604
NE,31177,2022,WASHINGTON,31,41.5,2790.9165
NE,31179,2022,WAYNE,31,37.2,2501.7372
NE,31181,2022,WEBSTER,31,41.1,2764.0161
NE,31185,2022,YORK,31,64.6,4344.4146
NE,31998,2022,OTHER COUNTIES,31,53.5,3597.9285
NE,31001,2023,ADAMS,31,62.0,4169.562
NE,31003,2023,ANTELOPE,31,59.6,4008.1596
NE,31011,2023,BOONE,31,52.3,3517.2273
NE,31015,2023,BOYD,31,44.6,2999.3946
NE,31019,2023,BUFFALO,31,55.5,3732.4305
NE,31021,2023,BURT,31,48.0,3228.048
NE,31023,2023,BUTLER,31,45.0,3026.295
NE,31025,2023,CASS,31,58.6,3940.9086
NE,31027,2023,CEDAR,31,57.3,3853.4823
NE,31029,2023,CHASE,31,56.3,3786.2313
NE,31035,2023,CLAY,31,55.8,3752.6058
NE,31037,2023,COLFAX,31,44.1,2965.7691
NE,31039,2023,CUMING,31,42.4,2851.4424
NE,31041,2023,CUSTER,31,53.1,3571.0281
NE,31043,2023,DAKOTA,31,52.7,3544.1277
NE,31047,2023,DAWSON,31,63.6,4277.1636
NE,31053,2023,DODGE,31,51.1,3436.5261
NE,31055,2023,DOUGLAS,31,41.4,2784.1914
NE,31059,2023,FILLMORE,31,57.7,3880.3827
NE,31061,2023,FRANKLIN,31,51.6,3470.1516
NE,31063,2023,FRONTIER,31,54.7,3678.6297
NE,31065,2023,FURNAS,31,42.3,2844.7173
NE,31067,2023,GAGE,31,45.4,3053.1954
NE,31073,2023,GOSPER,31,59.8,4021.6098
NE,31077,2023,GREELEY,31,53.4,3591.2034
NE,31079,2023,HALL,31,62.9,4230.0879
NE,31081,2023,HAMILTON,31,58.8,3954.3588
NE,31083,2023,HARLAN,31,53.2,3577.7532
NE,31087,2023,HITCHCOCK,31,47.5,3194.4225
NE,31089,2023,HOLT,31,65.0,4371.315
NE,31093,2023,HOWARD,31,59.9,4028.3349
NE,31095,2023,JEFFERSON,31,38.0,2555.538
NE,31097,2023,JOHNSON,31,48.8,3281.8488
NE,31099,2023,KEARNEY,31,59.5,4001.4345
NE,31109,2023,LANCASTER,31,39.9,2683.3149
NE,31111,2023,LINCOLN,31,70.7,4754.6457
NE,31113,2023,LOGAN,31,59.2,3981.2592
NE,31119,2023,MADISON,31,46.1,3100.2711
NE,31121,2023,MERRICK,31,65.9,4431.8409
NE,31127,2023,NEMAHA,31,54.7,3678.6297
NE,31129,2023,NUCKOLLS,31,43.7,2938.8687
NE,31133,2023,PAWNEE,31,50.2,3376.0002
NE,31137,2023,PHELPS,31,66.6,4478.9166
NE,31139,2023,PIERCE,31,49.3,3315.4743
NE,31141,2023,PLATTE,31,56.8,3819.8568
NE,31143,2023,POLK,31,50.7,3409.6257
NE,31145,2023,RED WILLOW,31,54.2,3645.0042
NE,31147,2023,RICHARDSON,31,57.5,3866.9325
NE,31149,2023,ROCK,31,60.8,4088.8608
NE,31151,2023,SALINE,31,40.3,2710.2153
NE,31153,2023,SARPY,31,45.7,3073.3707
NE,31155,2023,SAUNDERS,31,48.2,3241.4982
NE,31163,2023,SHERMAN,31,51.1,3436.5261
NE,31167,2023,STANTON,31,41.0,2757.291
NE,31169,2023,THAYER,31,50.4,3389.4504
NE,31175,2023,VALLEY,31,52.0,3497.052
NE,31177,2023,WASHINGTON,31,43.3,2911.9683
NE,31179,2023,WAYNE,31,40.7,2737.1157
NE,31181,2023,WEBSTER,31,44.5,2992.6695
NE,31183,2023,WHEELER,31,66.2,4452.0162
NE,31185,2023,YORK,31,59.4,3994.7094
NE,31998,2023,OTHER COUNTIES,31,49.2,3308.7492
NE,31001,2024,ADAMS,31,67.7,4552.8927
NE,31003,2024,ANTELOPE,31,61.5,4135.9365
NE,31015,2024,BOYD,31,47.2,3174.2472
NE,31017,2024,BROWN,31,64.9,4364.5899
NE,31019,2024,BUFFALO,31,65.2,4384.7652
NE,31021,2024,BURT,31,56.9,3826.5819
NE,31023,2024,BUTLER,31,54.3,3651.7293
NE,31025,2024,CASS,31,54.6,3671.9046
NE,31029,2024,CHASE,31,56.1,3772.7811
NE,31035,2024,CLAY,31,63.0,4236.813
NE,31037,2024,COLFAX,31,57.6,3873.6576
NE,31039,2024,CUMING,31,58.0,3900.558
NE,31041,2024,CUSTER,31,57.1,3840.0321
NE,31047,2024,DAWSON,31,67.0,4505.817
NE,31055,2024,DOUGLAS,31,58.4,3927.4584
NE,31059,2024,FILLMORE,31,68.0,4573.068
NE,31061,2024,FRANKLIN,31,64.2,4317.5142
NE,31065,2024,FURNAS,31,64.4,4330.9644
NE,31067,2024,GAGE,31,41.1,2764.0161
NE,31077,2024,GREELEY,31,56.4,3792.9564
NE,31079,2024,HALL,31,63.5,4270.4385
NE,31081,2024,HAMILTON,31,67.7,4552.8927
NE,31089,2024,HOLT,31,63.8,4290.6138
NE,31093,2024,HOWARD,31,61.7,4149.3867
NE,31095,2024,JEFFERSON,31,47.8,3214.5978
NE,31097,2024,JOHNSON,31,42.3,2844.7173
NE,31103,2024,KEYA PAHA,31,52.6,3537.4026
NE,31107,2024,KNOX,31,54.2,3645.0042
NE,31109,2024,LANCASTER,31,43.8,2945.5938
NE,31111,2024,LINCOLN,31,72.3,4862.2473
NE,31113,2024,LOGAN,31,65.8,4425.1158
NE,31129,2024,NUCKOLLS,31,56.2,3779.5062
NE,31133,2024,PAWNEE,31,39.6,2663.1396
NE,31135,2024,PERKINS,31,62.3,4189.7373
NE,31137,2024,PHELPS,31,66.0,4438.566
NE,31139,2024,PIERCE,31,55.9,3759.3309
NE,31143,2024,POLK,31,67.2,4519.2672
NE,31145,2024,RED WILLOW,31,69.3,4660.4943
NE,31151,2024,SALINE,31,51.5,3463.4265
NE,31153,2024,SARPY,31,58.9,3961.0839
NE,31161,2024,SHERIDAN,31,45.4,3053.1954
NE,31163,2024,SHERMAN,31,62.2,4183.0122
NE,31167,2024,STANTON,31,53.5,3597.9285
NE,31169,2024,THAYER,31,54.3,3651.7293
NE,31175,2024,VALLEY,31,61.2,4115.7612
NE,31177,2024,WASHINGTON,31,51.2,3443.2512
NE,31179,2024,WAYNE,31,62.3,4189.7373
NE,31181,2024,WEBSTER,31,51.9,3490.3269
NE,31183,2024,WHEELER,31,65.5,4404.9405
NE,31185,2024,YORK,31,68.0,4573.068
NE,31998,2024,OTHER COUNTIES,31,57.8,3887.1078
MO,29001,2014,ADAIR,29,49.6,3335.6496
MO,29003,2014,ANDREW,29,46.8,3147.3468
MO,29005,2014,ATCHISON,29,53.1,3571.0281
MO,29007,2014,AUDRAIN,29,50.1,3369.2751
MO,29009,2014,BARRY,29,32.3,2172.2073
MO,29011,2014,BARTON,29,35.8,2407.5858
MO,29019,2014,BOONE,29,46.4,3120.4464
MO,29021,2014,BUCHANAN,29,49.5,3328.9245
MO,29023,2014,BUTLER,29,47.9,3221.3229
MO,29025,2014,CALDWELL,29,49.2,3308.7492
MO,29033,2014,CARROLL,29,50.9,3423.0759
MO,29037,2014,CASS,29,41.4,2784.1914
MO,29041,2014,CHARITON,29,46.2,3106.9962
MO,29043,2014,CHRISTIAN,29,30.3,2037.7053
MO,29047,2014,CLAY,29,47.0,3160.797
MO,29049,2014,CLINTON,29,49.2,3308.7492
MO,29051,2014,COLE,29,47.3,3180.9723
MO,29053,2014,COOPER,29,45.4,3053.1954
MO,29057,2014,DADE,29,29.0,1950.279
MO,29059,2014,DALLAS,29,36.3,2441.2113
MO,29061,2014,DAVIESS,29,44.4,2985.9444
MO,29069,2014,DUNKLIN,29,44.4,2985.9444
MO,29071,2014,FRANKLIN,29,46.6,3133.8966
MO,29073,2014,GASCONADE,29,42.4,2851.4424
MO,29077,2014,GREENE,29,33.6,2259.6336
MO,29079,2014,GRUNDY,29,44.4,2985.9444
MO,29083,2014,HENRY,29,42.8,2878.3428
MO,29085,2014,HICKORY,29,30.3,2037.7053
MO,29087,2014,HOLT,29,51.3,3449.9763
MO,29095,2014,JACKSON,29,46.2,3106.9962
MO,29097,2014,JASPER,29,31.7,2131.8567
MO,29099,2014,JEFFERSON,29,42.9,2885.0679
MO,29101,2014,JOHNSON,29,45.1,3033.0201
MO,29103,2014,KNOX,29,46.6,3133.8966
MO,29105,2014,LACLEDE,29,29.4,1977.1794
MO,29107,2014,LAFAYETTE,29,52.0,3497.052
MO,29109,2014,LAWRENCE,29,30.8,2071.3308
MO,29113,2014,LINCOLN,29,42.7,2871.6177
MO,29115,2014,LINN,29,43.5,2925.4185
MO,29117,2014,LIVINGSTON,29,45.7,3073.3707
MO,29123,2014,MADISON,29,47.0,3160.797
MO,29125,2014,MARIES,29,40.6,2730.3906
MO,29127,2014,MARION,29,44.5,2992.6695
MO,29131,2014,MILLER,29,47.5,3194.4225
MO,29133,2014,MISSISSIPPI,29,49.0,3295.299
MO,29137,2014,MONROE,29,49.9,3355.8249
MO,29139,2014,MONTGOMERY,29,49.1,3302.0241
MO,29143,2014,NEW MADRID,29,50.9,3423.0759
MO,29147,2014,NODAWAY,29,52.9,3557.5779
MO,29151,2014,OSAGE,29,48.5,3261.6735
MO,29155,2014,PEMISCOT,29,41.4,2784.1914
MO,29157,2014,PERRY,29,41.3,2777.4663
MO,29159,2014,PETTIS,29,49.3,3315.4743
MO,29163,2014,PIKE,29,43.2,2905.2432
MO,29165,2014,PLATTE,29,48.8,3281.8488
MO,29167,2014,POLK,29,31.3,2104.9563
MO,29171,2014,PUTNAM,29,46.3,3113.7213
MO,29173,2014,RALLS,29,46.6,3133.8966
MO,29181,2014,RIPLEY,29,34.7,2333.6097
MO,29183,2014,ST CHARLES,29,49.5,3328.9245
MO,29185,2014,ST CLAIR,29,36.6,2461.3866
MO,29186,2014,STE GENEVIEVE,29,45.5,3059.9205
MO,29187,2014,ST FRANCOIS,29,44.6,2999.3946
MO,29189,2014,ST LOUIS,29,49.5,3328.9245
MO,29195,2014,SALINE,29,55.8,3752.6058
MO,29199,2014,SCOTLAND,29,46.2,3106.9962
MO,29205,2014,SHELBY,29,49.2,3308.7492
MO,29207,2014,STODDARD,29,48.3,3248.2233
MO,29211,2014,SULLIVAN,29,38.6,2595.8886
MO,29219,2014,WARREN,29,49.9,3355.8249
MO,29225,2014,WEBSTER,29,29.9,2010.8049
MO,29227,2014,WORTH,29,48.2,3241.4982
MO,29998,2014,OTHER (COMBINED) COUNTIES,29,43.82222222222222,2947.0882666666666
MO,29007,2015,AUDRAIN,29,27.9,1876.3029
MO,29009,2015,BARRY,29,42.3,2844.7173
MO,29011,2015,BARTON,29,38.8,2609.3388
MO,29013,2015,BATES,29,34.4,2313.4344
MO,29019,2015,BOONE,29,39.8,2676.5898
MO,29021,2015,BUCHANAN,29,42.7,2871.6177
MO,29025,2015,CALDWELL,29,35.5,2387.4105
MO,29031,2015,CAPE GIRARDEAU,29,46.5,3127.1715
MO,29033,2015,CARROLL,29,37.3,2508.4623
MO,29037,2015,CASS,29,39.0,2622.789
MO,29041,2015,CHARITON,29,31.6,2125.1316
MO,29049,2015,CLINTON,29,36.9,2481.5619
MO,29051,2015,COLE,29,43.2,2905.2432
MO,29055,2015,CRAWFORD,29,35.7,2400.8607
MO,29057,2015,DADE,29,35.6,2394.1356
MO,29059,2015,DALLAS,29,42.6,2864.8926
MO,29061,2015,DAVIESS,29,39.9,2683.3149
MO,29069,2015,DUNKLIN,29,42.8,2878.3428
MO,29071,2015,FRANKLIN,29,48.2,3241.4982
MO,29073,2015,GASCONADE,29,39.6,2663.1396
MO,29077,2015,GREENE,29,45.8,3080.0958
MO,29097,2015,JASPER,29,34.7,2333.6097
MO,29099,2015,JEFFERSON,29,42.7,2871.6177
MO,29101,2015,JOHNSON,29,33.9,2279.8089
MO,29105,2015,LACLEDE,29,32.5,2185.6575
MO,29107,2015,LAFAYETTE,29,44.1,2965.7691
MO,29109,2015,LAWRENCE,29,40.5,2723.6655
MO,29111,2015,LEWIS,29,40.5,2723.6655
MO,29117,2015,LIVINGSTON,29,32.2,2165.4822
MO,29125,2015,MARIES,29,35.7,2400.8607
MO,29131,2015,MILLER,29,41.3,2777.4663
MO,29141,2015,MORGAN,29,36.7,2468.1117
MO,29143,2015,NEW MADRID,29,42.2,2837.9922
MO,29145,2015,NEWTON,29,41.8,2811.0918
MO,29147,2015,NODAWAY,29,40.3,2710.2153
MO,29151,2015,OSAGE,29,39.5,2656.4145
MO,29155,2015,PEMISCOT,29,41.0,2757.291
MO,29157,2015,PERRY,29,48.5,3261.6735
MO,29159,2015,PETTIS,29,34.5,2320.1595
MO,29165,2015,PLATTE,29,42.6,2864.8926
MO,29167,2015,POLK,29,41.0,2757.291
MO,29171,2015,PUTNAM,29,37.7,2535.3627
MO,29173,2015,RALLS,29,33.2,2232.7332
MO,29183,2015,ST CHARLES,29,46.8,3147.3468
MO,29186,2015,STE GENEVIEVE,29,46.3,3113.7213
MO,29187,2015,ST FRANCOIS,29,54.7,3678.6297
MO,29195,2015,SALINE,29,49.2,3308.7492
MO,29201,2015,SCOTT,29,43.0,2891.793
MO,29207,2015,STODDARD,29,50.2,3376.0002
MO,29211,2015,SULLIVAN,29,30.6,2057.8806
MO,29217,2015,VERNON,29,35.1,2360.5101
MO,29223,2015,WAYNE,29,41.0,2757.291
MO,29225,2015,WEBSTER,29,36.4,2447.9364
MO,29227,2015,WORTH,29,38.2,2568.9882
MO,29998,2015,OTHER (COMBINED) COUNTIES,29,41.96666666666667,2822.3003000000003
MO,29001,2016,ADAIR,29,53.8,3618.1038
MO,29003,2016,ANDREW,29,49.8,3349.0998
MO,29005,2016,ATCHISON,29,53.2,3577.7532
MO,29007,2016,AUDRAIN,29,52.5,3530.6775
MO,29011,2016,BARTON,29,40.0,2690.04
MO,29021,2016,BUCHANAN,29,49.8,3349.0998
MO,29023,2016,BUTLER,29,39.1,2629.5141
MO,29025,2016,CALDWELL,29,48.4,3254.9484
MO,29031,2016,CAPE GIRARDEAU,29,45.6,3066.6456
MO,29033,2016,CARROLL,29,46.6,3133.8966
MO,29037,2016,CASS,29,45.0,3026.295
MO,29041,2016,CHARITON,29,50.5,3396.1755
MO,29047,2016,CLAY,29,46.7,3140.6217
MO,29051,2016,COLE,29,48.0,3228.048
MO,29053,2016,COOPER,29,54.3,3651.7293
MO,29057,2016,DADE,29,36.6,2461.3866
MO,29059,2016,DALLAS,29,38.4,2582.4384
MO,29061,2016,DAVIESS,29,45.5,3059.9205
MO,29069,2016,DUNKLIN,29,41.0,2757.291
MO,29073,2016,GASCONADE,29,47.0,3160.797
MO,29077,2016,GREENE,29,41.1,2764.0161
MO,29079,2016,GRUNDY,29,48.4,3254.9484
MO,29083,2016,HENRY,29,45.8,3080.0958
MO,29087,2016,HOLT,29,54.0,3631.554
MO,29095,2016,JACKSON,29,45.7,3073.3707
MO,29099,2016,JEFFERSON,29,45.2,3039.7452
MO,29101,2016,JOHNSON,29,46.1,3100.2711
MO,29103,2016,KNOX,29,52.1,3503.7771
MO,29107,2016,LAFAYETTE,29,54.8,3685.3548
MO,29109,2016,LAWRENCE,29,33.1,2226.0081
MO,29111,2016,LEWIS,29,54.2,3645.0042
MO,29113,2016,LINCOLN,29,48.0,3228.048
MO,29115,2016,LINN,29,46.3,3113.7213
MO,29117,2016,LIVINGSTON,29,47.5,3194.4225
MO,29119,2016,MCDONALD,29,49.1,3302.0241
MO,29123,2016,MADISON,29,47.7,3207.8727
MO,29125,2016,MARIES,29,53.6,3604.6536
MO,29127,2016,MARION,29,59.6,4008.1596
MO,29131,2016,MILLER,29,53.1,3571.0281
MO,29133,2016,MISSISSIPPI,29,51.1,3436.5261
MO,29135,2016,MONITEAU,29,48.8,3281.8488
MO,29137,2016,MONROE,29,54.3,3651.7293
MO,29141,2016,MORGAN,29,53.7,3611.3787
MO,29143,2016,NEW MADRID,29,43.8,2945.5938
MO,29145,2016,NEWTON,29,48.3,3248.2233
MO,29147,2016,NODAWAY,29,53.4,3591.2034
MO,29151,2016,OSAGE,29,52.0,3497.052
MO,29155,2016,PEMISCOT,29,43.9,2952.3189
MO,29159,2016,PETTIS,29,53.0,3564.303
MO,29163,2016,PIKE,29,51.4,3456.7014
MO,29165,2016,PLATTE,29,52.0,3497.052
MO,29167,2016,POLK,29,42.5,2858.1675
MO,29173,2016,RALLS,29,49.8,3349.0998
MO,29175,2016,RANDOLPH,29,54.3,3651.7293
MO,29183,2016,ST CHARLES,29,54.6,3671.9046
MO,29185,2016,ST CLAIR,29,48.4,3254.9484
MO,29186,2016,STE GENEVIEVE,29,49.1,3302.0241
MO,29189,2016,ST LOUIS,29,48.4,3254.9484
MO,29195,2016,SALINE,29,56.9,3826.5819
MO,29201,2016,SCOTT,29,43.5,2925.4185
MO,29205,2016,SHELBY,29,52.6,3537.4026
MO,29207,2016,STODDARD,29,45.1,3033.0201
MO,29211,2016,SULLIVAN,29,44.3,2979.2193
MO,29219,2016,WARREN,29,48.2,3241.4982
MO,29223,2016,WAYNE,29,30.0,2017.53
MO,29225,2016,WEBSTER,29,52.7,3544.1277
MO,29227,2016,WORTH,29,49.9,3355.8249
MO,29998,2016,OTHER (COMBINED) COUNTIES,29,47.825,3216.279075
MO,29003,2017,ANDREW,29,49.5,3328.9245
MO,29005,2017,ATCHISON,29,54.2,3645.0042
MO,29007,2017,AUDRAIN,29,54.4,3658.4544
MO,29011,2017,BARTON,29,48.2,3241.4982
MO,29013,2017,BATES,29,49.3,3315.4743
MO,29019,2017,BOONE,29,43.7,2938.8687
MO,29021,2017,BUCHANAN,29,52.9,3557.5779
MO,29023,2017,BUTLER,29,48.9,3288.5739
MO,29025,2017,CALDWELL,29,49.9,3355.8249
MO,29031,2017,CAPE GIRARDEAU,29,47.4,3187.6974
MO,29033,2017,CARROLL,29,46.8,3147.3468
MO,29037,2017,CASS,29,44.4,2985.9444
MO,29041,2017,CHARITON,29,48.0,3228.048
MO,29047,2017,CLAY,29,50.2,3376.0002
MO,29049,2017,CLINTON,29,55.8,3752.6058
MO,29051,2017,COLE,29,49.2,3308.7492
MO,29053,2017,COOPER,29,53.9,3624.8289
MO,29057,2017,DADE,29,44.0,2959.044
MO,29059,2017,DALLAS,29,47.0,3160.797
MO,29061,2017,DAVIESS,29,42.3,2844.7173
MO,29069,2017,DUNKLIN,29,51.3,3449.9763
MO,29071,2017,FRANKLIN,29,49.3,3315.4743
MO,29073,2017,GASCONADE,29,45.3,3046.4703
MO,29075,2017,GENTRY,29,45.1,3033.0201
MO,29077,2017,GREENE,29,42.8,2878.3428
MO,29083,2017,HENRY,29,48.4,3254.9484
MO,29085,2017,HICKORY,29,49.0,3295.299
MO,29095,2017,JACKSON,29,49.1,3302.0241
MO,29097,2017,JASPER,29,45.5,3059.9205
MO,29099,2017,JEFFERSON,29,44.5,2992.6695
MO,29101,2017,JOHNSON,29,46.5,3127.1715
MO,29103,2017,KNOX,29,47.3,3180.9723
MO,29105,2017,LACLEDE,29,40.7,2737.1157
MO,29107,2017,LAFAYETTE,29,57.5,3866.9325
MO,29109,2017,LAWRENCE,29,42.6,2864.8926
MO,29111,2017,LEWIS,29,50.1,3369.2751
MO,29113,2017,LINCOLN,29,43.6,2932.1436
MO,29115,2017,LINN,29,43.6,2932.1436
MO,29117,2017,LIVINGSTON,29,45.6,3066.6456
MO,29119,2017,MCDONALD,29,51.5,3463.4265
MO,29127,2017,MARION,29,50.8,3416.3508
MO,29131,2017,MILLER,29,52.4,3523.9524
MO,29133,2017,MISSISSIPPI,29,56.6,3806.4066
MO,29135,2017,MONITEAU,29,44.8,3012.8448
MO,29137,2017,MONROE,29,46.7,3140.6217
MO,29139,2017,MONTGOMERY,29,52.5,3530.6775
MO,29141,2017,MORGAN,29,50.1,3369.2751
MO,29143,2017,NEW MADRID,29,55.3,3718.9803
MO,29145,2017,NEWTON,29,58.0,3900.558
MO,29147,2017,NODAWAY,29,51.2,3443.2512
MO,29151,2017,OSAGE,29,54.5,3665.1795
MO,29155,2017,PEMISCOT,29,52.3,3517.2273
MO,29157,2017,PERRY,29,48.5,3261.6735
MO,29159,2017,PETTIS,29,50.9,3423.0759
MO,29163,2017,PIKE,29,51.2,3443.2512
MO,29165,2017,PLATTE,29,50.3,3382.7253
MO,29167,2017,POLK,29,44.1,2965.7691
MO,29173,2017,RALLS,29,48.7,3275.1237
MO,29175,2017,RANDOLPH,29,42.0,2824.542
MO,29177,2017,RAY,29,51.0,3429.801
MO,29183,2017,ST CHARLES,29,47.3,3180.9723
MO,29186,2017,STE GENEVIEVE,29,40.4,2716.9404
MO,29187,2017,ST FRANCOIS,29,42.6,2864.8926
MO,29189,2017,ST LOUIS,29,44.0,2959.044
MO,29195,2017,SALINE,29,58.8,3954.3588
MO,29201,2017,SCOTT,29,47.5,3194.4225
MO,29205,2017,SHELBY,29,42.9,2885.0679
MO,29207,2017,STODDARD,29,48.1,3234.7731
MO,29217,2017,VERNON,29,43.4,2918.6934
MO,29219,2017,WARREN,29,50.3,3382.7253
MO,29223,2017,WAYNE,29,36.8,2474.8368
MO,29225,2017,WEBSTER,29,39.7,2669.8647
MO,29227,2017,WORTH,29,43.2,2905.2432
MO,29998,2017,OTHER (COMBINED) COUNTIES,29,48.025,3229.729275
MO,29005,2018,ATCHISON,29,47.5,3194.4225
MO,29007,2018,AUDRAIN,29,49.0,3295.299
MO,29011,2018,BARTON,29,37.0,2488.287
MO,29013,2018,BATES,29,49.2,3308.7492
MO,29033,2018,CARROLL,29,40.0,2690.04
MO,29043,2018,CHRISTIAN,29,39.0,2622.789
MO,29049,2018,CLINTON,29,40.7,2737.1157
MO,29057,2018,DADE,29,39.7,2669.8647
MO,29059,2018,DALLAS,29,32.3,2172.2073
MO,29069,2018,DUNKLIN,29,40.8,2743.8408
MO,29071,2018,FRANKLIN,29,41.9,2817.8169
MO,29073,2018,GASCONADE,29,44.6,2999.3946
MO,29077,2018,GREENE,29,35.1,2360.5101
MO,29079,2018,GRUNDY,29,38.4,2582.4384
MO,29083,2018,HENRY,29,43.4,2918.6934
MO,29085,2018,HICKORY,29,34.0,2286.534
MO,29095,2018,JACKSON,29,42.7,2871.6177
MO,29097,2018,JASPER,29,36.7,2468.1117
MO,29099,2018,JEFFERSON,29,41.6,2797.6416
MO,29101,2018,JOHNSON,29,40.9,2750.5659
MO,29103,2018,KNOX,29,39.1,2629.5141
MO,29105,2018,LACLEDE,29,28.9,1943.5539
MO,29107,2018,LAFAYETTE,29,52.2,3510.5022
MO,29109,2018,LAWRENCE,29,41.4,2784.1914
MO,29111,2018,LEWIS,29,43.8,2945.5938
MO,29113,2018,LINCOLN,29,42.9,2885.0679
MO,29117,2018,LIVINGSTON,29,43.5,2925.4185
MO,29123,2018,MADISON,29,49.3,3315.4743
MO,29125,2018,MARIES,29,26.5,1782.1515
MO,29131,2018,MILLER,29,42.8,2878.3428
MO,29133,2018,MISSISSIPPI,29,53.0,3564.303
MO,29135,2018,MONITEAU,29,37.2,2501.7372
MO,29137,2018,MONROE,29,48.6,3268.3986
MO,29139,2018,MONTGOMERY,29,43.4,2918.6934
MO,29141,2018,MORGAN,29,34.1,2293.2591
MO,29143,2018,NEW MADRID,29,49.8,3349.0998
MO,29147,2018,NODAWAY,29,42.6,2864.8926
MO,29151,2018,OSAGE,29,45.4,3053.1954
MO,29155,2018,PEMISCOT,29,46.9,3154.0719
MO,29157,2018,PERRY,29,52.4,3523.9524
MO,29159,2018,PETTIS,29,42.7,2871.6177
MO,29163,2018,PIKE,29,48.3,3248.2233
MO,29165,2018,PLATTE,29,44.8,3012.8448
MO,29167,2018,POLK,29,35.0,2353.785
MO,29175,2018,RANDOLPH,29,46.9,3154.0719
MO,29183,2018,ST CHARLES,29,54.0,3631.554
MO,29186,2018,STE GENEVIEVE,29,56.8,3819.8568
MO,29187,2018,ST FRANCOIS,29,53.7,3611.3787
MO,29189,2018,ST LOUIS,29,49.2,3308.7492
MO,29195,2018,SALINE,29,44.1,2965.7691
MO,29197,2018,SCHUYLER,29,38.1,2562.2631
MO,29205,2018,SHELBY,29,47.4,3187.6974
MO,29207,2018,STODDARD,29,51.2,3443.2512
MO,29219,2018,WARREN,29,46.2,3106.9962
MO,29227,2018,WORTH,29,38.8,2609.3388
MO,29998,2018,OTHER (COMBINED) COUNTIES,29,44.24444444444444,2975.483133333333
MO,29001,2019,ADAIR,29,37.4,2515.1874
MO,29007,2019,AUDRAIN,29,52.3,3517.2273
MO,29011,2019,BARTON,29,39.2,2636.2392
MO,29017,2019,BOLLINGER,29,39.7,2669.8647
MO,29019,2019,BOONE,29,46.4,3120.4464
MO,29023,2019,BUTLER,29,46.9,3154.0719
MO,29031,2019,CAPE GIRARDEAU,29,43.6,2932.1436
MO,29033,2019,CARROLL,29,43.5,2925.4185
MO,29039,2019,CEDAR,29,39.0,2622.789
MO,29041,2019,CHARITON,29,51.2,3443.2512
MO,29049,2019,CLINTON,29,50.4,3389.4504
MO,29051,2019,COLE,29,44.0,2959.044
MO,29055,2019,CRAWFORD,29,38.9,2616.0639
MO,29057,2019,DADE,29,45.1,3033.0201
MO,29059,2019,DALLAS,29,37.5,2521.9125
MO,29069,2019,DUNKLIN,29,46.3,3113.7213
MO,29071,2019,FRANKLIN,29,43.8,2945.5938
MO,29073,2019,GASCONADE,29,43.3,2911.9683
MO,29095,2019,JACKSON,29,41.6,2797.6416
MO,29097,2019,JASPER,29,38.2,2568.9882
MO,29099,2019,JEFFERSON,29,43.1,2898.5181
MO,29107,2019,LAFAYETTE,29,57.2,3846.7572
MO,29109,2019,LAWRENCE,29,38.2,2568.9882
MO,29115,2019,LINN,29,43.3,2911.9683
MO,29117,2019,LIVINGSTON,29,38.2,2568.9882
MO,29127,2019,MARION,29,47.7,3207.8727
MO,29131,2019,MILLER,29,47.0,3160.797
MO,29133,2019,MISSISSIPPI,29,38.8,2609.3388
MO,29135,2019,MONITEAU,29,47.8,3214.5978
MO,29139,2019,MONTGOMERY,29,49.5,3328.9245
MO,29141,2019,MORGAN,29,49.9,3355.8249
MO,29143,2019,NEW MADRID,29,40.0,2690.04
MO,29151,2019,OSAGE,29,46.3,3113.7213
MO,29155,2019,PEMISCOT,29,45.7,3073.3707
MO,29159,2019,PETTIS,29,48.0,3228.048
MO,29165,2019,PLATTE,29,44.8,3012.8448
MO,29167,2019,POLK,29,44.3,2979.2193
MO,29173,2019,RALLS,29,47.5,3194.4225
MO,29175,2019,RANDOLPH,29,43.6,2932.1436
MO,29177,2019,RAY,29,41.0,2757.291
MO,29183,2019,ST CHARLES,29,46.6,3133.8966
MO,29185,2019,ST CLAIR,29,42.3,2844.7173
MO,29186,2019,STE GENEVIEVE,29,43.5,2925.4185
MO,29187,2019,ST FRANCOIS,29,48.1,3234.7731
MO,29189,2019,ST LOUIS,29,49.9,3355.8249
MO,29195,2019,SALINE,29,57.3,3853.4823
MO,29201,2019,SCOTT,29,47.4,3187.6974
MO,29207,2019,STODDARD,29,54.4,3658.4544
MO,29219,2019,WARREN,29,47.5,3194.4225
MO,29225,2019,WEBSTER,29,53.8,3618.1038
MO,29227,2019,WORTH,29,43.0,2891.793
MO,29998,2019,OTHER (COMBINED) COUNTIES,29,44.075,2964.087825
MO,29001,2020,ADAIR,29,48.6,3268.3986
MO,29003,2020,ANDREW,29,49.2,3308.7492
MO,29005,2020,ATCHISON,29,56.1,3772.7811
MO,29007,2020,AUDRAIN,29,54.7,3678.6297
MO,29011,2020,BARTON,29,40.3,2710.2153
MO,29013,2020,BATES,29,49.1,3302.0241
MO,29015,2020,BENTON,29,50.0,3362.55
MO,29017,2020,BOLLINGER,29,44.6,2999.3946
MO,29019,2020,BOONE,29,47.9,3221.3229
MO,29021,2020,BUCHANAN,29,54.6,3671.9046
MO,29023,2020,BUTLER,29,49.2,3308.7492
MO,29025,2020,CALDWELL,29,50.1,3369.2751
MO,29027,2020,CALLAWAY,29,50.1,3369.2751
MO,29031,2020,CAPE GIRARDEAU,29,51.7,3476.8767
MO,29033,2020,CARROLL,29,57.5,3866.9325
MO,29037,2020,CASS,29,46.6,3133.8966
MO,29039,2020,CEDAR,29,45.6,3066.6456
MO,29041,2020,CHARITON,29,52.2,3510.5022
MO,29043,2020,CHRISTIAN,29,34.4,2313.4344
MO,29045,2020,CLARK,29,51.5,3463.4265
MO,29047,2020,CLAY,29,50.3,3382.7253
MO,29049,2020,CLINTON,29,55.2,3712.2552
MO,29051,2020,COLE,29,49.1,3302.0241
MO,29053,2020,COOPER,29,54.4,3658.4544
MO,29057,2020,DADE,29,37.9,2548.8129
MO,29059,2020,DALLAS,29,37.3,2508.4623
MO,29061,2020,DAVIESS,29,48.7,3275.1237
MO,29063,2020,DE KALB,29,49.5,3328.9245
MO,29069,2020,DUNKLIN,29,44.7,3006.1197
MO,29071,2020,FRANKLIN,29,51.6,3470.1516
MO,29073,2020,GASCONADE,29,51.7,3476.8767
MO,29075,2020,GENTRY,29,47.9,3221.3229
MO,29077,2020,GREENE,29,30.0,2017.53
MO,29079,2020,GRUNDY,29,45.6,3066.6456
MO,29081,2020,HARRISON,29,51.3,3449.9763
MO,29083,2020,HENRY,29,46.8,3147.3468
MO,29085,2020,HICKORY,29,49.8,3349.0998
MO,29087,2020,HOLT,29,57.8,3887.1078
MO,29089,2020,HOWARD,29,50.3,3382.7253
MO,29095,2020,JACKSON,29,50.5,3396.1755
MO,29097,2020,JASPER,29,40.3,2710.2153
MO,29099,2020,JEFFERSON,29,52.6,3537.4026
MO,29101,2020,JOHNSON,29,48.3,3248.2233
MO,29103,2020,KNOX,29,46.9,3154.0719
MO,29107,2020,LAFAYETTE,29,61.9,4162.8369
MO,29109,2020,LAWRENCE,29,35.2,2367.2352
MO,29111,2020,LEWIS,29,49.4,3322.1994
MO,29113,2020,LINCOLN,29,50.1,3369.2751
MO,29115,2020,LINN,29,48.4,3254.9484
MO,29117,2020,LIVINGSTON,29,52.7,3544.1277
MO,29121,2020,MACON,29,49.8,3349.0998
MO,29125,2020,MARIES,29,49.4,3322.1994
MO,29127,2020,MARION,29,51.1,3436.5261
MO,29129,2020,MERCER,29,46.9,3154.0719
MO,29131,2020,MILLER,29,48.4,3254.9484
MO,29133,2020,MISSISSIPPI,29,57.0,3833.307
MO,29135,2020,MONITEAU,29,48.3,3248.2233
MO,29137,2020,MONROE,29,50.8,3416.3508
MO,29139,2020,MONTGOMERY,29,54.2,3645.0042
MO,29141,2020,MORGAN,29,45.2,3039.7452
MO,29143,2020,NEW MADRID,29,55.5,3732.4305
MO,29145,2020,NEWTON,29,35.0,2353.785
MO,29151,2020,OSAGE,29,50.7,3409.6257
MO,29155,2020,PEMISCOT,29,51.1,3436.5261
MO,29157,2020,PERRY,29,54.9,3692.0799
MO,29159,2020,PETTIS,29,54.3,3651.7293
MO,29163,2020,PIKE,29,52.9,3557.5779
MO,29165,2020,PLATTE,29,55.8,3752.6058
MO,29167,2020,POLK,29,46.3,3113.7213
MO,29171,2020,PUTNAM,29,46.0,3093.546
MO,29173,2020,RALLS,29,56.2,3779.5062
MO,29175,2020,RANDOLPH,29,44.2,2972.4942
MO,29177,2020,RAY,29,51.7,3476.8767
MO,29183,2020,ST CHARLES,29,53.9,3624.8289
MO,29185,2020,ST CLAIR,29,42.5,2858.1675
MO,29186,2020,STE GENEVIEVE,29,50.7,3409.6257
MO,29187,2020,ST FRANCOIS,29,51.8,3483.6018
MO,29189,2020,ST LOUIS,29,53.5,3597.9285
MO,29195,2020,SALINE,29,57.5,3866.9325
MO,29197,2020,SCHUYLER,29,39.1,2629.5141
MO,29199,2020,SCOTLAND,29,41.4,2784.1914
MO,29201,2020,SCOTT,29,52.5,3530.6775
MO,29205,2020,SHELBY,29,49.6,3335.6496
MO,29207,2020,STODDARD,29,52.4,3523.9524
MO,29211,2020,SULLIVAN,29,41.2,2770.7412
MO,29217,2020,VERNON,29,41.6,2797.6416
MO,29219,2020,WARREN,29,51.9,3490.3269
MO,29221,2020,WASHINGTON,29,42.8,2878.3428
MO,29225,2020,WEBSTER,29,38.2,2568.9882
MO,29227,2020,WORTH,29,48.6,3268.3986
MO,29998,2020,OTHER COUNTIES,29,54.1,3638.2791
MO,29001,2021,ADAIR,29,47.9,3221.3229
MO,29005,2021,ATCHISON,29,61.4,4129.2114
MO,29009,2021,BARRY,29,31.1,2091.5061
MO,29011,2021,BARTON,29,41.5,2790.9165
MO,29013,2021,BATES,29,46.0,3093.546
MO,29015,2021,BENTON,29,45.2,3039.7452
MO,29017,2021,BOLLINGER,29,50.9,3423.0759
MO,29019,2021,BOONE,29,38.4,2582.4384
MO,29021,2021,BUCHANAN,29,54.0,3631.554
MO,29023,2021,BUTLER,29,58.0,3900.558
MO,29025,2021,CALDWELL,29,46.3,3113.7213
MO,29027,2021,CALLAWAY,29,40.3,2710.2153
MO,29031,2021,CAPE GIRARDEAU,29,46.9,3154.0719
MO,29037,2021,CASS,29,47.4,3187.6974
MO,29039,2021,CEDAR,29,35.9,2414.3109
MO,29047,2021,CLAY,29,44.7,3006.1197
MO,29049,2021,CLINTON,29,54.1,3638.2791
MO,29051,2021,COLE,29,42.5,2858.1675
MO,29053,2021,COOPER,29,42.8,2878.3428
MO,29055,2021,CRAWFORD,29,46.4,3120.4464
MO,29057,2021,DADE,29,35.5,2387.4105
MO,29059,2021,DALLAS,29,46.3,3113.7213
MO,29061,2021,DAVIESS,29,46.9,3154.0719
MO,29069,2021,DUNKLIN,29,50.9,3423.0759
MO,29071,2021,FRANKLIN,29,56.7,3813.1317
MO,29073,2021,GASCONADE,29,47.7,3207.8727
MO,29077,2021,GREENE,29,35.4,2380.6854
MO,29081,2021,HARRISON,29,53.0,3564.303
MO,29085,2021,HICKORY,29,42.5,2858.1675
MO,29089,2021,HOWARD,29,44.4,2985.9444
MO,29095,2021,JACKSON,29,51.2,3443.2512
MO,29099,2021,JEFFERSON,29,47.5,3194.4225
MO,29101,2021,JOHNSON,29,47.7,3207.8727
MO,29103,2021,KNOX,29,39.0,2622.789
MO,29109,2021,LAWRENCE,29,38.0,2555.538
MO,29113,2021,LINCOLN,29,48.7,3275.1237
MO,29115,2021,LINN,29,30.8,2071.3308
MO,29125,2021,MARIES,29,37.5,2521.9125
MO,29127,2021,MARION,29,50.8,3416.3508
MO,29131,2021,MILLER,29,39.7,2669.8647
MO,29133,2021,MISSISSIPPI,29,57.6,3873.6576
MO,29135,2021,MONITEAU,29,44.2,2972.4942
MO,29137,2021,MONROE,29,47.6,3201.1476
MO,29139,2021,MONTGOMERY,29,44.7,3006.1197
MO,29141,2021,MORGAN,29,41.1,2764.0161
MO,29143,2021,NEW MADRID,29,56.7,3813.1317
MO,29145,2021,NEWTON,29,33.1,2226.0081
MO,29151,2021,OSAGE,29,46.3,3113.7213
MO,29155,2021,PEMISCOT,29,54.2,3645.0042
MO,29157,2021,PERRY,29,57.4,3860.2074
MO,29159,2021,PETTIS,29,42.3,2844.7173
MO,29165,2021,PLATTE,29,54.3,3651.7293
MO,29167,2021,POLK,29,40.8,2743.8408
MO,29171,2021,PUTNAM,29,39.9,2683.3149
MO,29173,2021,RALLS,29,51.6,3470.1516
MO,29175,2021,RANDOLPH,29,42.3,2844.7173
MO,29177,2021,RAY,29,47.9,3221.3229
MO,29183,2021,ST CHARLES,29,57.5,3866.9325
MO,29185,2021,ST CLAIR,29,44.7,3006.1197
MO,29186,2021,STE GENEVIEVE,29,53.4,3591.2034
MO,29187,2021,ST FRANCOIS,29,50.3,3382.7253
MO,29189,2021,ST LOUIS,29,52.4,3523.9524
MO,29197,2021,SCHUYLER,29,48.3,3248.2233
MO,29201,2021,SCOTT,29,57.6,3873.6576
MO,29205,2021,SHELBY,29,46.3,3113.7213
MO,29207,2021,STODDARD,29,61.0,4102.311
MO,29211,2021,SULLIVAN,29,37.8,2542.0878
MO,29219,2021,WARREN,29,48.9,3288.5739
MO,29221,2021,WASHINGTON,29,43.3,2911.9683
MO,29225,2021,WEBSTER,29,45.1,3033.0201
MO,29227,2021,WORTH,29,49.9,3355.8249
MO,29998,2021,OTHER COUNTIES,29,48.1,3234.7731
MO,29001,2022,ADAIR,29,41.7,2804.3667
MO,29005,2022,ATCHISON,29,53.2,3577.7532
MO,29007,2022,AUDRAIN,29,46.5,3127.1715
MO,29011,2022,BARTON,29,20.6,1385.3706
MO,29013,2022,BATES,29,29.2,1963.7292
MO,29015,2022,BENTON,29,47.1,3167.5221
MO,29017,2022,BOLLINGER,29,44.6,2999.3946
MO,29019,2022,BOONE,29,40.6,2730.3906
MO,29023,2022,BUTLER,29,53.3,3584.4783
MO,29025,2022,CALDWELL,29,42.0,2824.542
MO,29027,2022,CALLAWAY,29,49.4,3322.1994
MO,29031,2022,CAPE GIRARDEAU,29,48.6,3268.3986
MO,29033,2022,CARROLL,29,52.6,3537.4026
MO,29037,2022,CASS,29,34.8,2340.3348
MO,29049,2022,CLINTON,29,48.5,3261.6735
MO,29051,2022,COLE,29,46.8,3147.3468
MO,29057,2022,DADE,29,25.2,1694.7252
MO,29059,2022,DALLAS,29,30.3,2037.7053
MO,29063,2022,DE KALB,29,42.7,2871.6177
MO,29069,2022,DUNKLIN,29,46.5,3127.1715
MO,29071,2022,FRANKLIN,29,43.3,2911.9683
MO,29073,2022,GASCONADE,29,39.1,2629.5141
MO,29075,2022,GENTRY,29,42.0,2824.542
MO,29077,2022,GREENE,29,28.4,1909.9284
MO,29079,2022,GRUNDY,29,49.0,3295.299
MO,29083,2022,HENRY,29,37.1,2495.0121
MO,29085,2022,HICKORY,29,28.3,1903.2033
MO,29089,2022,HOWARD,29,39.6,2663.1396
MO,29095,2022,JACKSON,29,37.5,2521.9125
MO,29097,2022,JASPER,29,26.7,1795.6017
MO,29099,2022,JEFFERSON,29,46.5,3127.1715
MO,29101,2022,JOHNSON,29,39.1,2629.5141
MO,29103,2022,KNOX,29,42.8,2878.3428
MO,29107,2022,LAFAYETTE,29,49.4,3322.1994
MO,29109,2022,LAWRENCE,29,30.6,2057.8806
MO,29111,2022,LEWIS,29,41.8,2811.0918
MO,29113,2022,LINCOLN,29,45.7,3073.3707
MO,29115,2022,LINN,29,46.2,3106.9962
MO,29117,2022,LIVINGSTON,29,51.5,3463.4265
MO,29125,2022,MARIES,29,38.2,2568.9882
MO,29127,2022,MARION,29,46.8,3147.3468
MO,29129,2022,MERCER,29,46.2,3106.9962
MO,29131,2022,MILLER,29,47.8,3214.5978
MO,29133,2022,MISSISSIPPI,29,58.1,3907.2831
MO,29135,2022,MONITEAU,29,41.0,2757.291
MO,29137,2022,MONROE,29,47.1,3167.5221
MO,29139,2022,MONTGOMERY,29,48.8,3281.8488
MO,29141,2022,MORGAN,29,40.4,2716.9404
MO,29143,2022,NEW MADRID,29,50.1,3369.2751
MO,29145,2022,NEWTON,29,22.3,1499.6973
MO,29151,2022,OSAGE,29,41.0,2757.291
MO,29155,2022,PEMISCOT,29,47.8,3214.5978
MO,29157,2022,PERRY,29,47.6,3201.1476
MO,29159,2022,PETTIS,29,43.1,2898.5181
MO,29163,2022,PIKE,29,47.0,3160.797
MO,29165,2022,PLATTE,29,47.4,3187.6974
MO,29167,2022,POLK,29,31.6,2125.1316
MO,29173,2022,RALLS,29,49.2,3308.7492
MO,29175,2022,RANDOLPH,29,44.5,2992.6695
MO,29177,2022,RAY,29,46.4,3120.4464
MO,29183,2022,ST CHARLES,29,49.4,3322.1994
MO,29185,2022,ST CLAIR,29,31.9,2145.3069
MO,29186,2022,STE GENEVIEVE,29,52.4,3523.9524
MO,29187,2022,ST FRANCOIS,29,45.9,3086.8209
MO,29197,2022,SCHUYLER,29,40.0,2690.04
MO,29199,2022,SCOTLAND,29,42.0,2824.542
MO,29201,2022,SCOTT,29,47.1,3167.5221
MO,29205,2022,SHELBY,29,44.0,2959.044
MO,29207,2022,STODDARD,29,47.4,3187.6974
MO,29211,2022,SULLIVAN,29,40.6,2730.3906
MO,29217,2022,VERNON,29,21.8,1466.0718
MO,29219,2022,WARREN,29,48.2,3241.4982
MO,29221,2022,WASHINGTON,29,43.4,2918.6934
MO,29225,2022,WEBSTER,29,30.1,2024.2551
MO,29227,2022,WORTH,29,46.3,3113.7213
MO,29998,2022,OTHER COUNTIES,29,49.0,3295.299
MO,29001,2023,ADAIR,29,49.2,3308.7492
MO,29003,2023,ANDREW,29,54.2,3645.0042
MO,29007,2023,AUDRAIN,29,48.9,3288.5739
MO,29009,2023,BARRY,29,39.6,2663.1396
MO,29011,2023,BARTON,29,45.6,3066.6456
MO,29013,2023,BATES,29,36.9,2481.5619
MO,29015,2023,BENTON,29,46.8,3147.3468
MO,29019,2023,BOONE,29,43.3,2911.9683
MO,29021,2023,BUCHANAN,29,53.7,3611.3787
MO,29025,2023,CALDWELL,29,42.4,2851.4424
MO,29027,2023,CALLAWAY,29,45.7,3073.3707
MO,29031,2023,CAPE GIRARDEAU,29,49.4,3322.1994
MO,29033,2023,CARROLL,29,46.8,3147.3468
MO,29037,2023,CASS,29,33.6,2259.6336
MO,29039,2023,CEDAR,29,20.2,1358.4702
MO,29045,2023,CLARK,29,52.5,3530.6775
MO,29047,2023,CLAY,29,48.2,3241.4982
MO,29049,2023,CLINTON,29,54.3,3651.7293
MO,29051,2023,COLE,29,46.0,3093.546
MO,29053,2023,COOPER,29,40.9,2750.5659
MO,29057,2023,DADE,29,37.4,2515.1874
MO,29059,2023,DALLAS,29,29.0,1950.279
MO,29061,2023,DAVIESS,29,41.3,2777.4663
MO,29063,2023,DE KALB,29,60.5,4068.6855
MO,29069,2023,DUNKLIN,29,46.0,3093.546
MO,29071,2023,FRANKLIN,29,40.4,2716.9404
MO,29073,2023,GASCONADE,29,34.8,2340.3348
MO,29075,2023,GENTRY,29,54.3,3651.7293
MO,29079,2023,GRUNDY,29,44.4,2985.9444
MO,29083,2023,HENRY,29,33.9,2279.8089
MO,29085,2023,HICKORY,29,31.6,2125.1316
MO,29087,2023,HOLT,29,56.9,3826.5819
MO,29089,2023,HOWARD,29,47.4,3187.6974
MO,29095,2023,JACKSON,29,49.9,3355.8249
MO,29097,2023,JASPER,29,40.7,2737.1157
MO,29103,2023,KNOX,29,50.6,3402.9006
MO,29107,2023,LAFAYETTE,29,49.6,3335.6496
MO,29109,2023,LAWRENCE,29,41.9,2817.8169
MO,29111,2023,LEWIS,29,46.4,3120.4464
MO,29113,2023,LINCOLN,29,50.3,3382.7253
MO,29115,2023,LINN,29,44.9,3019.5699
MO,29117,2023,LIVINGSTON,29,43.5,2925.4185
MO,29127,2023,MARION,29,52.7,3544.1277
MO,29131,2023,MILLER,29,42.0,2824.542
MO,29133,2023,MISSISSIPPI,29,60.2,4048.5102
MO,29135,2023,MONITEAU,29,37.6,2528.6376
MO,29137,2023,MONROE,29,45.3,3046.4703
MO,29141,2023,MORGAN,29,41.1,2764.0161
MO,29143,2023,NEW MADRID,29,55.5,3732.4305
MO,29145,2023,NEWTON,29,46.2,3106.9962
MO,29151,2023,OSAGE,29,41.5,2790.9165
MO,29155,2023,PEMISCOT,29,53.4,3591.2034
MO,29157,2023,PERRY,29,47.2,3174.2472
MO,29159,2023,PETTIS,29,38.4,2582.4384
MO,29163,2023,PIKE,29,49.0,3295.299
MO,29165,2023,PLATTE,29,48.1,3234.7731
MO,29167,2023,POLK,29,39.6,2663.1396
MO,29171,2023,PUTNAM,29,48.8,3281.8488
MO,29173,2023,RALLS,29,42.3,2844.7173
MO,29175,2023,RANDOLPH,29,45.9,3086.8209
MO,29177,2023,RAY,29,50.4,3389.4504
MO,29183,2023,ST CHARLES,29,54.0,3631.554
MO,29185,2023,ST CLAIR,29,20.1,1351.7451
MO,29186,2023,STE GENEVIEVE,29,52.9,3557.5779
MO,29187,2023,ST FRANCOIS,29,47.8,3214.5978
MO,29195,2023,SALINE,29,56.8,3819.8568
MO,29197,2023,SCHUYLER,29,42.2,2837.9922
MO,29199,2023,SCOTLAND,29,47.0,3160.797
MO,29201,2023,SCOTT,29,56.3,3786.2313
MO,29205,2023,SHELBY,29,40.3,2710.2153
MO,29207,2023,STODDARD,29,53.4,3591.2034
MO,29211,2023,SULLIVAN,29,39.4,2649.6894
MO,29217,2023,VERNON,29,23.8,1600.5738
MO,29219,2023,WARREN,29,47.4,3187.6974
MO,29225,2023,WEBSTER,29,54.4,3658.4544
MO,29227,2023,WORTH,29,50.3,3382.7253
MO,29998,2023,OTHER COUNTIES,29,50.6,3402.9006
MO,29005,2024,ATCHISON,29,62.0,4169.562
MO,29007,2024,AUDRAIN,29,51.7,3476.8767
MO,29011,2024,BARTON,29,31.9,2145.3069
MO,29019,2024,BOONE,29,47.9,3221.3229
MO,29021,2024,BUCHANAN,29,58.8,3954.3588
MO,29025,2024,CALDWELL,29,51.1,3436.5261
MO,29027,2024,CALLAWAY,29,48.4,3254.9484
MO,29031,2024,CAPE GIRARDEAU,29,38.5,2589.1635
MO,29033,2024,CARROLL,29,56.9,3826.5819
MO,29037,2024,CASS,29,34.0,2286.534
MO,29039,2024,CEDAR,29,26.4,1775.4264
MO,29045,2024,CLARK,29,57.3,3853.4823
MO,29047,2024,CLAY,29,53.3,3584.4783
MO,29049,2024,CLINTON,29,60.6,4075.4106
MO,29051,2024,COLE,29,49.8,3349.0998
MO,29053,2024,COOPER,29,49.6,3335.6496
MO,29057,2024,DADE,29,28.8,1936.8288
MO,29061,2024,DAVIESS,29,52.9,3557.5779
MO,29069,2024,DUNKLIN,29,51.0,3429.801
MO,29071,2024,FRANKLIN,29,39.7,2669.8647
MO,29077,2024,GREENE,29,32.5,2185.6575
MO,29079,2024,GRUNDY,29,51.0,3429.801
MO,29095,2024,JACKSON,29,37.7,2535.3627
MO,29097,2024,JASPER,29,26.5,1782.1515
MO,29101,2024,JOHNSON,29,45.3,3046.4703
MO,29105,2024,LACLEDE,29,50.4,3389.4504
MO,29107,2024,LAFAYETTE,29,55.5,3732.4305
MO,29109,2024,LAWRENCE,29,33.6,2259.6336
MO,29111,2024,LEWIS,29,51.9,3490.3269
MO,29113,2024,LINCOLN,29,44.0,2959.044
MO,29117,2024,LIVINGSTON,29,53.2,3577.7532
MO,29131,2024,MILLER,29,49.5,3328.9245
MO,29133,2024,MISSISSIPPI,29,54.8,3685.3548
MO,29135,2024,MONITEAU,29,42.5,2858.1675
MO,29137,2024,MONROE,29,48.6,3268.3986
MO,29143,2024,NEW MADRID,29,52.5,3530.6775
MO,29151,2024,OSAGE,29,45.3,3046.4703
MO,29155,2024,PEMISCOT,29,46.4,3120.4464
MO,29163,2024,PIKE,29,46.0,3093.546
MO,29165,2024,PLATTE,29,47.7,3207.8727
MO,29167,2024,POLK,29,34.4,2313.4344
MO,29171,2024,PUTNAM,29,47.5,3194.4225
MO,29173,2024,RALLS,29,48.5,3261.6735
MO,29175,2024,RANDOLPH,29,52.9,3557.5779
MO,29177,2024,RAY,29,48.8,3281.8488
MO,29181,2024,RIPLEY,29,47.8,3214.5978
MO,29183,2024,ST CHARLES,29,49.9,3355.8249
MO,29185,2024,ST CLAIR,29,28.2,1896.4782
MO,29187,2024,ST FRANCOIS,29,38.6,2595.8886
MO,29195,2024,SALINE,29,62.0,4169.562
MO,29199,2024,SCOTLAND,29,53.6,3604.6536
MO,29201,2024,SCOTT,29,48.6,3268.3986
MO,29207,2024,STODDARD,29,50.6,3402.9006
MO,29211,2024,SULLIVAN,29,47.0,3160.797
MO,29219,2024,WARREN,29,46.8,3147.3468
MO,29221,2024,WASHINGTON,29,42.4,2851.4424
MO,29227,2024,WORTH,29,56.5,3799.6815
MO,29998,2024,OTHER COUNTIES,29,48.0,3228.048
OH,39001,2014,ADAMS,39,45.9,3086.8209
OH,39003,2014,ALLEN,39,54.9,3692.0799
OH,39005,2014,ASHLAND,39,44.7,3006.1197
OH,39007,2014,ASHTABULA,39,43.2,2905.2432
OH,39009,2014,ATHENS,39,49.7,3342.3747
OH,39011,2014,AUGLAIZE,39,58.9,3961.0839
OH,39015,2014,BROWN,39,48.6,3268.3986
OH,39017,2014,BUTLER,39,51.4,3456.7014
OH,39019,2014,CARROLL,39,42.5,2858.1675
OH,39021,2014,CHAMPAIGN,39,54.6,3671.9046
OH,39023,2014,CLARK,39,56.7,3813.1317
OH,39025,2014,CLERMONT,39,50.6,3402.9006
OH,39027,2014,CLINTON,39,56.5,3799.6815
OH,39029,2014,COLUMBIANA,39,50.1,3369.2751
OH,39031,2014,COSHOCTON,39,52.1,3503.7771
OH,39033,2014,CRAWFORD,39,54.6,3671.9046
OH,39037,2014,DARKE,39,57.1,3840.0321
OH,39039,2014,DEFIANCE,39,51.1,3436.5261
OH,39041,2014,DELAWARE,39,47.2,3174.2472
OH,39043,2014,ERIE,39,49.0,3295.299
OH,39045,2014,FAIRFIELD,39,55.8,3752.6058
OH,39047,2014,FAYETTE,39,56.8,3819.8568
OH,39049,2014,FRANKLIN,39,50.7,3409.6257
OH,39051,2014,FULTON,39,51.1,3436.5261
OH,39053,2014,GALLIA,39,53.4,3591.2034
OH,39055,2014,GEAUGA,39,46.3,3113.7213
OH,39057,2014,GREENE,39,56.6,3806.4066
OH,39059,2014,GUERNSEY,39,46.3,3113.7213
OH,39061,2014,HAMILTON,39,53.6,3604.6536
OH,39063,2014,HANCOCK,39,54.2,3645.0042
OH,39065,2014,HARDIN,39,53.1,3571.0281
OH,39067,2014,HARRISON,39,47.3,3180.9723
OH,39069,2014,HENRY,39,50.4,3389.4504
OH,39071,2014,HIGHLAND,39,50.2,3376.0002
OH,39073,2014,HOCKING,39,50.5,3396.1755
OH,39075,2014,HOLMES,39,49.5,3328.9245
OH,39077,2014,HURON,39,45.5,3059.9205
OH,39079,2014,JACKSON,39,50.4,3389.4504
OH,39083,2014,KNOX,39,48.6,3268.3986
OH,39087,2014,LAWRENCE,39,34.7,2333.6097
OH,39089,2014,LICKING,39,48.5,3261.6735
OH,39091,2014,LOGAN,39,50.4,3389.4504
OH,39093,2014,LORAIN,39,46.9,3154.0719
OH,39095,2014,LUCAS,39,50.7,3409.6257
OH,39097,2014,MADISON,39,54.3,3651.7293
OH,39101,2014,MARION,39,50.7,3409.6257
OH,39103,2014,MEDINA,39,46.0,3093.546
OH,39105,2014,MEIGS,39,51.7,3476.8767
OH,39107,2014,MERCER,39,62.2,4183.0122
OH,39109,2014,MIAMI,39,54.6,3671.9046
OH,39113,2014,MONTGOMERY,39,57.0,3833.307
OH,39117,2014,MORROW,39,46.5,3127.1715
OH,39119,2014,MUSKINGUM,39,50.3,3382.7253
OH,39123,2014,OTTAWA,39,50.8,3416.3508
OH,39125,2014,PAULDING,39,55.7,3745.8807
OH,39127,2014,PERRY,39,47.9,3221.3229
OH,39129,2014,PICKAWAY,39,53.7,3611.3787
OH,39131,2014,PIKE,39,47.6,3201.1476
OH,39133,2014,PORTAGE,39,43.2,2905.2432
OH,39135,2014,PREBLE,39,59.7,4014.8847
OH,39137,2014,PUTNAM,39,52.9,3557.5779
OH,39139,2014,RICHLAND,39,53.2,3577.7532
OH,39141,2014,ROSS,39,52.0,3497.052
OH,39143,2014,SANDUSKY,39,52.5,3530.6775
OH,39145,2014,SCIOTO,39,47.0,3160.797
OH,39147,2014,SENECA,39,49.2,3308.7492
OH,39149,2014,SHELBY,39,56.8,3819.8568
OH,39151,2014,STARK,39,43.2,2905.2432
OH,39155,2014,TRUMBULL,39,44.7,3006.1197
OH,39157,2014,TUSCARAWAS,39,48.1,3234.7731
OH,39159,2014,UNION,39,48.5,3261.6735
OH,39161,2014,VAN WERT,39,61.2,4115.7612
OH,39163,2014,VINTON,39,51.8,3483.6018
OH,39165,2014,WARREN,39,53.1,3571.0281
OH,39167,2014,WASHINGTON,39,55.6,3739.1556
OH,39169,2014,WAYNE,39,53.4,3591.2034
OH,39171,2014,WILLIAMS,39,46.1,3100.2711
OH,39173,2014,WOOD,39,53.5,3597.9285
OH,39175,2014,WYANDOT,39,50.8,3416.3508
OH,39998,2014,OTHER (COMBINED) COUNTIES,39,46.46666666666667,3124.9298
OH,39001,2015,ADAMS,39,52.9,3557.5779
OH,39003,2015,ALLEN,39,46.8,3147.3468
OH,39005,2015,ASHLAND,39,43.4,2918.6934
OH,39007,2015,ASHTABULA,39,31.4,2111.6814
OH,39009,2015,ATHENS,39,49.8,3349.0998
OH,39011,2015,AUGLAIZE,39,52.1,3503.7771
OH,39015,2015,BROWN,39,49.5,3328.9245
OH,39017,2015,BUTLER,39,45.1,3033.0201
OH,39019,2015,CARROLL,39,25.1,1688.0001
OH,39021,2015,CHAMPAIGN,39,56.1,3772.7811
OH,39023,2015,CLARK,39,56.0,3766.056
OH,39025,2015,CLERMONT,39,46.6,3133.8966
OH,39027,2015,CLINTON,39,56.8,3819.8568
OH,39029,2015,COLUMBIANA,39,45.7,3073.3707
OH,39031,2015,COSHOCTON,39,48.5,3261.6735
OH,39033,2015,CRAWFORD,39,56.3,3786.2313
OH,39037,2015,DARKE,39,56.3,3786.2313
OH,39039,2015,DEFIANCE,39,39.3,2642.9643
OH,39041,2015,DELAWARE,39,47.4,3187.6974
OH,39043,2015,ERIE,39,51.2,3443.2512
OH,39045,2015,FAIRFIELD,39,54.9,3692.0799
OH,39047,2015,FAYETTE,39,56.2,3779.5062
OH,39049,2015,FRANKLIN,39,47.6,3201.1476
OH,39051,2015,FULTON,39,51.4,3456.7014
OH,39053,2015,GALLIA,39,49.1,3302.0241
OH,39055,2015,GEAUGA,39,33.4,2246.1834
OH,39057,2015,GREENE,39,59.9,4028.3349
OH,39061,2015,HAMILTON,39,59.7,4014.8847
OH,39063,2015,HANCOCK,39,47.9,3221.3229
OH,39065,2015,HARDIN,39,46.5,3127.1715
OH,39067,2015,HARRISON,39,41.3,2777.4663
OH,39069,2015,HENRY,39,48.9,3288.5739
OH,39071,2015,HIGHLAND,39,52.0,3497.052
OH,39073,2015,HOCKING,39,47.9,3221.3229
OH,39075,2015,HOLMES,39,45.2,3039.7452
OH,39077,2015,HURON,39,52.7,3544.1277
OH,39079,2015,JACKSON,39,47.0,3160.797
OH,39083,2015,KNOX,39,50.7,3409.6257
OH,39087,2015,LAWRENCE,39,34.6,2326.8846
OH,39089,2015,LICKING,39,47.8,3214.5978
OH,39091,2015,LOGAN,39,51.0,3429.801
OH,39093,2015,LORAIN,39,46.9,3154.0719
OH,39095,2015,LUCAS,39,48.0,3228.048
OH,39097,2015,MADISON,39,54.7,3678.6297
OH,39099,2015,MAHONING,39,36.8,2474.8368
OH,39101,2015,MARION,39,50.6,3402.9006
OH,39103,2015,MEDINA,39,36.5,2454.6615
OH,39107,2015,MERCER,39,49.2,3308.7492
OH,39109,2015,MIAMI,39,56.6,3806.4066
OH,39113,2015,MONTGOMERY,39,54.1,3638.2791
OH,39117,2015,MORROW,39,45.3,3046.4703
OH,39119,2015,MUSKINGUM,39,52.2,3510.5022
OH,39123,2015,OTTAWA,39,44.4,2985.9444
OH,39125,2015,PAULDING,39,42.2,2837.9922
OH,39129,2015,PICKAWAY,39,53.1,3571.0281
OH,39131,2015,PIKE,39,49.8,3349.0998
OH,39133,2015,PORTAGE,39,35.1,2360.5101
OH,39135,2015,PREBLE,39,54.0,3631.554
OH,39137,2015,PUTNAM,39,45.2,3039.7452
OH,39139,2015,RICHLAND,39,48.2,3241.4982
OH,39141,2015,ROSS,39,57.4,3860.2074
OH,39143,2015,SANDUSKY,39,49.3,3315.4743
OH,39145,2015,SCIOTO,39,49.5,3328.9245
OH,39147,2015,SENECA,39,55.3,3718.9803
OH,39149,2015,SHELBY,39,52.2,3510.5022
OH,39151,2015,STARK,39,39.2,2636.2392
OH,39155,2015,TRUMBULL,39,34.8,2340.3348
OH,39157,2015,TUSCARAWAS,39,45.5,3059.9205
OH,39159,2015,UNION,39,52.9,3557.5779
OH,39161,2015,VAN WERT,39,40.5,2723.6655
OH,39163,2015,VINTON,39,37.8,2542.0878
OH,39165,2015,WARREN,39,55.3,3718.9803
OH,39167,2015,WASHINGTON,39,50.4,3389.4504
OH,39169,2015,WAYNE,39,44.2,2972.4942
OH,39171,2015,WILLIAMS,39,48.7,3275.1237
OH,39173,2015,WOOD,39,47.8,3214.5978
OH,39175,2015,WYANDOT,39,52.7,3544.1277
OH,39998,2015,OTHER (COMBINED) COUNTIES,39,37.03333333333333,2490.5287000000003
OH,39001,2016,ADAMS,39,49.9,3355.8249
OH,39003,2016,ALLEN,39,54.4,3658.4544
OH,39005,2016,ASHLAND,39,44.6,2999.3946
OH,39007,2016,ASHTABULA,39,54.6,3671.9046
OH,39009,2016,ATHENS,39,49.7,3342.3747
OH,39011,2016,AUGLAIZE,39,53.2,3577.7532
OH,39015,2016,BROWN,39,50.8,3416.3508
OH,39017,2016,BUTLER,39,53.4,3591.2034
OH,39019,2016,CARROLL,39,40.2,2703.4902
OH,39021,2016,CHAMPAIGN,39,57.8,3887.1078
OH,39023,2016,CLARK,39,59.8,4021.6098
OH,39025,2016,CLERMONT,39,49.1,3302.0241
OH,39027,2016,CLINTON,39,57.0,3833.307
OH,39029,2016,COLUMBIANA,39,52.7,3544.1277
OH,39031,2016,COSHOCTON,39,52.8,3550.8528
OH,39033,2016,CRAWFORD,39,54.6,3671.9046
OH,39037,2016,DARKE,39,58.3,3920.7333
OH,39039,2016,DEFIANCE,39,53.1,3571.0281
OH,39041,2016,DELAWARE,39,53.2,3577.7532
OH,39043,2016,ERIE,39,51.0,3429.801
OH,39045,2016,FAIRFIELD,39,58.9,3961.0839
OH,39047,2016,FAYETTE,39,60.3,4055.2353
OH,39049,2016,FRANKLIN,39,55.0,3698.805
OH,39051,2016,FULTON,39,58.4,3927.4584
OH,39055,2016,GEAUGA,39,50.5,3396.1755
OH,39057,2016,GREENE,39,60.5,4068.6855
OH,39061,2016,HAMILTON,39,60.0,4035.06
OH,39063,2016,HANCOCK,39,48.4,3254.9484
OH,39065,2016,HARDIN,39,53.7,3611.3787
OH,39069,2016,HENRY,39,59.4,3994.7094
OH,39071,2016,HIGHLAND,39,51.1,3436.5261
OH,39073,2016,HOCKING,39,49.0,3295.299
OH,39075,2016,HOLMES,39,48.0,3228.048
OH,39077,2016,HURON,39,53.1,3571.0281
OH,39079,2016,JACKSON,39,50.5,3396.1755
OH,39083,2016,KNOX,39,52.0,3497.052
OH,39089,2016,LICKING,39,53.1,3571.0281
OH,39091,2016,LOGAN,39,55.5,3732.4305
OH,39093,2016,LORAIN,39,48.7,3275.1237
OH,39095,2016,LUCAS,39,53.4,3591.2034
OH,39097,2016,MADISON,39,58.9,3961.0839
OH,39099,2016,MAHONING,39,51.3,3449.9763
OH,39101,2016,MARION,39,54.6,3671.9046
OH,39103,2016,MEDINA,39,46.3,3113.7213
OH,39105,2016,MEIGS,39,49.2,3308.7492
OH,39107,2016,MERCER,39,58.9,3961.0839
OH,39109,2016,MIAMI,39,53.2,3577.7532
OH,39113,2016,MONTGOMERY,39,57.1,3840.0321
OH,39115,2016,MORGAN,39,52.3,3517.2273
OH,39117,2016,MORROW,39,55.2,3712.2552
OH,39119,2016,MUSKINGUM,39,58.0,3900.558
OH,39123,2016,OTTAWA,39,53.1,3571.0281
OH,39125,2016,PAULDING,39,50.7,3409.6257
OH,39129,2016,PICKAWAY,39,57.7,3880.3827
OH,39133,2016,PORTAGE,39,47.8,3214.5978
OH,39135,2016,PREBLE,39,63.2,4250.2632
OH,39137,2016,PUTNAM,39,52.2,3510.5022
OH,39139,2016,RICHLAND,39,50.6,3402.9006
OH,39141,2016,ROSS,39,52.5,3530.6775
OH,39143,2016,SANDUSKY,39,56.7,3813.1317
OH,39145,2016,SCIOTO,39,51.4,3456.7014
OH,39147,2016,SENECA,39,51.4,3456.7014
OH,39149,2016,SHELBY,39,51.4,3456.7014
OH,39151,2016,STARK,39,45.4,3053.1954
OH,39155,2016,TRUMBULL,39,56.4,3792.9564
OH,39157,2016,TUSCARAWAS,39,52.2,3510.5022
OH,39159,2016,UNION,39,58.6,3940.9086
OH,39161,2016,VAN WERT,39,58.9,3961.0839
OH,39165,2016,WARREN,39,54.2,3645.0042
OH,39167,2016,WASHINGTON,39,45.6,3066.6456
OH,39169,2016,WAYNE,39,51.8,3483.6018
OH,39171,2016,WILLIAMS,39,54.0,3631.554
OH,39173,2016,WOOD,39,54.3,3651.7293
OH,39175,2016,WYANDOT,39,52.2,3510.5022
OH,39998,2016,OTHER (COMBINED) COUNTIES,39,50.45,3392.81295
OH,39001,2017,ADAMS,39,46.9,3154.0719
OH,39003,2017,ALLEN,39,49.3,3315.4743
OH,39007,2017,ASHTABULA,39,48.3,3248.2233
OH,39009,2017,ATHENS,39,44.3,2979.2193
OH,39011,2017,AUGLAIZE,39,50.6,3402.9006
OH,39015,2017,BROWN,39,49.9,3355.8249
OH,39017,2017,BUTLER,39,49.8,3349.0998
OH,39019,2017,CARROLL,39,41.6,2797.6416
OH,39021,2017,CHAMPAIGN,39,55.7,3745.8807
OH,39023,2017,CLARK,39,56.5,3799.6815
OH,39025,2017,CLERMONT,39,50.3,3382.7253
OH,39027,2017,CLINTON,39,53.6,3604.6536
OH,39029,2017,COLUMBIANA,39,43.1,2898.5181
OH,39031,2017,COSHOCTON,39,48.6,3268.3986
OH,39033,2017,CRAWFORD,39,51.2,3443.2512
OH,39037,2017,DARKE,39,50.4,3389.4504
OH,39039,2017,DEFIANCE,39,40.7,2737.1157
OH,39041,2017,DELAWARE,39,50.7,3409.6257
OH,39045,2017,FAIRFIELD,39,55.5,3732.4305
OH,39047,2017,FAYETTE,39,56.0,3766.056
OH,39049,2017,FRANKLIN,39,48.1,3234.7731
OH,39051,2017,FULTON,39,49.8,3349.0998
OH,39057,2017,GREENE,39,57.1,3840.0321
OH,39059,2017,GUERNSEY,39,50.3,3382.7253
OH,39061,2017,HAMILTON,39,53.0,3564.303
OH,39063,2017,HANCOCK,39,48.5,3261.6735
OH,39065,2017,HARDIN,39,42.0,2824.542
OH,39067,2017,HARRISON,39,50.6,3402.9006
OH,39069,2017,HENRY,39,47.4,3187.6974
OH,39071,2017,HIGHLAND,39,52.7,3544.1277
OH,39073,2017,HOCKING,39,40.9,2750.5659
OH,39075,2017,HOLMES,39,47.5,3194.4225
OH,39077,2017,HURON,39,49.3,3315.4743
OH,39079,2017,JACKSON,39,51.9,3490.3269
OH,39083,2017,KNOX,39,49.1,3302.0241
OH,39089,2017,LICKING,39,47.5,3194.4225
OH,39091,2017,LOGAN,39,48.6,3268.3986
OH,39093,2017,LORAIN,39,41.7,2804.3667
OH,39095,2017,LUCAS,39,46.3,3113.7213
OH,39097,2017,MADISON,39,55.3,3718.9803
OH,39099,2017,MAHONING,39,42.0,2824.542
OH,39101,2017,MARION,39,48.2,3241.4982
OH,39103,2017,MEDINA,39,40.0,2690.04
OH,39107,2017,MERCER,39,53.0,3564.303
OH,39109,2017,MIAMI,39,56.0,3766.056
OH,39113,2017,MONTGOMERY,39,51.0,3429.801
OH,39115,2017,MORGAN,39,44.4,2985.9444
OH,39117,2017,MORROW,39,45.5,3059.9205
OH,39119,2017,MUSKINGUM,39,54.9,3692.0799
OH,39123,2017,OTTAWA,39,42.3,2844.7173
OH,39125,2017,PAULDING,39,42.9,2885.0679
OH,39127,2017,PERRY,39,54.1,3638.2791
OH,39129,2017,PICKAWAY,39,53.3,3584.4783
OH,39131,2017,PIKE,39,49.8,3349.0998
OH,39133,2017,PORTAGE,39,39.4,2649.6894
OH,39135,2017,PREBLE,39,56.7,3813.1317
OH,39137,2017,PUTNAM,39,46.5,3127.1715
OH,39139,2017,RICHLAND,39,46.4,3120.4464
OH,39141,2017,ROSS,39,52.2,3510.5022
OH,39143,2017,SANDUSKY,39,45.8,3080.0958
OH,39145,2017,SCIOTO,39,51.7,3476.8767
OH,39147,2017,SENECA,39,48.4,3254.9484
OH,39149,2017,SHELBY,39,52.6,3537.4026
OH,39151,2017,STARK,39,45.8,3080.0958
OH,39153,2017,SUMMIT,39,27.0,1815.777
OH,39155,2017,TRUMBULL,39,42.9,2885.0679
OH,39157,2017,TUSCARAWAS,39,52.6,3537.4026
OH,39159,2017,UNION,39,52.6,3537.4026
OH,39161,2017,VAN WERT,39,51.8,3483.6018
OH,39165,2017,WARREN,39,48.6,3268.3986
OH,39167,2017,WASHINGTON,39,49.6,3335.6496
OH,39169,2017,WAYNE,39,45.6,3066.6456
OH,39171,2017,WILLIAMS,39,47.1,3167.5221
OH,39173,2017,WOOD,39,46.3,3113.7213
OH,39175,2017,WYANDOT,39,50.4,3389.4504
OH,39998,2017,OTHER (COMBINED) COUNTIES,39,46.0,3093.546
OH,39001,2018,ADAMS,39,45.5,3059.9205
OH,39003,2018,ALLEN,39,60.6,4075.4106
OH,39007,2018,ASHTABULA,39,46.3,3113.7213
OH,39009,2018,ATHENS,39,51.0,3429.801
OH,39011,2018,AUGLAIZE,39,64.0,4304.064
OH,39015,2018,BROWN,39,48.4,3254.9484
OH,39017,2018,BUTLER,39,51.1,3436.5261
OH,39019,2018,CARROLL,39,41.0,2757.291
OH,39021,2018,CHAMPAIGN,39,56.2,3779.5062
OH,39023,2018,CLARK,39,57.1,3840.0321
OH,39025,2018,CLERMONT,39,50.3,3382.7253
OH,39027,2018,CLINTON,39,57.8,3887.1078
OH,39029,2018,COLUMBIANA,39,53.4,3591.2034
OH,39031,2018,COSHOCTON,39,48.9,3288.5739
OH,39033,2018,CRAWFORD,39,59.7,4014.8847
OH,39037,2018,DARKE,39,60.4,4061.9604
OH,39039,2018,DEFIANCE,39,53.9,3624.8289
OH,39041,2018,DELAWARE,39,54.5,3665.1795
OH,39045,2018,FAIRFIELD,39,55.4,3725.7054
OH,39047,2018,FAYETTE,39,58.6,3940.9086
OH,39051,2018,FULTON,39,52.6,3537.4026
OH,39053,2018,GALLIA,39,44.3,2979.2193
OH,39055,2018,GEAUGA,39,40.0,2690.04
OH,39057,2018,GREENE,39,58.0,3900.558
OH,39061,2018,HAMILTON,39,51.2,3443.2512
OH,39063,2018,HANCOCK,39,59.2,3981.2592
OH,39065,2018,HARDIN,39,59.8,4021.6098
OH,39067,2018,HARRISON,39,51.9,3490.3269
OH,39069,2018,HENRY,39,56.3,3786.2313
OH,39071,2018,HIGHLAND,39,53.4,3591.2034
OH,39075,2018,HOLMES,39,52.4,3523.9524
OH,39077,2018,HURON,39,49.8,3349.0998
OH,39079,2018,JACKSON,39,55.4,3725.7054
OH,39083,2018,KNOX,39,50.8,3416.3508
OH,39087,2018,LAWRENCE,39,37.0,2488.287
OH,39089,2018,LICKING,39,48.5,3261.6735
OH,39091,2018,LOGAN,39,59.1,3974.5341
OH,39093,2018,LORAIN,39,50.9,3423.0759
OH,39095,2018,LUCAS,39,56.4,3792.9564
OH,39097,2018,MADISON,39,57.8,3887.1078
OH,39099,2018,MAHONING,39,47.8,3214.5978
OH,39101,2018,MARION,39,62.5,4203.1875
OH,39103,2018,MEDINA,39,52.6,3537.4026
OH,39107,2018,MERCER,39,65.2,4384.7652
OH,39109,2018,MIAMI,39,59.7,4014.8847
OH,39113,2018,MONTGOMERY,39,54.9,3692.0799
OH,39115,2018,MORGAN,39,33.6,2259.6336
OH,39119,2018,MUSKINGUM,39,52.1,3503.7771
OH,39123,2018,OTTAWA,39,46.6,3133.8966
OH,39125,2018,PAULDING,39,55.9,3759.3309
OH,39129,2018,PICKAWAY,39,57.5,3866.9325
OH,39131,2018,PIKE,39,53.1,3571.0281
OH,39133,2018,PORTAGE,39,43.4,2918.6934
OH,39135,2018,PREBLE,39,59.9,4028.3349
OH,39137,2018,PUTNAM,39,61.5,4135.9365
OH,39141,2018,ROSS,39,50.0,3362.55
OH,39143,2018,SANDUSKY,39,53.1,3571.0281
OH,39145,2018,SCIOTO,39,45.9,3086.8209
OH,39147,2018,SENECA,39,54.8,3685.3548
OH,39149,2018,SHELBY,39,62.0,4169.562
OH,39151,2018,STARK,39,50.5,3396.1755
OH,39155,2018,TRUMBULL,39,47.0,3160.797
OH,39157,2018,TUSCARAWAS,39,50.9,3423.0759
OH,39159,2018,UNION,39,56.1,3772.7811
OH,39161,2018,VAN WERT,39,63.4,4263.7134
OH,39163,2018,VINTON,39,31.8,2138.5818
OH,39165,2018,WARREN,39,52.8,3550.8528
OH,39167,2018,WASHINGTON,39,46.0,3093.546
OH,39169,2018,WAYNE,39,53.2,3577.7532
OH,39171,2018,WILLIAMS,39,57.2,3846.7572
OH,39173,2018,WOOD,39,55.0,3698.805
OH,39175,2018,WYANDOT,39,58.3,3920.7333
OH,39998,2018,OTHER (COMBINED) COUNTIES,39,46.96,3158.10696
OH,39001,2019,ADAMS,39,46.6,3133.8966
OH,39003,2019,ALLEN,39,52.8,3550.8528
OH,39005,2019,ASHLAND,39,49.2,3308.7492
OH,39007,2019,ASHTABULA,39,46.4,3120.4464
OH,39009,2019,ATHENS,39,58.6,3940.9086
OH,39011,2019,AUGLAIZE,39,48.8,3281.8488
OH,39015,2019,BROWN,39,46.2,3106.9962
OH,39019,2019,CARROLL,39,41.2,2770.7412
OH,39021,2019,CHAMPAIGN,39,45.8,3080.0958
OH,39023,2019,CLARK,39,44.1,2965.7691
OH,39025,2019,CLERMONT,39,50.5,3396.1755
OH,39027,2019,CLINTON,39,55.9,3759.3309
OH,39029,2019,COLUMBIANA,39,40.2,2703.4902
OH,39031,2019,COSHOCTON,39,44.8,3012.8448
OH,39033,2019,CRAWFORD,39,53.4,3591.2034
OH,39037,2019,DARKE,39,47.0,3160.797
OH,39041,2019,DELAWARE,39,42.5,2858.1675
OH,39043,2019,ERIE,39,51.5,3463.4265
OH,39045,2019,FAIRFIELD,39,53.8,3618.1038
OH,39047,2019,FAYETTE,39,51.9,3490.3269
OH,39051,2019,FULTON,39,50.5,3396.1755
OH,39053,2019,GALLIA,39,51.9,3490.3269
OH,39057,2019,GREENE,39,50.6,3402.9006
OH,39063,2019,HANCOCK,39,47.9,3221.3229
OH,39065,2019,HARDIN,39,47.9,3221.3229
OH,39069,2019,HENRY,39,57.0,3833.307
OH,39071,2019,HIGHLAND,39,49.6,3335.6496
OH,39075,2019,HOLMES,39,47.1,3167.5221
OH,39079,2019,JACKSON,39,44.8,3012.8448
OH,39081,2019,JEFFERSON,39,51.5,3463.4265
OH,39083,2019,KNOX,39,50.5,3396.1755
OH,39085,2019,LAKE,39,38.9,2616.0639
OH,39087,2019,LAWRENCE,39,34.6,2326.8846
OH,39089,2019,LICKING,39,51.2,3443.2512
OH,39091,2019,LOGAN,39,42.8,2878.3428
OH,39093,2019,LORAIN,39,44.7,3006.1197
OH,39097,2019,MADISON,39,50.7,3409.6257
OH,39099,2019,MAHONING,39,46.4,3120.4464
OH,39103,2019,MEDINA,39,44.2,2972.4942
OH,39105,2019,MEIGS,39,50.9,3423.0759
OH,39107,2019,MERCER,39,52.4,3523.9524
OH,39109,2019,MIAMI,39,43.7,2938.8687
OH,39113,2019,MONTGOMERY,39,48.5,3261.6735
OH,39115,2019,MORGAN,39,42.3,2844.7173
OH,39117,2019,MORROW,39,39.3,2642.9643
OH,39119,2019,MUSKINGUM,39,59.5,4001.4345
OH,39123,2019,OTTAWA,39,44.4,2985.9444
OH,39125,2019,PAULDING,39,47.4,3187.6974
OH,39129,2019,PICKAWAY,39,48.1,3234.7731
OH,39131,2019,PIKE,39,42.9,2885.0679
OH,39133,2019,PORTAGE,39,46.6,3133.8966
OH,39135,2019,PREBLE,39,52.1,3503.7771
OH,39137,2019,PUTNAM,39,48.9,3288.5739
OH,39141,2019,ROSS,39,51.9,3490.3269
OH,39143,2019,SANDUSKY,39,56.4,3792.9564
OH,39145,2019,SCIOTO,39,49.3,3315.4743
OH,39147,2019,SENECA,39,46.3,3113.7213
OH,39149,2019,SHELBY,39,44.4,2985.9444
OH,39151,2019,STARK,39,48.2,3241.4982
OH,39155,2019,TRUMBULL,39,47.2,3174.2472
OH,39157,2019,TUSCARAWAS,39,52.8,3550.8528
OH,39159,2019,UNION,39,44.2,2972.4942
OH,39161,2019,VAN WERT,39,54.2,3645.0042
OH,39165,2019,WARREN,39,49.4,3322.1994
OH,39167,2019,WASHINGTON,39,56.2,3779.5062
OH,39171,2019,WILLIAMS,39,50.0,3362.55
OH,39173,2019,WOOD,39,52.5,3530.6775
OH,39175,2019,WYANDOT,39,47.7,3207.8727
OH,39998,2019,OTHER (COMBINED) COUNTIES,39,48.042857142857144,3230.930185714286
OH,39001,2020,ADAMS,39,51.8,3483.6018
OH,39003,2020,ALLEN,39,57.1,3840.0321
OH,39005,2020,ASHLAND,39,47.8,3214.5978
OH,39007,2020,ASHTABULA,39,49.1,3302.0241
OH,39009,2020,ATHENS,39,47.4,3187.6974
OH,39011,2020,AUGLAIZE,39,55.0,3698.805
OH,39015,2020,BROWN,39,54.5,3665.1795
OH,39017,2020,BUTLER,39,49.0,3295.299
OH,39019,2020,CARROLL,39,36.3,2441.2113
OH,39021,2020,CHAMPAIGN,39,55.5,3732.4305
OH,39023,2020,CLARK,39,59.1,3974.5341
OH,39025,2020,CLERMONT,39,51.9,3490.3269
OH,39027,2020,CLINTON,39,58.8,3954.3588
OH,39029,2020,COLUMBIANA,39,48.8,3281.8488
OH,39031,2020,COSHOCTON,39,53.4,3591.2034
OH,39033,2020,CRAWFORD,39,62.3,4189.7373
OH,39037,2020,DARKE,39,63.2,4250.2632
OH,39039,2020,DEFIANCE,39,41.1,2764.0161
OH,39041,2020,DELAWARE,39,56.9,3826.5819
OH,39043,2020,ERIE,39,52.1,3503.7771
OH,39045,2020,FAIRFIELD,39,60.0,4035.06
OH,39047,2020,FAYETTE,39,57.4,3860.2074
OH,39049,2020,FRANKLIN,39,55.9,3759.3309
OH,39051,2020,FULTON,39,52.8,3550.8528
OH,39053,2020,GALLIA,39,57.9,3893.8329
OH,39055,2020,GEAUGA,39,45.9,3086.8209
OH,39057,2020,GREENE,39,55.8,3752.6058
OH,39059,2020,GUERNSEY,39,51.0,3429.801
OH,39061,2020,HAMILTON,39,54.8,3685.3548
OH,39063,2020,HANCOCK,39,56.8,3819.8568
OH,39065,2020,HARDIN,39,58.8,3954.3588
OH,39067,2020,HARRISON,39,48.0,3228.048
OH,39069,2020,HENRY,39,52.6,3537.4026
OH,39071,2020,HIGHLAND,39,53.8,3618.1038
OH,39073,2020,HOCKING,39,52.8,3550.8528
OH,39075,2020,HOLMES,39,51.3,3449.9763
OH,39077,2020,HURON,39,54.5,3665.1795
OH,39079,2020,JACKSON,39,51.3,3449.9763
OH,39083,2020,KNOX,39,53.9,3624.8289
OH,39085,2020,LAKE,39,46.8,3147.3468
OH,39087,2020,LAWRENCE,39,48.6,3268.3986
OH,39089,2020,LICKING,39,54.6,3671.9046
OH,39091,2020,LOGAN,39,59.1,3974.5341
OH,39093,2020,LORAIN,39,50.2,3376.0002
OH,39095,2020,LUCAS,39,52.1,3503.7771
OH,39097,2020,MADISON,39,54.6,3671.9046
OH,39099,2020,MAHONING,39,50.1,3369.2751
OH,39101,2020,MARION,39,59.1,3974.5341
OH,39103,2020,MEDINA,39,54.1,3638.2791
OH,39105,2020,MEIGS,39,48.7,3275.1237
OH,39107,2020,MERCER,39,60.0,4035.06
OH,39109,2020,MIAMI,39,61.3,4122.4863
OH,39113,2020,MONTGOMERY,39,50.9,3423.0759
OH,39115,2020,MORGAN,39,43.8,2945.5938
OH,39117,2020,MORROW,39,56.7,3813.1317
OH,39119,2020,MUSKINGUM,39,59.5,4001.4345
OH,39123,2020,OTTAWA,39,50.6,3402.9006
OH,39125,2020,PAULDING,39,49.9,3355.8249
OH,39127,2020,PERRY,39,53.2,3577.7532
OH,39129,2020,PICKAWAY,39,54.1,3638.2791
OH,39131,2020,PIKE,39,50.7,3409.6257
OH,39133,2020,PORTAGE,39,50.4,3389.4504
OH,39135,2020,PREBLE,39,61.2,4115.7612
OH,39137,2020,PUTNAM,39,53.2,3577.7532
OH,39139,2020,RICHLAND,39,51.8,3483.6018
OH,39141,2020,ROSS,39,55.5,3732.4305
OH,39143,2020,SANDUSKY,39,49.8,3349.0998
OH,39145,2020,SCIOTO,39,53.1,3571.0281
OH,39147,2020,SENECA,39,54.6,3671.9046
OH,39149,2020,SHELBY,39,55.0,3698.805
OH,39151,2020,STARK,39,47.2,3174.2472
OH,39153,2020,SUMMIT,39,40.9,2750.5659
OH,39155,2020,TRUMBULL,39,51.4,3456.7014
OH,39157,2020,TUSCARAWAS,39,49.5,3328.9245
OH,39159,2020,UNION,39,56.6,3806.4066
OH,39161,2020,VAN WERT,39,56.2,3779.5062
OH,39163,2020,VINTON,39,50.4,3389.4504
OH,39165,2020,WARREN,39,54.0,3631.554
OH,39167,2020,WASHINGTON,39,55.6,3739.1556
OH,39169,2020,WAYNE,39,53.8,3618.1038
OH,39171,2020,WILLIAMS,39,46.7,3140.6217
OH,39175,2020,WYANDOT,39,59.8,4021.6098
OH,39998,2020,OTHER COUNTIES,39,56.8,3819.8568
OH,39003,2021,ALLEN,39,64.5,4337.6895
OH,39005,2021,ASHLAND,39,53.3,3584.4783
OH,39007,2021,ASHTABULA,39,46.0,3093.546
OH,39009,2021,ATHENS,39,52.9,3557.5779
OH,39011,2021,AUGLAIZE,39,61.0,4102.311
OH,39015,2021,BROWN,39,50.8,3416.3508
OH,39017,2021,BUTLER,39,54.6,3671.9046
OH,39019,2021,CARROLL,39,40.1,2696.7651
OH,39021,2021,CHAMPAIGN,39,59.9,4028.3349
OH,39023,2021,CLARK,39,61.5,4135.9365
OH,39025,2021,CLERMONT,39,54.4,3658.4544
OH,39027,2021,CLINTON,39,60.7,4082.1357
OH,39029,2021,COLUMBIANA,39,49.5,3328.9245
OH,39031,2021,COSHOCTON,39,53.8,3618.1038
OH,39033,2021,CRAWFORD,39,62.3,4189.7373
OH,39037,2021,DARKE,39,57.8,3887.1078
OH,39039,2021,DEFIANCE,39,50.6,3402.9006
OH,39041,2021,DELAWARE,39,59.1,3974.5341
OH,39043,2021,ERIE,39,54.9,3692.0799
OH,39047,2021,FAYETTE,39,66.9,4499.0919
OH,39051,2021,FULTON,39,54.3,3651.7293
OH,39053,2021,GALLIA,39,53.8,3618.1038
OH,39055,2021,GEAUGA,39,46.3,3113.7213
OH,39057,2021,GREENE,39,63.5,4270.4385
OH,39059,2021,GUERNSEY,39,47.1,3167.5221
OH,39061,2021,HAMILTON,39,48.6,3268.3986
OH,39065,2021,HARDIN,39,58.3,3920.7333
OH,39069,2021,HENRY,39,56.7,3813.1317
OH,39071,2021,HIGHLAND,39,56.4,3792.9564
OH,39075,2021,HOLMES,39,51.2,3443.2512
OH,39077,2021,HURON,39,56.4,3792.9564
OH,39081,2021,JEFFERSON,39,47.3,3180.9723
OH,39083,2021,KNOX,39,55.3,3718.9803
OH,39087,2021,LAWRENCE,39,46.5,3127.1715
OH,39089,2021,LICKING,39,53.6,3604.6536
OH,39091,2021,LOGAN,39,60.4,4061.9604
OH,39093,2021,LORAIN,39,49.8,3349.0998
OH,39095,2021,LUCAS,39,51.1,3436.5261
OH,39097,2021,MADISON,39,62.8,4223.3628
OH,39099,2021,MAHONING,39,51.8,3483.6018
OH,39103,2021,MEDINA,39,47.3,3180.9723
OH,39105,2021,MEIGS,39,48.0,3228.048
OH,39107,2021,MERCER,39,64.9,4364.5899
OH,39109,2021,MIAMI,39,62.9,4230.0879
OH,39113,2021,MONTGOMERY,39,53.3,3584.4783
OH,39115,2021,MORGAN,39,51.9,3490.3269
OH,39117,2021,MORROW,39,54.1,3638.2791
OH,39119,2021,MUSKINGUM,39,54.7,3678.6297
OH,39121,2021,NOBLE,39,45.1,3033.0201
OH,39123,2021,OTTAWA,39,48.9,3288.5739
OH,39125,2021,PAULDING,39,55.5,3732.4305
OH,39127,2021,PERRY,39,57.1,3840.0321
OH,39129,2021,PICKAWAY,39,56.7,3813.1317
OH,39131,2021,PIKE,39,57.4,3860.2074
OH,39133,2021,PORTAGE,39,44.5,2992.6695
OH,39135,2021,PREBLE,39,56.4,3792.9564
OH,39137,2021,PUTNAM,39,56.1,3772.7811
OH,39141,2021,ROSS,39,56.0,3766.056
OH,39143,2021,SANDUSKY,39,55.2,3712.2552
OH,39145,2021,SCIOTO,39,53.1,3571.0281
OH,39149,2021,SHELBY,39,58.4,3927.4584
OH,39151,2021,STARK,39,50.9,3423.0759
OH,39155,2021,TRUMBULL,39,50.8,3416.3508
OH,39157,2021,TUSCARAWAS,39,58.8,3954.3588
OH,39159,2021,UNION,39,58.3,3920.7333
OH,39161,2021,VAN WERT,39,60.1,4041.7851
OH,39163,2021,VINTON,39,63.0,4236.813
OH,39165,2021,WARREN,39,53.2,3577.7532
OH,39167,2021,WASHINGTON,39,55.6,3739.1556
OH,39169,2021,WAYNE,39,55.1,3705.5301
OH,39171,2021,WILLIAMS,39,54.4,3658.4544
OH,39173,2021,WOOD,39,56.7,3813.1317
OH,39175,2021,WYANDOT,39,56.6,3806.4066
OH,39998,2021,OTHER COUNTIES,39,56.4,3792.9564
OH,39001,2022,ADAMS,39,49.5,3328.9245
OH,39003,2022,ALLEN,39,58.3,3920.7333
OH,39007,2022,ASHTABULA,39,45.3,3046.4703
OH,39009,2022,ATHENS,39,48.7,3275.1237
OH,39011,2022,AUGLAIZE,39,60.2,4048.5102
OH,39013,2022,BELMONT,39,45.6,3066.6456
OH,39015,2022,BROWN,39,50.8,3416.3508
OH,39017,2022,BUTLER,39,51.4,3456.7014
OH,39019,2022,CARROLL,39,46.0,3093.546
OH,39021,2022,CHAMPAIGN,39,59.4,3994.7094
OH,39023,2022,CLARK,39,58.5,3934.1835
OH,39025,2022,CLERMONT,39,48.2,3241.4982
OH,39027,2022,CLINTON,39,54.5,3665.1795
OH,39029,2022,COLUMBIANA,39,46.8,3147.3468
OH,39031,2022,COSHOCTON,39,51.9,3490.3269
OH,39033,2022,CRAWFORD,39,63.8,4290.6138
OH,39037,2022,DARKE,39,56.6,3806.4066
OH,39039,2022,DEFIANCE,39,51.3,3449.9763
OH,39041,2022,DELAWARE,39,51.6,3470.1516
OH,39043,2022,ERIE,39,58.9,3961.0839
OH,39045,2022,FAIRFIELD,39,59.6,4008.1596
OH,39047,2022,FAYETTE,39,56.4,3792.9564
OH,39049,2022,FRANKLIN,39,52.3,3517.2273
OH,39051,2022,FULTON,39,59.1,3974.5341
OH,39053,2022,GALLIA,39,48.3,3248.2233
OH,39055,2022,GEAUGA,39,46.3,3113.7213
OH,39057,2022,GREENE,39,55.4,3725.7054
OH,39059,2022,GUERNSEY,39,47.6,3201.1476
OH,39061,2022,HAMILTON,39,54.9,3692.0799
OH,39063,2022,HANCOCK,39,58.1,3907.2831
OH,39065,2022,HARDIN,39,59.4,3994.7094
OH,39069,2022,HENRY,39,61.8,4156.1118
OH,39071,2022,HIGHLAND,39,49.5,3328.9245
OH,39075,2022,HOLMES,39,51.6,3470.1516
OH,39077,2022,HURON,39,51.5,3463.4265
OH,39081,2022,JEFFERSON,39,49.3,3315.4743
OH,39083,2022,KNOX,39,51.4,3456.7014
OH,39087,2022,LAWRENCE,39,49.9,3355.8249
OH,39091,2022,LOGAN,39,54.5,3665.1795
OH,39093,2022,LORAIN,39,50.8,3416.3508
OH,39095,2022,LUCAS,39,53.9,3624.8289
OH,39097,2022,MADISON,39,55.1,3705.5301
OH,39099,2022,MAHONING,39,46.8,3147.3468
OH,39101,2022,MARION,39,58.3,3920.7333
OH,39103,2022,MEDINA,39,50.6,3402.9006
OH,39105,2022,MEIGS,39,44.5,2992.6695
OH,39107,2022,MERCER,39,56.9,3826.5819
OH,39109,2022,MIAMI,39,53.9,3624.8289
OH,39113,2022,MONTGOMERY,39,51.1,3436.5261
OH,39115,2022,MORGAN,39,52.0,3497.052
OH,39117,2022,MORROW,39,55.1,3705.5301
OH,39119,2022,MUSKINGUM,39,49.4,3322.1994
OH,39123,2022,OTTAWA,39,54.0,3631.554
OH,39125,2022,PAULDING,39,57.3,3853.4823
OH,39127,2022,PERRY,39,52.5,3530.6775
OH,39129,2022,PICKAWAY,39,56.2,3779.5062
OH,39131,2022,PIKE,39,53.4,3591.2034
OH,39133,2022,PORTAGE,39,47.4,3187.6974
OH,39135,2022,PREBLE,39,52.8,3550.8528
OH,39137,2022,PUTNAM,39,56.8,3819.8568
OH,39139,2022,RICHLAND,39,56.7,3813.1317
OH,39141,2022,ROSS,39,55.0,3698.805
OH,39143,2022,SANDUSKY,39,58.4,3927.4584
OH,39145,2022,SCIOTO,39,49.1,3302.0241
OH,39147,2022,SENECA,39,57.6,3873.6576
OH,39149,2022,SHELBY,39,56.1,3772.7811
OH,39151,2022,STARK,39,48.6,3268.3986
OH,39155,2022,TRUMBULL,39,53.8,3618.1038
OH,39157,2022,TUSCARAWAS,39,48.6,3268.3986
OH,39159,2022,UNION,39,52.5,3530.6775
OH,39161,2022,VAN WERT,39,59.6,4008.1596
OH,39165,2022,WARREN,39,52.2,3510.5022
OH,39167,2022,WASHINGTON,39,51.1,3436.5261
OH,39169,2022,WAYNE,39,52.0,3497.052
OH,39171,2022,WILLIAMS,39,55.1,3705.5301
OH,39173,2022,WOOD,39,56.8,3819.8568
OH,39175,2022,WYANDOT,39,61.6,4142.6616
OH,39998,2022,OTHER COUNTIES,39,52.8,3550.8528
OH,39003,2023,ALLEN,39,59.8,4021.6098
OH,39007,2023,ASHTABULA,39,46.3,3113.7213
OH,39009,2023,ATHENS,39,58.6,3940.9086
OH,39011,2023,AUGLAIZE,39,58.0,3900.558
OH,39015,2023,BROWN,39,55.0,3698.805
OH,39017,2023,BUTLER,39,56.1,3772.7811
OH,39019,2023,CARROLL,39,45.4,3053.1954
OH,39021,2023,CHAMPAIGN,39,60.4,4061.9604
OH,39023,2023,CLARK,39,57.4,3860.2074
OH,39027,2023,CLINTON,39,63.2,4250.2632
OH,39029,2023,COLUMBIANA,39,52.9,3557.5779
OH,39031,2023,COSHOCTON,39,61.1,4109.0361
OH,39033,2023,CRAWFORD,39,63.1,4243.5381
OH,39037,2023,DARKE,39,62.3,4189.7373
OH,39039,2023,DEFIANCE,39,47.2,3174.2472
OH,39041,2023,DELAWARE,39,58.3,3920.7333
OH,39043,2023,ERIE,39,52.1,3503.7771
OH,39045,2023,FAIRFIELD,39,59.2,3981.2592
OH,39047,2023,FAYETTE,39,60.3,4055.2353
OH,39049,2023,FRANKLIN,39,55.1,3705.5301
OH,39051,2023,FULTON,39,54.6,3671.9046
OH,39055,2023,GEAUGA,39,49.2,3308.7492
OH,39057,2023,GREENE,39,61.9,4162.8369
OH,39059,2023,GUERNSEY,39,50.5,3396.1755
OH,39065,2023,HARDIN,39,62.1,4176.2871
OH,39069,2023,HENRY,39,60.2,4048.5102
OH,39071,2023,HIGHLAND,39,55.7,3745.8807
OH,39075,2023,HOLMES,39,49.0,3295.299
OH,39077,2023,HURON,39,55.8,3752.6058
OH,39079,2023,JACKSON,39,50.4,3389.4504
OH,39081,2023,JEFFERSON,39,50.7,3409.6257
OH,39083,2023,KNOX,39,55.6,3739.1556
OH,39091,2023,LOGAN,39,56.0,3766.056
OH,39093,2023,LORAIN,39,53.9,3624.8289
OH,39095,2023,LUCAS,39,55.6,3739.1556
OH,39097,2023,MADISON,39,59.6,4008.1596
OH,39099,2023,MAHONING,39,50.6,3402.9006
OH,39103,2023,MEDINA,39,50.6,3402.9006
OH,39107,2023,MERCER,39,61.4,4129.2114
OH,39109,2023,MIAMI,39,60.6,4075.4106
OH,39113,2023,MONTGOMERY,39,57.7,3880.3827
OH,39115,2023,MORGAN,39,47.6,3201.1476
OH,39117,2023,MORROW,39,57.1,3840.0321
OH,39119,2023,MUSKINGUM,39,55.5,3732.4305
OH,39123,2023,OTTAWA,39,55.6,3739.1556
OH,39125,2023,PAULDING,39,54.9,3692.0799
OH,39129,2023,PICKAWAY,39,61.2,4115.7612
OH,39131,2023,PIKE,39,53.0,3564.303
OH,39133,2023,PORTAGE,39,51.8,3483.6018
OH,39135,2023,PREBLE,39,61.4,4129.2114
OH,39137,2023,PUTNAM,39,58.4,3927.4584
OH,39141,2023,ROSS,39,59.7,4014.8847
OH,39143,2023,SANDUSKY,39,60.3,4055.2353
OH,39145,2023,SCIOTO,39,54.6,3671.9046
OH,39147,2023,SENECA,39,57.6,3873.6576
OH,39149,2023,SHELBY,39,57.4,3860.2074
OH,39151,2023,STARK,39,57.1,3840.0321
OH,39155,2023,TRUMBULL,39,54.0,3631.554
OH,39157,2023,TUSCARAWAS,39,57.0,3833.307
OH,39159,2023,UNION,39,57.7,3880.3827
OH,39161,2023,VAN WERT,39,57.3,3853.4823
OH,39163,2023,VINTON,39,55.3,3718.9803
OH,39165,2023,WARREN,39,57.0,3833.307
OH,39167,2023,WASHINGTON,39,54.7,3678.6297
OH,39169,2023,WAYNE,39,53.6,3604.6536
OH,39173,2023,WOOD,39,65.1,4378.0401
OH,39175,2023,WYANDOT,39,58.7,3947.6337
OH,39998,2023,OTHER COUNTIES,39,57.3,3853.4823
OH,39001,2024,ADAMS,39,34.9,2347.0599
OH,39003,2024,ALLEN,39,58.0,3900.558
OH,39007,2024,ASHTABULA,39,49.7,3342.3747
OH,39011,2024,AUGLAIZE,39,52.1,3503.7771
OH,39015,2024,BROWN,39,46.2,3106.9962
OH,39017,2024,BUTLER,39,50.2,3376.0002
OH,39019,2024,CARROLL,39,30.2,2030.9802
OH,39021,2024,CHAMPAIGN,39,51.6,3470.1516
OH,39023,2024,CLARK,39,56.6,3806.4066
OH,39027,2024,CLINTON,39,57.6,3873.6576
OH,39029,2024,COLUMBIANA,39,47.9,3221.3229
OH,39031,2024,COSHOCTON,39,45.1,3033.0201
OH,39033,2024,CRAWFORD,39,60.4,4061.9604
OH,39039,2024,DEFIANCE,39,45.6,3066.6456
OH,39041,2024,DELAWARE,39,49.3,3315.4743
OH,39043,2024,ERIE,39,59.4,3994.7094
OH,39045,2024,FAIRFIELD,39,46.9,3154.0719
OH,39047,2024,FAYETTE,39,39.7,2669.8647
OH,39049,2024,FRANKLIN,39,44.0,2959.044
OH,39051,2024,FULTON,39,51.1,3436.5261
OH,39053,2024,GALLIA,39,39.8,2676.5898
OH,39057,2024,GREENE,39,55.8,3752.6058
OH,39059,2024,GUERNSEY,39,44.0,2959.044
OH,39063,2024,HANCOCK,39,51.9,3490.3269
OH,39065,2024,HARDIN,39,54.1,3638.2791
OH,39067,2024,HARRISON,39,37.9,2548.8129
OH,39069,2024,HENRY,39,56.4,3792.9564
OH,39071,2024,HIGHLAND,39,37.4,2515.1874
OH,39075,2024,HOLMES,39,48.0,3228.048
OH,39077,2024,HURON,39,51.8,3483.6018
OH,39081,2024,JEFFERSON,39,26.0,1748.526
OH,39083,2024,KNOX,39,53.0,3564.303
OH,39091,2024,LOGAN,39,47.9,3221.3229
OH,39095,2024,LUCAS,39,44.5,2992.6695
OH,39097,2024,MADISON,39,50.6,3402.9006
OH,39099,2024,MAHONING,39,48.8,3281.8488
OH,39101,2024,MARION,39,48.4,3254.9484
OH,39103,2024,MEDINA,39,51.3,3449.9763
OH,39109,2024,MIAMI,39,58.0,3900.558
OH,39113,2024,MONTGOMERY,39,53.0,3564.303
OH,39117,2024,MORROW,39,48.4,3254.9484
OH,39123,2024,OTTAWA,39,41.8,2811.0918
OH,39125,2024,PAULDING,39,50.1,3369.2751
OH,39127,2024,PERRY,39,43.1,2898.5181
OH,39129,2024,PICKAWAY,39,34.0,2286.534
OH,39131,2024,PIKE,39,37.1,2495.0121
OH,39133,2024,PORTAGE,39,46.1,3100.2711
OH,39135,2024,PREBLE,39,61.0,4102.311
OH,39137,2024,PUTNAM,39,51.8,3483.6018
OH,39139,2024,RICHLAND,39,51.6,3470.1516
OH,39141,2024,ROSS,39,37.3,2508.4623
OH,39145,2024,SCIOTO,39,43.7,2938.8687
OH,39147,2024,SENECA,39,51.7,3476.8767
OH,39149,2024,SHELBY,39,50.4,3389.4504
OH,39151,2024,STARK,39,50.2,3376.0002
OH,39155,2024,TRUMBULL,39,50.7,3409.6257
OH,39157,2024,TUSCARAWAS,39,41.4,2784.1914
OH,39165,2024,WARREN,39,51.5,3463.4265
OH,39167,2024,WASHINGTON,39,43.1,2898.5181
OH,39169,2024,WAYNE,39,52.6,3537.4026
OH,39171,2024,WILLIAMS,39,41.1,2764.0161
OH,39173,2024,WOOD,39,49.3,3315.4743
OH,39175,2024,WYANDOT,39,49.6,3335.6496
OH,39998,2024,OTHER COUNTIES,39,52.1,3503.7771
SD,46003,2014,AURORA,46,39.1,2629.5141
SD,46005,2014,BEADLE,46,42.2,2837.9922
SD,46009,2014,BON HOMME,46,53.9,3624.8289
SD,46011,2014,BROOKINGS,46,48.8,3281.8488
SD,46013,2014,BROWN,46,42.7,2871.6177
SD,46015,2014,BRULE,46,50.7,3409.6257
SD,46023,2014,CHARLES MIX,46,47.3,3180.9723
SD,46025,2014,CLARK,46,47.1,3167.5221
SD,46027,2014,CLAY,46,56.2,3779.5062
SD,46029,2014,CODINGTON,46,43.1,2898.5181
SD,46035,2014,DAVISON,46,45.2,3039.7452
SD,46037,2014,DAY,46,42.7,2871.6177
SD,46039,2014,DEUEL,46,44.3,2979.2193
SD,46043,2014,DOUGLAS,46,39.5,2656.4145
SD,46045,2014,EDMUNDS,46,40.1,2696.7651
SD,46049,2014,FAULK,46,40.8,2743.8408
SD,46051,2014,GRANT,46,46.0,3093.546
SD,46057,2014,HAMLIN,46,49.4,3322.1994
SD,46059,2014,HAND,46,42.1,2831.2671
SD,46061,2014,HANSON,46,47.6,3201.1476
SD,46065,2014,HUGHES,46,44.1,2965.7691
SD,46067,2014,HUTCHINSON,46,49.2,3308.7492
SD,46073,2014,JERAULD,46,49.0,3295.299
SD,46077,2014,KINGSBURY,46,50.8,3416.3508
SD,46079,2014,LAKE,46,49.6,3335.6496
SD,46083,2014,LINCOLN,46,49.2,3308.7492
SD,46087,2014,MCCOOK,46,50.0,3362.55
SD,46091,2014,MARSHALL,46,41.1,2764.0161
SD,46099,2014,MINNEHAHA,46,50.7,3409.6257
SD,46101,2014,MOODY,46,50.8,3416.3508
SD,46107,2014,POTTER,46,37.6,2528.6376
SD,46109,2014,ROBERTS,46,39.5,2656.4145
SD,46115,2014,SPINK,46,42.5,2858.1675
SD,46119,2014,SULLY,46,39.9,2683.3149
SD,46123,2014,TRIPP,46,34.4,2313.4344
SD,46125,2014,TURNER,46,51.9,3490.3269
SD,46127,2014,UNION,46,50.6,3402.9006
SD,46129,2014,WALWORTH,46,36.9,2481.5619
SD,46135,2014,YANKTON,46,54.7,3678.6297
SD,46998,2014,OTHER (COMBINED) COUNTIES,46,40.725,2738.796975
SD,46003,2015,AURORA,46,40.6,2730.3906
SD,46005,2015,BEADLE,46,46.2,3106.9962
SD,46011,2015,BROOKINGS,46,49.4,3322.1994
SD,46013,2015,BROWN,46,42.5,2858.1675
SD,46015,2015,BRULE,46,50.5,3396.1755
SD,46019,2015,BUTTE,46,35.6,2394.1356
SD,46021,2015,CAMPBELL,46,37.8,2542.0878
SD,46023,2015,CHARLES MIX,46,47.3,3180.9723
SD,46027,2015,CLAY,46,54.5,3665.1795
SD,46029,2015,CODINGTON,46,45.6,3066.6456
SD,46031,2015,CORSON,46,25.6,1721.6256
SD,46037,2015,DAY,46,37.5,2521.9125
SD,46049,2015,FAULK,46,43.6,2932.1436
SD,46051,2015,GRANT,46,48.4,3254.9484
SD,46057,2015,HAMLIN,46,48.9,3288.5739
SD,46059,2015,HAND,46,47.8,3214.5978
SD,46067,2015,HUTCHINSON,46,49.1,3302.0241
SD,46073,2015,JERAULD,46,49.2,3308.7492
SD,46079,2015,LAKE,46,49.0,3295.299
SD,46083,2015,LINCOLN,46,54.2,3645.0042
SD,46085,2015,LYMAN,46,52.4,3523.9524
SD,46087,2015,MCCOOK,46,48.9,3288.5739
SD,46091,2015,MARSHALL,46,39.8,2676.5898
SD,46099,2015,MINNEHAHA,46,56.9,3826.5819
SD,46101,2015,MOODY,46,56.4,3792.9564
SD,46107,2015,POTTER,46,44.3,2979.2193
SD,46109,2015,ROBERTS,46,39.6,2663.1396
SD,46111,2015,SANBORN,46,44.0,2959.044
SD,46115,2015,SPINK,46,41.4,2784.1914
SD,46119,2015,SULLY,46,41.0,2757.291
SD,46125,2015,TURNER,46,52.7,3544.1277
SD,46127,2015,UNION,46,55.0,3698.805
SD,46135,2015,YANKTON,46,51.9,3490.3269
SD,46998,2015,OTHER (COMBINED) COUNTIES,46,41.1,2764.0161000000003
SD,46003,2016,AURORA,46,48.9,3288.5739
SD,46005,2016,BEADLE,46,47.9,3221.3229
SD,46009,2016,BON HOMME,46,50.3,3382.7253
SD,46011,2016,BROOKINGS,46,61.5,4135.9365
SD,46013,2016,BROWN,46,48.5,3261.6735
SD,46015,2016,BRULE,46,51.2,3443.2512
SD,46021,2016,CAMPBELL,46,44.6,2999.3946
SD,46023,2016,CHARLES MIX,46,50.2,3376.0002
SD,46025,2016,CLARK,46,50.8,3416.3508
SD,46027,2016,CLAY,46,55.8,3752.6058
SD,46029,2016,CODINGTON,46,44.6,2999.3946
SD,46035,2016,DAVISON,46,47.8,3214.5978
SD,46037,2016,DAY,46,41.7,2804.3667
SD,46039,2016,DEUEL,46,59.4,3994.7094
SD,46043,2016,DOUGLAS,46,52.9,3557.5779
SD,46049,2016,FAULK,46,35.0,2353.785
SD,46051,2016,GRANT,46,53.3,3584.4783
SD,46053,2016,GREGORY,46,45.4,3053.1954
SD,46057,2016,HAMLIN,46,57.1,3840.0321
SD,46059,2016,HAND,46,40.2,2703.4902
SD,46061,2016,HANSON,46,48.2,3241.4982
SD,46065,2016,HUGHES,46,36.3,2441.2113
SD,46067,2016,HUTCHINSON,46,53.9,3624.8289
SD,46075,2016,JONES,46,27.2,1829.2272
SD,46077,2016,KINGSBURY,46,54.4,3658.4544
SD,46079,2016,LAKE,46,60.4,4061.9604
SD,46083,2016,LINCOLN,46,54.0,3631.554
SD,46085,2016,LYMAN,46,39.0,2622.789
SD,46087,2016,MCCOOK,46,54.6,3671.9046
SD,46091,2016,MARSHALL,46,48.0,3228.048
SD,46097,2016,MINER,46,50.0,3362.55
SD,46099,2016,MINNEHAHA,46,60.1,4041.7851
SD,46101,2016,MOODY,46,66.9,4499.0919
SD,46107,2016,POTTER,46,36.4,2447.9364
SD,46109,2016,ROBERTS,46,48.0,3228.048
SD,46111,2016,SANBORN,46,54.1,3638.2791
SD,46115,2016,SPINK,46,48.5,3261.6735
SD,46119,2016,SULLY,46,41.7,2804.3667
SD,46125,2016,TURNER,46,54.8,3685.3548
SD,46127,2016,UNION,46,58.6,3940.9086
SD,46129,2016,WALWORTH,46,40.9,2750.5659
SD,46135,2016,YANKTON,46,57.6,3873.6576
SD,46998,2016,OTHER (COMBINED) COUNTIES,46,41.0,2757.2909999999997
SD,46005,2017,BEADLE,46,42.1,2831.2671
SD,46009,2017,BON HOMME,46,47.1,3167.5221
SD,46011,2017,BROOKINGS,46,49.1,3302.0241
SD,46013,2017,BROWN,46,38.1,2562.2631
SD,46015,2017,BRULE,46,36.9,2481.5619
SD,46021,2017,CAMPBELL,46,33.0,2219.283
SD,46023,2017,CHARLES MIX,46,45.5,3059.9205
SD,46025,2017,CLARK,46,43.5,2925.4185
SD,46027,2017,CLAY,46,51.9,3490.3269
SD,46029,2017,CODINGTON,46,44.7,3006.1197
SD,46035,2017,DAVISON,46,46.5,3127.1715
SD,46037,2017,DAY,46,40.8,2743.8408
SD,46039,2017,DEUEL,46,45.6,3066.6456
SD,46043,2017,DOUGLAS,46,42.7,2871.6177
SD,46045,2017,EDMUNDS,46,33.9,2279.8089
SD,46049,2017,FAULK,46,36.6,2461.3866
SD,46051,2017,GRANT,46,43.1,2898.5181
SD,46057,2017,HAMLIN,46,49.3,3315.4743
SD,46059,2017,HAND,46,33.9,2279.8089
SD,46061,2017,HANSON,46,48.2,3241.4982
SD,46065,2017,HUGHES,46,37.6,2528.6376
SD,46067,2017,HUTCHINSON,46,44.8,3012.8448
SD,46073,2017,JERAULD,46,35.8,2407.5858
SD,46077,2017,KINGSBURY,46,47.7,3207.8727
SD,46079,2017,LAKE,46,53.7,3611.3787
SD,46083,2017,LINCOLN,46,51.8,3483.6018
SD,46087,2017,MCCOOK,46,51.5,3463.4265
SD,46089,2017,MCPHERSON,46,31.6,2125.1316
SD,46091,2017,MARSHALL,46,41.8,2811.0918
SD,46097,2017,MINER,46,51.2,3443.2512
SD,46099,2017,MINNEHAHA,46,54.0,3631.554
SD,46101,2017,MOODY,46,53.9,3624.8289
SD,46107,2017,POTTER,46,29.7,1997.3547
SD,46109,2017,ROBERTS,46,44.6,2999.3946
SD,46111,2017,SANBORN,46,52.5,3530.6775
SD,46115,2017,SPINK,46,39.8,2676.5898
SD,46119,2017,SULLY,46,32.9,2212.5579
SD,46125,2017,TURNER,46,53.0,3564.303
SD,46127,2017,UNION,46,53.4,3591.2034
SD,46129,2017,WALWORTH,46,36.6,2461.3866
SD,46135,2017,YANKTON,46,52.9,3557.5779
SD,46998,2017,OTHER (COMBINED) COUNTIES,46,31.1,2091.5061
SD,46005,2018,BEADLE,46,46.1,3100.2711
SD,46011,2018,BROOKINGS,46,53.6,3604.6536
SD,46013,2018,BROWN,46,38.7,2602.6137
SD,46015,2018,BRULE,46,53.4,3591.2034
SD,46017,2018,BUFFALO,46,43.0,2891.793
SD,46019,2018,BUTTE,46,41.5,2790.9165
SD,46021,2018,CAMPBELL,46,29.4,1977.1794
SD,46023,2018,CHARLES MIX,46,52.2,3510.5022
SD,46025,2018,CLARK,46,46.9,3154.0719
SD,46027,2018,CLAY,46,52.7,3544.1277
SD,46029,2018,CODINGTON,46,46.4,3120.4464
SD,46037,2018,DAY,46,40.0,2690.04
SD,46039,2018,DEUEL,46,51.7,3476.8767
SD,46043,2018,DOUGLAS,46,55.8,3752.6058
SD,46045,2018,EDMUNDS,46,30.4,2044.4304
SD,46049,2018,FAULK,46,27.9,1876.3029
SD,46051,2018,GRANT,46,48.6,3268.3986
SD,46057,2018,HAMLIN,46,54.5,3665.1795
SD,46059,2018,HAND,46,38.3,2575.7133
SD,46065,2018,HUGHES,46,32.0,2152.032
SD,46067,2018,HUTCHINSON,46,51.0,3429.801
SD,46073,2018,JERAULD,46,48.0,3228.048
SD,46077,2018,KINGSBURY,46,50.3,3382.7253
SD,46079,2018,LAKE,46,55.9,3759.3309
SD,46083,2018,LINCOLN,46,48.4,3254.9484
SD,46085,2018,LYMAN,46,37.2,2501.7372
SD,46087,2018,MCCOOK,46,53.1,3571.0281
SD,46089,2018,MCPHERSON,46,30.0,2017.53
SD,46091,2018,MARSHALL,46,47.5,3194.4225
SD,46097,2018,MINER,46,51.0,3429.801
SD,46099,2018,MINNEHAHA,46,54.4,3658.4544
SD,46101,2018,MOODY,46,56.7,3813.1317
SD,46107,2018,POTTER,46,28.9,1943.5539
SD,46109,2018,ROBERTS,46,49.3,3315.4743
SD,46111,2018,SANBORN,46,48.2,3241.4982
SD,46115,2018,SPINK,46,40.4,2716.9404
SD,46123,2018,TRIPP,46,42.2,2837.9922
SD,46125,2018,TURNER,46,49.9,3355.8249
SD,46127,2018,UNION,46,51.0,3429.801
SD,46129,2018,WALWORTH,46,38.4,2582.4384
SD,46998,2018,OTHER (COMBINED) COUNTIES,46,43.239999999999995,2907.93324
SD,46003,2019,AURORA,46,44.5,2992.6695
SD,46013,2019,BROWN,46,42.4,2851.4424
SD,46015,2019,BRULE,46,47.4,3187.6974
SD,46021,2019,CAMPBELL,46,43.0,2891.793
SD,46023,2019,CHARLES MIX,46,46.9,3154.0719
SD,46025,2019,CLARK,46,41.3,2777.4663
SD,46027,2019,CLAY,46,51.0,3429.801
SD,46039,2019,DEUEL,46,39.3,2642.9643
SD,46045,2019,EDMUNDS,46,34.4,2313.4344
SD,46051,2019,GRANT,46,40.9,2750.5659
SD,46059,2019,HAND,46,44.5,2992.6695
SD,46065,2019,HUGHES,46,46.9,3154.0719
SD,46073,2019,JERAULD,46,46.4,3120.4464
SD,46079,2019,LAKE,46,42.0,2824.542
SD,46083,2019,LINCOLN,46,49.2,3308.7492
SD,46087,2019,MCCOOK,46,46.5,3127.1715
SD,46089,2019,MCPHERSON,46,36.8,2474.8368
SD,46115,2019,SPINK,46,41.7,2804.3667
SD,46125,2019,TURNER,46,48.2,3241.4982
SD,46135,2019,YANKTON,46,51.6,3470.1516
SD,46998,2019,OTHER (COMBINED) COUNTIES,46,42.42,2852.7874199999997
SD,46003,2020,AURORA,46,49.9,3355.8249
SD,46005,2020,BEADLE,46,48.8,3281.8488
SD,46009,2020,BON HOMME,46,49.3,3315.4743
SD,46011,2020,BROOKINGS,46,53.1,3571.0281
SD,46013,2020,BROWN,46,41.2,2770.7412
SD,46015,2020,BRULE,46,51.4,3456.7014
SD,46017,2020,BUFFALO,46,48.6,3268.3986
SD,46019,2020,BUTTE,46,35.8,2407.5858
SD,46021,2020,CAMPBELL,46,33.9,2279.8089
SD,46023,2020,CHARLES MIX,46,47.7,3207.8727
SD,46025,2020,CLARK,46,47.6,3201.1476
SD,46027,2020,CLAY,46,51.8,3483.6018
SD,46029,2020,CODINGTON,46,46.9,3154.0719
SD,46031,2020,CORSON,46,31.4,2111.6814
SD,46035,2020,DAVISON,46,46.9,3154.0719
SD,46037,2020,DAY,46,40.4,2716.9404
SD,46039,2020,DEUEL,46,49.9,3355.8249
SD,46043,2020,DOUGLAS,46,52.3,3517.2273
SD,46045,2020,EDMUNDS,46,37.4,2515.1874
SD,46049,2020,FAULK,46,43.4,2918.6934
SD,46051,2020,GRANT,46,43.8,2945.5938
SD,46053,2020,GREGORY,46,41.9,2817.8169
SD,46055,2020,HAAKON,46,21.4,1439.1714
SD,46057,2020,HAMLIN,46,51.6,3470.1516
SD,46059,2020,HAND,46,45.0,3026.295
SD,46061,2020,HANSON,46,46.8,3147.3468
SD,46065,2020,HUGHES,46,42.2,2837.9922
SD,46067,2020,HUTCHINSON,46,43.6,2932.1436
SD,46071,2020,JACKSON,46,15.3,1028.9403
SD,46073,2020,JERAULD,46,48.3,3248.2233
SD,46075,2020,JONES,46,32.9,2212.5579
SD,46077,2020,KINGSBURY,46,49.9,3355.8249
SD,46079,2020,LAKE,46,52.3,3517.2273
SD,46083,2020,LINCOLN,46,46.7,3140.6217
SD,46085,2020,LYMAN,46,39.5,2656.4145
SD,46087,2020,MCCOOK,46,46.8,3147.3468
SD,46089,2020,MCPHERSON,46,37.2,2501.7372
SD,46091,2020,MARSHALL,46,43.0,2891.793
SD,46095,2020,MELLETTE,46,27.6,1856.1276
SD,46097,2020,MINER,46,46.3,3113.7213
SD,46099,2020,MINNEHAHA,46,54.4,3658.4544
SD,46101,2020,MOODY,46,59.7,4014.8847
SD,46103,2020,PENNINGTON,46,6.9,464.0319
SD,46107,2020,POTTER,46,41.4,2784.1914
SD,46109,2020,ROBERTS,46,43.4,2918.6934
SD,46111,2020,SANBORN,46,43.9,2952.3189
SD,46115,2020,SPINK,46,47.3,3180.9723
SD,46119,2020,SULLY,46,42.6,2864.8926
SD,46123,2020,TRIPP,46,43.2,2905.2432
SD,46125,2020,TURNER,46,49.5,3328.9245
SD,46127,2020,UNION,46,52.7,3544.1277
SD,46129,2020,WALWORTH,46,37.3,2508.4623
SD,46135,2020,YANKTON,46,47.9,3221.3229
SD,46998,2020,OTHER COUNTIES,46,37.3,2508.4623
SD,46003,2021,AURORA,46,34.0,2286.534
SD,46005,2021,BEADLE,46,37.2,2501.7372
SD,46009,2021,BON HOMME,46,41.9,2817.8169
SD,46011,2021,BROOKINGS,46,47.1,3167.5221
SD,46013,2021,BROWN,46,39.6,2663.1396
SD,46015,2021,BRULE,46,34.5,2320.1595
SD,46021,2021,CAMPBELL,46,22.9,1540.0479
SD,46023,2021,CHARLES MIX,46,39.4,2649.6894
SD,46025,2021,CLARK,46,48.8,3281.8488
SD,46027,2021,CLAY,46,48.3,3248.2233
SD,46029,2021,CODINGTON,46,54.5,3665.1795
SD,46043,2021,DOUGLAS,46,44.8,3012.8448
SD,46045,2021,EDMUNDS,46,23.3,1566.9483
SD,46049,2021,FAULK,46,28.3,1903.2033
SD,46051,2021,GRANT,46,48.9,3288.5739
SD,46057,2021,HAMLIN,46,53.4,3591.2034
SD,46059,2021,HAND,46,39.7,2669.8647
SD,46061,2021,HANSON,46,40.0,2690.04
SD,46065,2021,HUGHES,46,35.9,2414.3109
SD,46067,2021,HUTCHINSON,46,36.3,2441.2113
SD,46073,2021,JERAULD,46,40.1,2696.7651
SD,46077,2021,KINGSBURY,46,43.3,2911.9683
SD,46079,2021,LAKE,46,39.7,2669.8647
SD,46083,2021,LINCOLN,46,51.8,3483.6018
SD,46085,2021,LYMAN,46,29.5,1983.9045
SD,46087,2021,MCCOOK,46,35.8,2407.5858
SD,46089,2021,MCPHERSON,46,19.5,1311.3945
SD,46091,2021,MARSHALL,46,48.0,3228.048
SD,46097,2021,MINER,46,30.4,2044.4304
SD,46107,2021,POTTER,46,28.3,1903.2033
SD,46111,2021,SANBORN,46,39.9,2683.3149
SD,46119,2021,SULLY,46,41.6,2797.6416
SD,46123,2021,TRIPP,46,26.7,1795.6017
SD,46125,2021,TURNER,46,43.7,2938.8687
SD,46127,2021,UNION,46,57.1,3840.0321
SD,46129,2021,WALWORTH,46,28.0,1883.028
SD,46135,2021,YANKTON,46,41.8,2811.0918
SD,46998,2021,OTHER COUNTIES,46,42.8,2878.3428
SD,46003,2022,AURORA,46,31.7,2131.8567
SD,46005,2022,BEADLE,46,32.9,2212.5579
SD,46009,2022,BON HOMME,46,27.2,1829.2272
SD,46011,2022,BROOKINGS,46,47.8,3214.5978
SD,46013,2022,BROWN,46,43.1,2898.5181
SD,46015,2022,BRULE,46,30.3,2037.7053
SD,46021,2022,CAMPBELL,46,32.6,2192.3826
SD,46023,2022,CHARLES MIX,46,32.0,2152.032
SD,46025,2022,CLARK,46,42.1,2831.2671
SD,46027,2022,CLAY,46,35.9,2414.3109
SD,46029,2022,CODINGTON,46,47.1,3167.5221
SD,46035,2022,DAVISON,46,37.1,2495.0121
SD,46037,2022,DAY,46,41.2,2770.7412
SD,46039,2022,DEUEL,46,48.1,3234.7731
SD,46043,2022,DOUGLAS,46,33.9,2279.8089
SD,46045,2022,EDMUNDS,46,38.3,2575.7133
SD,46049,2022,FAULK,46,41.0,2757.291
SD,46051,2022,GRANT,46,38.2,2568.9882
SD,46057,2022,HAMLIN,46,49.9,3355.8249
SD,46059,2022,HAND,46,31.5,2118.4065
SD,46061,2022,HANSON,46,31.8,2138.5818
SD,46067,2022,HUTCHINSON,46,28.6,1923.3786
SD,46073,2022,JERAULD,46,30.2,2030.9802
SD,46077,2022,KINGSBURY,46,40.6,2730.3906
SD,46079,2022,LAKE,46,44.9,3019.5699
SD,46083,2022,LINCOLN,46,38.3,2575.7133
SD,46085,2022,LYMAN,46,25.8,1735.0758
SD,46087,2022,MCCOOK,46,34.4,2313.4344
SD,46089,2022,MCPHERSON,46,33.6,2259.6336
SD,46091,2022,MARSHALL,46,42.2,2837.9922
SD,46097,2022,MINER,46,33.1,2226.0081
SD,46099,2022,MINNEHAHA,46,54.4,3658.4544
SD,46101,2022,MOODY,46,53.2,3577.7532
SD,46107,2022,POTTER,46,39.8,2676.5898
SD,46109,2022,ROBERTS,46,42.2,2837.9922
SD,46111,2022,SANBORN,46,31.8,2138.5818
SD,46115,2022,SPINK,46,41.2,2770.7412
SD,46125,2022,TURNER,46,36.0,2421.036
SD,46127,2022,UNION,46,42.2,2837.9922
SD,46129,2022,WALWORTH,46,38.6,2595.8886
SD,46135,2022,YANKTON,46,33.4,2246.1834
SD,46998,2022,OTHER COUNTIES,46,28.3,1903.2033
SD,46003,2023,AURORA,46,36.5,2454.6615
SD,46009,2023,BON HOMME,46,41.8,2811.0918
SD,46011,2023,BROOKINGS,46,44.4,2985.9444
SD,46013,2023,BROWN,46,48.4,3254.9484
SD,46015,2023,BRULE,46,35.4,2380.6854
SD,46021,2023,CAMPBELL,46,44.5,2992.6695
SD,46023,2023,CHARLES MIX,46,35.9,2414.3109
SD,46025,2023,CLARK,46,45.6,3066.6456
SD,46027,2023,CLAY,46,47.9,3221.3229
SD,46029,2023,CODINGTON,46,42.6,2864.8926
SD,46035,2023,DAVISON,46,38.4,2582.4384
SD,46043,2023,DOUGLAS,46,41.7,2804.3667
SD,46045,2023,EDMUNDS,46,46.8,3147.3468
SD,46051,2023,GRANT,46,41.7,2804.3667
SD,46057,2023,HAMLIN,46,50.9,3423.0759
SD,46059,2023,HAND,46,43.1,2898.5181
SD,46061,2023,HANSON,46,43.3,2911.9683
SD,46065,2023,HUGHES,46,40.4,2716.9404
SD,46067,2023,HUTCHINSON,46,40.9,2750.5659
SD,46073,2023,JERAULD,46,45.9,3086.8209
SD,46083,2023,LINCOLN,46,42.0,2824.542
SD,46085,2023,LYMAN,46,37.6,2528.6376
SD,46087,2023,MCCOOK,46,43.9,2952.3189
SD,46089,2023,MCPHERSON,46,45.5,3059.9205
SD,46091,2023,MARSHALL,46,47.0,3160.797
SD,46097,2023,MINER,46,38.1,2562.2631
SD,46101,2023,MOODY,46,49.9,3355.8249
SD,46109,2023,ROBERTS,46,42.0,2824.542
SD,46125,2023,TURNER,46,45.8,3080.0958
SD,46127,2023,UNION,46,49.9,3355.8249
SD,46135,2023,YANKTON,46,45.3,3046.4703
SD,46998,2023,OTHER COUNTIES,46,44.4,2985.9444
SD,46003,2024,AURORA,46,42.1,2831.2671
SD,46009,2024,BON HOMME,46,42.4,2851.4424
SD,46011,2024,BROOKINGS,46,50.9,3423.0759
SD,46013,2024,BROWN,46,45.3,3046.4703
SD,46015,2024,BRULE,46,43.5,2925.4185
SD,46017,2024,BUFFALO,46,46.2,3106.9962
SD,46021,2024,CAMPBELL,46,37.3,2508.4623
SD,46023,2024,CHARLES MIX,46,46.6,3133.8966
SD,46025,2024,CLARK,46,45.0,3026.295
SD,46027,2024,CLAY,46,43.5,2925.4185
SD,46035,2024,DAVISON,46,41.1,2764.0161
SD,46039,2024,DEUEL,46,46.6,3133.8966
SD,46043,2024,DOUGLAS,46,41.7,2804.3667
SD,46045,2024,EDMUNDS,46,37.9,2548.8129
SD,46051,2024,GRANT,46,39.8,2676.5898
SD,46059,2024,HAND,46,41.3,2777.4663
SD,46061,2024,HANSON,46,43.1,2898.5181
SD,46065,2024,HUGHES,46,48.3,3248.2233
SD,46069,2024,HYDE,46,43.4,2918.6934
SD,46073,2024,JERAULD,46,45.8,3080.0958
SD,46079,2024,LAKE,46,47.8,3214.5978
SD,46083,2024,LINCOLN,46,44.1,2965.7691
SD,46085,2024,LYMAN,46,33.5,2252.9085
SD,46087,2024,MCCOOK,46,42.6,2864.8926
SD,46089,2024,MCPHERSON,46,36.6,2461.3866
SD,46091,2024,MARSHALL,46,43.1,2898.5181
SD,46095,2024,MELLETTE,46,15.5,1042.3905
SD,46097,2024,MINER,46,42.4,2851.4424
SD,46101,2024,MOODY,46,53.0,3564.303
SD,46109,2024,ROBERTS,46,40.0,2690.04
SD,46111,2024,SANBORN,46,41.0,2757.291
SD,46119,2024,SULLY,46,44.1,2965.7691
SD,46123,2024,TRIPP,46,27.2,1829.2272
SD,46125,2024,TURNER,46,47.5,3194.4225
SD,46127,2024,UNION,46,49.8,3349.0998
SD,46135,2024,YANKTON,46,47.1,3167.5221
SD,46998,2024,OTHER COUNTIES,46,42.3,2844.7173
ND,38003,2014,BARNES,38,36.3,2441.2113
ND,38005,2014,BENSON,38,31.4,2111.6814
ND,38009,2014,BOTTINEAU,38,32.4,2178.9324
ND,38017,2014,CASS,38,38.0,2555.538
ND,38019,2014,CAVALIER,38,27.6,1856.1276
ND,38021,2014,DICKEY,38,38.5,2589.1635
ND,38023,2014,DIVIDE,38,24.1,1620.7491
ND,38027,2014,EDDY,38,35.8,2407.5858
ND,38029,2014,EMMONS,38,33.5,2252.9085
ND,38035,2014,GRAND FORKS,38,33.1,2226.0081
ND,38039,2014,GRIGGS,38,32.7,2199.1077
ND,38043,2014,KIDDER,38,34.9,2347.0599
ND,38045,2014,LA MOURE,38,41.4,2784.1914
ND,38049,2014,MCHENRY,38,37.1,2495.0121
ND,38055,2014,MCLEAN,38,35.9,2414.3109
ND,38063,2014,NELSON,38,28.1,1889.7531
ND,38065,2014,OLIVER,38,27.3,1835.9523
ND,38067,2014,PEMBINA,38,30.7,2064.6057
ND,38069,2014,PIERCE,38,31.4,2111.6814
ND,38071,2014,RAMSEY,38,30.2,2030.9802
ND,38073,2014,RANSOM,38,41.4,2784.1914
ND,38075,2014,RENVILLE,38,35.2,2367.2352
ND,38077,2014,RICHLAND,38,36.3,2441.2113
ND,38079,2014,ROLETTE,38,28.0,1883.028
ND,38081,2014,SARGENT,38,38.8,2609.3388
ND,38091,2014,STEELE,38,33.5,2252.9085
ND,38093,2014,STUTSMAN,38,32.6,2192.3826
ND,38095,2014,TOWNER,38,32.3,2172.2073
ND,38097,2014,TRAILL,38,35.4,2380.6854
ND,38099,2014,WALSH,38,32.6,2192.3826
ND,38101,2014,WARD,38,37.5,2521.9125
ND,38103,2014,WELLS,38,32.6,2192.3826
ND,38105,2014,WILLIAMS,38,27.5,1849.4025
ND,38998,2014,OTHER (COMBINED) COUNTIES,38,30.933333333333334,2080.2976
ND,38003,2015,BARNES,38,34.7,2333.6097
ND,38005,2015,BENSON,38,25.5,1714.9005
ND,38009,2015,BOTTINEAU,38,31.6,2125.1316
ND,38017,2015,CASS,38,39.7,2669.8647
ND,38019,2015,CAVALIER,38,26.6,1788.8766
ND,38021,2015,DICKEY,38,33.5,2252.9085
ND,38027,2015,EDDY,38,25.9,1741.8009
ND,38029,2015,EMMONS,38,34.6,2326.8846
ND,38031,2015,FOSTER,38,29.7,1997.3547
ND,38035,2015,GRAND FORKS,38,33.6,2259.6336
ND,38039,2015,GRIGGS,38,34.5,2320.1595
ND,38043,2015,KIDDER,38,27.2,1829.2272
ND,38045,2015,LA MOURE,38,34.3,2306.7093
ND,38049,2015,MCHENRY,38,28.6,1923.3786
ND,38061,2015,MOUNTRAIL,38,29.4,1977.1794
ND,38063,2015,NELSON,38,28.1,1889.7531
ND,38067,2015,PEMBINA,38,36.6,2461.3866
ND,38069,2015,PIERCE,38,26.9,1809.0519
ND,38071,2015,RAMSEY,38,24.9,1674.5499
ND,38073,2015,RANSOM,38,38.0,2555.538
ND,38075,2015,RENVILLE,38,33.3,2239.4583
ND,38077,2015,RICHLAND,38,38.0,2555.538
ND,38079,2015,ROLETTE,38,25.6,1721.6256
ND,38081,2015,SARGENT,38,35.8,2407.5858
ND,38083,2015,SHERIDAN,38,25.3,1701.4503
ND,38091,2015,STEELE,38,37.2,2501.7372
ND,38093,2015,STUTSMAN,38,31.3,2104.9563
ND,38095,2015,TOWNER,38,29.3,1970.4543
ND,38097,2015,TRAILL,38,38.0,2555.538
ND,38099,2015,WALSH,38,30.4,2044.4304
ND,38101,2015,WARD,38,32.3,2172.2073
ND,38103,2015,WELLS,38,27.6,1856.1276
ND,38998,2015,OTHER (COMBINED) COUNTIES,38,26.866666666666664,1806.8102
ND,38003,2016,BARNES,38,44.4,2985.9444
ND,38005,2016,BENSON,38,38.4,2582.4384
ND,38009,2016,BOTTINEAU,38,40.3,2710.2153
ND,38017,2016,CASS,38,45.4,3053.1954
ND,38019,2016,CAVALIER,38,37.7,2535.3627
ND,38021,2016,DICKEY,38,46.0,3093.546
ND,38029,2016,EMMONS,38,44.7,3006.1197
ND,38031,2016,FOSTER,38,39.2,2636.2392
ND,38035,2016,GRAND FORKS,38,40.2,2703.4902
ND,38039,2016,GRIGGS,38,43.2,2905.2432
ND,38045,2016,LA MOURE,38,48.0,3228.048
ND,38047,2016,LOGAN,38,36.0,2421.036
ND,38049,2016,MCHENRY,38,37.8,2542.0878
ND,38051,2016,MCINTOSH,38,37.0,2488.287
ND,38055,2016,MCLEAN,38,37.2,2501.7372
ND,38057,2016,MERCER,38,33.1,2226.0081
ND,38059,2016,MORTON,38,43.4,2918.6934
ND,38063,2016,NELSON,38,34.6,2326.8846
ND,38065,2016,OLIVER,38,43.0,2891.793
ND,38067,2016,PEMBINA,38,37.3,2508.4623
ND,38069,2016,PIERCE,38,36.2,2434.4862
ND,38071,2016,RAMSEY,38,33.6,2259.6336
ND,38073,2016,RANSOM,38,49.3,3315.4743
ND,38075,2016,RENVILLE,38,36.4,2447.9364
ND,38077,2016,RICHLAND,38,46.6,3133.8966
ND,38079,2016,ROLETTE,38,34.1,2293.2591
ND,38081,2016,SARGENT,38,47.7,3207.8727
ND,38083,2016,SHERIDAN,38,36.0,2421.036
ND,38091,2016,STEELE,38,44.0,2959.044
ND,38093,2016,STUTSMAN,38,42.7,2871.6177
ND,38095,2016,TOWNER,38,33.7,2266.3587
ND,38097,2016,TRAILL,38,46.3,3113.7213
ND,38099,2016,WALSH,38,37.6,2528.6376
ND,38101,2016,WARD,38,36.5,2454.6615
ND,38103,2016,WELLS,38,39.8,2676.5898
ND,38105,2016,WILLIAMS,38,37.3,2508.4623
ND,38998,2016,OTHER (COMBINED) COUNTIES,38,37.160000000000004,2499.04716
ND,38001,2017,ADAMS,38,13.8,928.0638
ND,38003,2017,BARNES,38,36.0,2421.036
ND,38005,2017,BENSON,38,33.1,2226.0081
ND,38009,2017,BOTTINEAU,38,32.7,2199.1077
ND,38015,2017,BURLEIGH,38,33.3,2239.4583
ND,38017,2017,CASS,38,37.6,2528.6376
ND,38019,2017,CAVALIER,38,31.8,2138.5818
ND,38021,2017,DICKEY,38,40.4,2716.9404
ND,38027,2017,EDDY,38,34.3,2306.7093
ND,38029,2017,EMMONS,38,37.2,2501.7372
ND,38031,2017,FOSTER,38,31.3,2104.9563
ND,38035,2017,GRAND FORKS,38,35.5,2387.4105
ND,38039,2017,GRIGGS,38,36.7,2468.1117
ND,38041,2017,HETTINGER,38,13.9,934.7889
ND,38043,2017,KIDDER,38,30.9,2078.0559
ND,38045,2017,LA MOURE,38,34.8,2340.3348
ND,38047,2017,LOGAN,38,28.0,1883.028
ND,38049,2017,MCHENRY,38,26.6,1788.8766
ND,38051,2017,MCINTOSH,38,30.9,2078.0559
ND,38053,2017,MCKENZIE,38,34.6,2326.8846
ND,38061,2017,MOUNTRAIL,38,29.9,2010.8049
ND,38063,2017,NELSON,38,33.7,2266.3587
ND,38067,2017,PEMBINA,38,34.4,2313.4344
ND,38069,2017,PIERCE,38,33.9,2279.8089
ND,38071,2017,RAMSEY,38,32.5,2185.6575
ND,38073,2017,RANSOM,38,44.1,2965.7691
ND,38075,2017,RENVILLE,38,29.5,1983.9045
ND,38077,2017,RICHLAND,38,41.8,2811.0918
ND,38079,2017,ROLETTE,38,31.3,2104.9563
ND,38081,2017,SARGENT,38,44.0,2959.044
ND,38083,2017,SHERIDAN,38,29.0,1950.279
ND,38091,2017,STEELE,38,37.3,2508.4623
ND,38093,2017,STUTSMAN,38,34.6,2326.8846
ND,38095,2017,TOWNER,38,34.5,2320.1595
ND,38097,2017,TRAILL,38,37.9,2548.8129
ND,38099,2017,WALSH,38,34.7,2333.6097
ND,38101,2017,WARD,38,26.5,1782.1515
ND,38103,2017,WELLS,38,35.3,2373.9603
ND,38105,2017,WILLIAMS,38,30.8,2071.3308
ND,38998,2017,OTHER (COMBINED) COUNTIES,38,23.35,1570.3108499999998
ND,38003,2018,BARNES,38,36.6,2461.3866
ND,38005,2018,BENSON,38,29.4,1977.1794
ND,38009,2018,BOTTINEAU,38,24.0,1614.024
ND,38013,2018,BURKE,38,23.4,1573.6734
ND,38015,2018,BURLEIGH,38,29.7,1997.3547
ND,38017,2018,CASS,38,43.2,2905.2432
ND,38019,2018,CAVALIER,38,31.8,2138.5818
ND,38021,2018,DICKEY,38,43.3,2911.9683
ND,38027,2018,EDDY,38,25.1,1688.0001
ND,38029,2018,EMMONS,38,29.9,2010.8049
ND,38035,2018,GRAND FORKS,38,34.9,2347.0599
ND,38039,2018,GRIGGS,38,38.5,2589.1635
ND,38043,2018,KIDDER,38,34.8,2340.3348
ND,38045,2018,LA MOURE,38,46.8,3147.3468
ND,38049,2018,MCHENRY,38,24.2,1627.4742
ND,38053,2018,MCKENZIE,38,20.5,1378.6455
ND,38055,2018,MCLEAN,38,25.5,1714.9005
ND,38061,2018,MOUNTRAIL,38,26.8,1802.3268
ND,38063,2018,NELSON,38,32.4,2178.9324
ND,38065,2018,OLIVER,38,27.1,1822.5021
ND,38067,2018,PEMBINA,38,31.9,2145.3069
ND,38069,2018,PIERCE,38,28.6,1923.3786
ND,38071,2018,RAMSEY,38,30.4,2044.4304
ND,38073,2018,RANSOM,38,46.3,3113.7213
ND,38075,2018,RENVILLE,38,22.7,1526.5977
ND,38077,2018,RICHLAND,38,47.4,3187.6974
ND,38079,2018,ROLETTE,38,31.0,2084.781
ND,38081,2018,SARGENT,38,48.3,3248.2233
ND,38091,2018,STEELE,38,39.2,2636.2392
ND,38093,2018,STUTSMAN,38,38.7,2602.6137
ND,38095,2018,TOWNER,38,30.0,2017.53
ND,38097,2018,TRAILL,38,41.8,2811.0918
ND,38099,2018,WALSH,38,31.4,2111.6814
ND,38101,2018,WARD,38,21.4,1439.1714
ND,38103,2018,WELLS,38,30.2,2030.9802
ND,38998,2018,OTHER (COMBINED) COUNTIES,38,27.266666666666666,1833.7106
ND,38001,2019,ADAMS,38,35.3,2373.9603
ND,38003,2019,BARNES,38,31.4,2111.6814
ND,38009,2019,BOTTINEAU,38,30.3,2037.7053
ND,38013,2019,BURKE,38,29.3,1970.4543
ND,38017,2019,CASS,38,34.9,2347.0599
ND,38019,2019,CAVALIER,38,26.0,1748.526
ND,38021,2019,DICKEY,38,35.0,2353.785
ND,38027,2019,EDDY,38,32.3,2172.2073
ND,38029,2019,EMMONS,38,34.6,2326.8846
ND,38031,2019,FOSTER,38,33.5,2252.9085
ND,38035,2019,GRAND FORKS,38,33.0,2219.283
ND,38037,2019,GRANT,38,26.4,1775.4264
ND,38039,2019,GRIGGS,38,33.1,2226.0081
ND,38041,2019,HETTINGER,38,28.0,1883.028
ND,38045,2019,LA MOURE,38,34.7,2333.6097
ND,38049,2019,MCHENRY,38,30.4,2044.4304
ND,38053,2019,MCKENZIE,38,38.0,2555.538
ND,38055,2019,MCLEAN,38,33.9,2279.8089
ND,38061,2019,MOUNTRAIL,38,28.8,1936.8288
ND,38063,2019,NELSON,38,29.1,1957.0041
ND,38065,2019,OLIVER,38,36.1,2427.7611
ND,38067,2019,PEMBINA,38,21.8,1466.0718
ND,38069,2019,PIERCE,38,30.3,2037.7053
ND,38073,2019,RANSOM,38,40.3,2710.2153
ND,38075,2019,RENVILLE,38,30.7,2064.6057
ND,38077,2019,RICHLAND,38,35.6,2394.1356
ND,38081,2019,SARGENT,38,39.3,2642.9643
ND,38085,2019,SIOUX,38,40.8,2743.8408
ND,38091,2019,STEELE,38,30.8,2071.3308
ND,38093,2019,STUTSMAN,38,25.5,1714.9005
ND,38095,2019,TOWNER,38,28.3,1903.2033
ND,38097,2019,TRAILL,38,35.6,2394.1356
ND,38101,2019,WARD,38,33.2,2232.7332
ND,38103,2019,WELLS,38,30.9,2078.0559
ND,38998,2019,OTHER (COMBINED) COUNTIES,38,29.75,2000.7172500000001
ND,38001,2020,ADAMS,38,17.0,1143.267
ND,38003,2020,BARNES,38,38.2,2568.9882
ND,38005,2020,BENSON,38,32.0,2152.032
ND,38009,2020,BOTTINEAU,38,30.1,2024.2551
ND,38013,2020,BURKE,38,19.9,1338.2949
ND,38015,2020,BURLEIGH,38,26.5,1782.1515
ND,38017,2020,CASS,38,38.1,2562.2631
ND,38019,2020,CAVALIER,38,32.7,2199.1077
ND,38021,2020,DICKEY,38,43.1,2898.5181
ND,38023,2020,DIVIDE,38,16.5,1109.6415
ND,38025,2020,DUNN,38,23.5,1580.3985
ND,38027,2020,EDDY,38,33.2,2232.7332
ND,38029,2020,EMMONS,38,31.7,2131.8567
ND,38031,2020,FOSTER,38,30.7,2064.6057
ND,38035,2020,GRAND FORKS,38,34.3,2306.7093
ND,38039,2020,GRIGGS,38,35.6,2394.1356
ND,38041,2020,HETTINGER,38,21.6,1452.6216
ND,38043,2020,KIDDER,38,30.7,2064.6057
ND,38045,2020,LA MOURE,38,41.8,2811.0918
ND,38047,2020,LOGAN,38,32.2,2165.4822
ND,38049,2020,MCHENRY,38,30.6,2057.8806
ND,38051,2020,MCINTOSH,38,31.5,2118.4065
ND,38053,2020,MCKENZIE,38,23.4,1573.6734
ND,38055,2020,MCLEAN,38,29.9,2010.8049
ND,38057,2020,MERCER,38,33.8,2273.0838
ND,38059,2020,MORTON,38,26.5,1782.1515
ND,38061,2020,MOUNTRAIL,38,25.5,1714.9005
ND,38063,2020,NELSON,38,33.1,2226.0081
ND,38065,2020,OLIVER,38,27.5,1849.4025
ND,38067,2020,PEMBINA,38,39.5,2656.4145
ND,38069,2020,PIERCE,38,30.6,2057.8806
ND,38071,2020,RAMSEY,38,33.5,2252.9085
ND,38073,2020,RANSOM,38,43.7,2938.8687
ND,38075,2020,RENVILLE,38,28.2,1896.4782
ND,38077,2020,RICHLAND,38,44.9,3019.5699
ND,38079,2020,ROLETTE,38,28.9,1943.5539
ND,38081,2020,SARGENT,38,43.4,2918.6934
ND,38083,2020,SHERIDAN,38,29.0,1950.279
ND,38087,2020,SLOPE,38,17.6,1183.6176
ND,38089,2020,STARK,38,17.7,1190.3427
ND,38091,2020,STEELE,38,36.5,2454.6615
ND,38093,2020,STUTSMAN,38,33.9,2279.8089
ND,38095,2020,TOWNER,38,31.8,2138.5818
ND,38097,2020,TRAILL,38,36.8,2474.8368
ND,38099,2020,WALSH,38,38.9,2616.0639
ND,38101,2020,WARD,38,30.9,2078.0559
ND,38103,2020,WELLS,38,29.3,1970.4543
ND,38105,2020,WILLIAMS,38,17.3,1163.4423
ND,38998,2020,OTHER COUNTIES,38,22.6,1519.8726
ND,38001,2021,ADAMS,38,15.9,1069.2909
ND,38003,2021,BARNES,38,31.6,2125.1316
ND,38005,2021,BENSON,38,20.5,1378.6455
ND,38009,2021,BOTTINEAU,38,20.1,1351.7451
ND,38013,2021,BURKE,38,22.0,1479.522
ND,38015,2021,BURLEIGH,38,13.9,934.7889
ND,38017,2021,CASS,38,33.5,2252.9085
ND,38019,2021,CAVALIER,38,28.2,1896.4782
ND,38021,2021,DICKEY,38,32.4,2178.9324
ND,38023,2021,DIVIDE,38,13.6,914.6136
ND,38027,2021,EDDY,38,20.0,1345.02
ND,38029,2021,EMMONS,38,20.6,1385.3706
ND,38031,2021,FOSTER,38,20.7,1392.0957
ND,38035,2021,GRAND FORKS,38,29.3,1970.4543
ND,38039,2021,GRIGGS,38,26.0,1748.526
ND,38041,2021,HETTINGER,38,19.9,1338.2949
ND,38043,2021,KIDDER,38,22.2,1492.9722
ND,38045,2021,LA MOURE,38,31.4,2111.6814
ND,38047,2021,LOGAN,38,22.8,1533.3228
ND,38049,2021,MCHENRY,38,15.9,1069.2909
ND,38051,2021,MCINTOSH,38,19.9,1338.2949
ND,38053,2021,MCKENZIE,38,14.0,941.514
ND,38055,2021,MCLEAN,38,14.1,948.2391
ND,38057,2021,MERCER,38,10.0,672.51
ND,38059,2021,MORTON,38,12.1,813.7371
ND,38061,2021,MOUNTRAIL,38,14.3,961.6893
ND,38063,2021,NELSON,38,27.8,1869.5778
ND,38065,2021,OLIVER,38,10.8,726.3108
ND,38067,2021,PEMBINA,38,29.2,1963.7292
ND,38069,2021,PIERCE,38,15.9,1069.2909
ND,38071,2021,RAMSEY,38,31.6,2125.1316
ND,38073,2021,RANSOM,38,34.9,2347.0599
ND,38075,2021,RENVILLE,38,22.3,1499.6973
ND,38077,2021,RICHLAND,38,37.2,2501.7372
ND,38079,2021,ROLETTE,38,26.2,1761.9762
ND,38081,2021,SARGENT,38,34.2,2299.9842
ND,38083,2021,SHERIDAN,38,15.4,1035.6654
ND,38085,2021,SIOUX,38,17.1,1149.9921
ND,38091,2021,STEELE,38,31.6,2125.1316
ND,38093,2021,STUTSMAN,38,28.6,1923.3786
ND,38095,2021,TOWNER,38,31.3,2104.9563
ND,38097,2021,TRAILL,38,26.9,1809.0519
ND,38099,2021,WALSH,38,26.2,1761.9762
ND,38101,2021,WARD,38,18.6,1250.8686
ND,38103,2021,WELLS,38,22.4,1506.4224
ND,38105,2021,WILLIAMS,38,16.6,1116.3666
ND,38998,2021,OTHER COUNTIES,38,15.8,1062.5658
ND,38001,2022,ADAMS,38,18.4,1237.4184
ND,38003,2022,BARNES,38,33.3,2239.4583
ND,38005,2022,BENSON,38,37.1,2495.0121
ND,38009,2022,BOTTINEAU,38,36.3,2441.2113
ND,38015,2022,BURLEIGH,38,27.7,1862.8527
ND,38017,2022,CASS,38,45.6,3066.6456
ND,38019,2022,CAVALIER,38,39.3,2642.9643
ND,38021,2022,DICKEY,38,40.5,2723.6655
ND,38025,2022,DUNN,38,25.2,1694.7252
ND,38027,2022,EDDY,38,34.6,2326.8846
ND,38029,2022,EMMONS,38,28.9,1943.5539
ND,38031,2022,FOSTER,38,34.1,2293.2591
ND,38035,2022,GRAND FORKS,38,36.6,2461.3866
ND,38037,2022,GRANT,38,24.9,1674.5499
ND,38039,2022,GRIGGS,38,32.1,2158.7571
ND,38041,2022,HETTINGER,38,15.1,1015.4901
ND,38043,2022,KIDDER,38,25.8,1735.0758
ND,38045,2022,LA MOURE,38,36.9,2481.5619
ND,38047,2022,LOGAN,38,28.6,1923.3786
ND,38049,2022,MCHENRY,38,32.4,2178.9324
ND,38051,2022,MCINTOSH,38,26.2,1761.9762
ND,38053,2022,MCKENZIE,38,19.0,1277.769
ND,38055,2022,MCLEAN,38,27.3,1835.9523
ND,38059,2022,MORTON,38,27.7,1862.8527
ND,38061,2022,MOUNTRAIL,38,20.6,1385.3706
ND,38063,2022,NELSON,38,32.9,2212.5579
ND,38067,2022,PEMBINA,38,44.7,3006.1197
ND,38069,2022,PIERCE,38,35.0,2353.785
ND,38071,2022,RAMSEY,38,33.7,2266.3587
ND,38073,2022,RANSOM,38,42.8,2878.3428
ND,38075,2022,RENVILLE,38,27.9,1876.3029
ND,38077,2022,RICHLAND,38,38.7,2602.6137
ND,38079,2022,ROLETTE,38,33.5,2252.9085
ND,38081,2022,SARGENT,38,42.0,2824.542
ND,38083,2022,SHERIDAN,38,29.8,2004.0798
ND,38087,2022,SLOPE,38,19.2,1291.2192
ND,38089,2022,STARK,38,19.1,1284.4941
ND,38091,2022,STEELE,38,38.1,2562.2631
ND,38093,2022,STUTSMAN,38,33.1,2226.0081
ND,38095,2022,TOWNER,38,34.9,2347.0599
ND,38097,2022,TRAILL,38,41.1,2764.0161
ND,38099,2022,WALSH,38,42.8,2878.3428
ND,38101,2022,WARD,38,31.5,2118.4065
ND,38103,2022,WELLS,38,34.4,2313.4344
ND,38105,2022,WILLIAMS,38,19.0,1277.769
ND,38998,2022,OTHER COUNTIES,38,24.2,1627.4742
ND,38001,2023,ADAMS,38,33.7,2266.3587
ND,38003,2023,BARNES,38,37.5,2521.9125
ND,38005,2023,BENSON,38,29.3,1970.4543
ND,38009,2023,BOTTINEAU,38,27.9,1876.3029
ND,38011,2023,BOWMAN,38,34.0,2286.534
ND,38015,2023,BURLEIGH,38,38.4,2582.4384
ND,38017,2023,CASS,38,40.8,2743.8408
ND,38019,2023,CAVALIER,38,23.7,1593.8487
ND,38021,2023,DICKEY,38,43.9,2952.3189
ND,38027,2023,EDDY,38,36.0,2421.036
ND,38029,2023,EMMONS,38,40.6,2730.3906
ND,38031,2023,FOSTER,38,38.4,2582.4384
ND,38035,2023,GRAND FORKS,38,33.2,2232.7332
ND,38039,2023,GRIGGS,38,33.8,2273.0838
ND,38043,2023,KIDDER,38,36.8,2474.8368
ND,38045,2023,LA MOURE,38,41.5,2790.9165
ND,38047,2023,LOGAN,38,39.1,2629.5141
ND,38049,2023,MCHENRY,38,29.1,1957.0041
ND,38051,2023,MCINTOSH,38,38.4,2582.4384
ND,38053,2023,MCKENZIE,38,23.5,1580.3985
ND,38055,2023,MCLEAN,38,36.8,2474.8368
ND,38059,2023,MORTON,38,36.2,2434.4862
ND,38063,2023,NELSON,38,30.6,2057.8806
ND,38065,2023,OLIVER,38,43.0,2891.793
ND,38067,2023,PEMBINA,38,32.6,2192.3826
ND,38069,2023,PIERCE,38,26.5,1782.1515
ND,38071,2023,RAMSEY,38,23.9,1607.2989
ND,38073,2023,RANSOM,38,41.0,2757.291
ND,38075,2023,RENVILLE,38,31.7,2131.8567
ND,38077,2023,RICHLAND,38,40.9,2750.5659
ND,38079,2023,ROLETTE,38,24.8,1667.8248
ND,38081,2023,SARGENT,38,43.7,2938.8687
ND,38083,2023,SHERIDAN,38,33.1,2226.0081
ND,38087,2023,SLOPE,38,41.1,2764.0161
ND,38091,2023,STEELE,38,36.1,2427.7611
ND,38093,2023,STUTSMAN,38,38.0,2555.538
ND,38095,2023,TOWNER,38,22.2,1492.9722
ND,38097,2023,TRAILL,38,39.3,2642.9643
ND,38099,2023,WALSH,38,30.7,2064.6057
ND,38101,2023,WARD,38,34.9,2347.0599
ND,38103,2023,WELLS,38,40.8,2743.8408
ND,38105,2023,WILLIAMS,38,26.1,1755.2511
ND,38998,2023,OTHER COUNTIES,38,30.7,2064.6057
ND,38003,2024,BARNES,38,39.5,2656.4145
ND,38005,2024,BENSON,38,42.7,2871.6177
ND,38009,2024,BOTTINEAU,38,37.5,2521.9125
ND,38015,2024,BURLEIGH,38,40.2,2703.4902
ND,38017,2024,CASS,38,43.0,2891.793
ND,38019,2024,CAVALIER,38,38.8,2609.3388
ND,38021,2024,DICKEY,38,38.8,2609.3388
ND,38027,2024,EDDY,38,38.9,2616.0639
ND,38029,2024,EMMONS,38,34.3,2306.7093
ND,38031,2024,FOSTER,38,37.0,2488.287
ND,38035,2024,GRAND FORKS,38,35.5,2387.4105
ND,38039,2024,GRIGGS,38,36.7,2468.1117
ND,38043,2024,KIDDER,38,35.2,2367.2352
ND,38045,2024,LA MOURE,38,37.4,2515.1874
ND,38047,2024,LOGAN,38,36.7,2468.1117
ND,38049,2024,MCHENRY,38,38.0,2555.538
ND,38051,2024,MCINTOSH,38,32.8,2205.8328
ND,38055,2024,MCLEAN,38,33.4,2246.1834
ND,38059,2024,MORTON,38,35.9,2414.3109
ND,38061,2024,MOUNTRAIL,38,24.7,1661.0997
ND,38063,2024,NELSON,38,36.1,2427.7611
ND,38065,2024,OLIVER,38,35.2,2367.2352
ND,38067,2024,PEMBINA,38,42.0,2824.542
ND,38069,2024,PIERCE,38,39.3,2642.9643
ND,38071,2024,RAMSEY,38,38.6,2595.8886
ND,38073,2024,RANSOM,38,41.4,2784.1914
ND,38075,2024,RENVILLE,38,30.9,2078.0559
ND,38077,2024,RICHLAND,38,41.5,2790.9165
ND,38079,2024,ROLETTE,38,40.3,2710.2153
ND,38081,2024,SARGENT,38,40.4,2716.9404
ND,38083,2024,SHERIDAN,38,37.7,2535.3627
ND,38089,2024,STARK,38,22.1,1486.2471
ND,38091,2024,STEELE,38,38.7,2602.6137
ND,38093,2024,STUTSMAN,38,34.5,2320.1595
ND,38095,2024,TOWNER,38,37.9,2548.8129
ND,38097,2024,TRAILL,38,40.3,2710.2153
ND,38099,2024,WALSH,38,40.8,2743.8408
ND,38101,2024,WARD,38,31.8,2138.5818
ND,38103,2024,WELLS,38,40.5,2723.6655
ND,38105,2024,WILLIAMS,38,21.6,1452.6216
ND,38998,2024,OTHER COUNTIES,38,26.7,1795.6017
KS,20001,2014,ALLEN,20,30.4,2044.4304
KS,20003,2014,ANDERSON,20,31.4,2111.6814
KS,20005,2014,ATCHISON,20,50.5,3396.1755
KS,20007,2014,BARBER,20,24.8,1667.8248
KS,20009,2014,BARTON,20,33.7,2266.3587
KS,20011,2014,BOURBON,20,34.7,2333.6097
KS,20013,2014,BROWN,20,57.7,3880.3827
KS,20015,2014,BUTLER,20,27.1,1822.5021
KS,20017,2014,CHASE,20,32.3,2172.2073
KS,20019,2014,CHAUTAUQUA,20,28.2,1896.4782
KS,20021,2014,CHEROKEE,20,31.9,2145.3069
KS,20023,2014,CHEYENNE,20,47.5,3194.4225
KS,20027,2014,CLAY,20,40.3,2710.2153
KS,20031,2014,COFFEY,20,28.9,1943.5539
KS,20035,2014,COWLEY,20,30.0,2017.53
KS,20037,2014,CRAWFORD,20,30.8,2071.3308
KS,20041,2014,DICKINSON,20,28.5,1916.6535
KS,20043,2014,DONIPHAN,20,56.6,3806.4066
KS,20045,2014,DOUGLAS,20,38.1,2562.2631
KS,20049,2014,ELK,20,33.5,2252.9085
KS,20059,2014,FRANKLIN,20,30.9,2078.0559
KS,20061,2014,GEARY,20,34.3,2306.7093
KS,20065,2014,GRAHAM,20,42.4,2851.4424
KS,20069,2014,GRAY,20,52.8,3550.8528
KS,20073,2014,GREENWOOD,20,27.7,1862.8527
KS,20077,2014,HARPER,20,22.1,1486.2471
KS,20079,2014,HARVEY,20,34.8,2340.3348
KS,20081,2014,HASKELL,20,52.5,3530.6775
KS,20085,2014,JACKSON,20,43.7,2938.8687
KS,20087,2014,JEFFERSON,20,46.1,3100.2711
KS,20089,2014,JEWELL,20,38.6,2595.8886
KS,20095,2014,KINGMAN,20,30.3,2037.7053
KS,20099,2014,LABETTE,20,32.7,2199.1077
KS,20107,2014,LINN,20,39.1,2629.5141
KS,20111,2014,LYON,20,23.8,1600.5738
KS,20113,2014,MCPHERSON,20,35.8,2407.5858
KS,20115,2014,MARION,20,25.9,1741.8009
KS,20117,2014,MARSHALL,20,34.9,2347.0599
KS,20121,2014,MIAMI,20,40.2,2703.4902
KS,20123,2014,MITCHELL,20,26.8,1802.3268
KS,20125,2014,MONTGOMERY,20,37.3,2508.4623
KS,20127,2014,MORRIS,20,26.6,1788.8766
KS,20131,2014,NEMAHA,20,41.9,2817.8169
KS,20133,2014,NEOSHO,20,29.5,1983.9045
KS,20137,2014,NORTON,20,28.3,1903.2033
KS,20139,2014,OSAGE,20,30.9,2078.0559
KS,20143,2014,OTTAWA,20,26.0,1748.526
KS,20145,2014,PAWNEE,20,47.8,3214.5978
KS,20147,2014,PHILLIPS,20,20.4,1371.9204
KS,20149,2014,POTTAWATOMIE,20,42.6,2864.8926
KS,20155,2014,RENO,20,31.1,2091.5061
KS,20157,2014,REPUBLIC,20,43.8,2945.5938
KS,20159,2014,RICE,20,31.5,2118.4065
KS,20163,2014,ROOKS,20,18.8,1264.3188
KS,20165,2014,RUSH,20,32.0,2152.032
KS,20167,2014,RUSSELL,20,20.8,1398.8208
KS,20169,2014,SALINE,20,27.1,1822.5021
KS,20173,2014,SEDGWICK,20,31.9,2145.3069
KS,20175,2014,SEWARD,20,63.0,4236.813
KS,20177,2014,SHAWNEE,20,37.6,2528.6376
KS,20183,2014,SMITH,20,30.3,2037.7053
KS,20191,2014,SUMNER,20,26.2,1761.9762
KS,20201,2014,WASHINGTON,20,36.0,2421.036
KS,20205,2014,WILSON,20,32.7,2199.1077
KS,20207,2014,WOODSON,20,26.2,1761.9762
KS,20998,2014,OTHER (COMBINED) COUNTIES,20,42.225,2839.673475
KS,20003,2015,ANDERSON,20,40.9,2750.5659
KS,20005,2015,ATCHISON,20,38.9,2616.0639
KS,20009,2015,BARTON,20,30.8,2071.3308
KS,20011,2015,BOURBON,20,30.6,2057.8806
KS,20013,2015,BROWN,20,46.5,3127.1715
KS,20015,2015,BUTLER,20,41.0,2757.291
KS,20019,2015,CHAUTAUQUA,20,36.3,2441.2113
KS,20021,2015,CHEROKEE,20,41.3,2777.4663
KS,20023,2015,CHEYENNE,20,58.0,3900.558
KS,20027,2015,CLAY,20,44.6,2999.3946
KS,20035,2015,COWLEY,20,35.1,2360.5101
KS,20039,2015,DECATUR,20,41.3,2777.4663
KS,20041,2015,DICKINSON,20,37.4,2515.1874
KS,20045,2015,DOUGLAS,20,41.3,2777.4663
KS,20049,2015,ELK,20,27.7,1862.8527
KS,20059,2015,FRANKLIN,20,38.3,2575.7133
KS,20061,2015,GEARY,20,45.5,3059.9205
KS,20063,2015,GOVE,20,46.8,3147.3468
KS,20073,2015,GREENWOOD,20,32.3,2172.2073
KS,20077,2015,HARPER,20,28.9,1943.5539
KS,20079,2015,HARVEY,20,37.7,2535.3627
KS,20083,2015,HODGEMAN,20,65.5,4404.9405
KS,20085,2015,JACKSON,20,34.3,2306.7093
KS,20087,2015,JEFFERSON,20,43.4,2918.6934
KS,20089,2015,JEWELL,20,43.3,2911.9683
KS,20099,2015,LABETTE,20,36.9,2481.5619
KS,20103,2015,LEAVENWORTH,20,33.7,2266.3587
KS,20107,2015,LINN,20,32.6,2192.3826
KS,20111,2015,LYON,20,33.2,2232.7332
KS,20113,2015,MCPHERSON,20,34.3,2306.7093
KS,20115,2015,MARION,20,34.1,2293.2591
KS,20117,2015,MARSHALL,20,35.6,2394.1356
KS,20119,2015,MEADE,20,64.6,4344.4146
KS,20121,2015,MIAMI,20,42.4,2851.4424
KS,20125,2015,MONTGOMERY,20,36.0,2421.036
KS,20127,2015,MORRIS,20,35.8,2407.5858
KS,20131,2015,NEMAHA,20,31.4,2111.6814
KS,20133,2015,NEOSHO,20,36.2,2434.4862
KS,20139,2015,OSAGE,20,38.3,2575.7133
KS,20141,2015,OSBORNE,20,30.8,2071.3308
KS,20143,2015,OTTAWA,20,31.3,2104.9563
KS,20147,2015,PHILLIPS,20,23.7,1593.8487
KS,20149,2015,POTTAWATOMIE,20,41.6,2797.6416
KS,20155,2015,RENO,20,35.6,2394.1356
KS,20157,2015,REPUBLIC,20,45.8,3080.0958
KS,20159,2015,RICE,20,33.6,2259.6336
KS,20165,2015,RUSH,20,37.4,2515.1874
KS,20169,2015,SALINE,20,35.2,2367.2352
KS,20171,2015,SCOTT,20,62.5,4203.1875
KS,20173,2015,SEDGWICK,20,43.8,2945.5938
KS,20181,2015,SHERMAN,20,60.2,4048.5102
KS,20183,2015,SMITH,20,35.2,2367.2352
KS,20191,2015,SUMNER,20,31.1,2091.5061
KS,20201,2015,WASHINGTON,20,38.6,2595.8886
KS,20998,2015,OTHER (COMBINED) COUNTIES,20,44.599999999999994,2999.3946
KS,20003,2016,ANDERSON,20,46.9,3154.0719
KS,20005,2016,ATCHISON,20,55.2,3712.2552
KS,20013,2016,BROWN,20,62.5,4203.1875
KS,20015,2016,BUTLER,20,46.1,3100.2711
KS,20017,2016,CHASE,20,47.9,3221.3229
KS,20019,2016,CHAUTAUQUA,20,31.4,2111.6814
KS,20027,2016,CLAY,20,48.9,3288.5739
KS,20029,2016,CLOUD,20,52.5,3530.6775
KS,20031,2016,COFFEY,20,46.7,3140.6217
KS,20035,2016,COWLEY,20,42.4,2851.4424
KS,20037,2016,CRAWFORD,20,39.2,2636.2392
KS,20041,2016,DICKINSON,20,47.7,3207.8727
KS,20043,2016,DONIPHAN,20,62.3,4189.7373
KS,20045,2016,DOUGLAS,20,46.1,3100.2711
KS,20049,2016,ELK,20,41.9,2817.8169
KS,20055,2016,FINNEY,20,68.2,4586.5182
KS,20059,2016,FRANKLIN,20,49.9,3355.8249
KS,20061,2016,GEARY,20,55.5,3732.4305
KS,20069,2016,GRAY,20,68.1,4579.7931
KS,20079,2016,HARVEY,20,48.7,3275.1237
KS,20081,2016,HASKELL,20,64.5,4337.6895
KS,20085,2016,JACKSON,20,47.7,3207.8727
KS,20087,2016,JEFFERSON,20,49.2,3308.7492
KS,20089,2016,JEWELL,20,55.5,3732.4305
KS,20095,2016,KINGMAN,20,45.9,3086.8209
KS,20097,2016,KIOWA,20,57.8,3887.1078
KS,20107,2016,LINN,20,41.8,2811.0918
KS,20111,2016,LYON,20,41.7,2804.3667
KS,20113,2016,MCPHERSON,20,45.1,3033.0201
KS,20115,2016,MARION,20,52.0,3497.052
KS,20117,2016,MARSHALL,20,45.3,3046.4703
KS,20121,2016,MIAMI,20,47.8,3214.5978
KS,20123,2016,MITCHELL,20,53.4,3591.2034
KS,20125,2016,MONTGOMERY,20,35.9,2414.3109
KS,20127,2016,MORRIS,20,42.8,2878.3428
KS,20131,2016,NEMAHA,20,56.1,3772.7811
KS,20133,2016,NEOSHO,20,43.6,2932.1436
KS,20139,2016,OSAGE,20,45.1,3033.0201
KS,20141,2016,OSBORNE,20,50.3,3382.7253
KS,20143,2016,OTTAWA,20,45.0,3026.295
KS,20145,2016,PAWNEE,20,49.5,3328.9245
KS,20147,2016,PHILLIPS,20,54.0,3631.554
KS,20149,2016,POTTAWATOMIE,20,54.5,3665.1795
KS,20151,2016,PRATT,20,57.4,3860.2074
KS,20155,2016,RENO,20,45.9,3086.8209
KS,20157,2016,REPUBLIC,20,55.7,3745.8807
KS,20159,2016,RICE,20,43.3,2911.9683
KS,20161,2016,RILEY,20,50.9,3423.0759
KS,20165,2016,RUSH,20,44.1,2965.7691
KS,20167,2016,RUSSELL,20,41.7,2804.3667
KS,20169,2016,SALINE,20,42.4,2851.4424
KS,20173,2016,SEDGWICK,20,45.9,3086.8209
KS,20175,2016,SEWARD,20,59.3,3987.9843
KS,20177,2016,SHAWNEE,20,48.9,3288.5739
KS,20185,2016,STAFFORD,20,48.7,3275.1237
KS,20189,2016,STEVENS,20,61.3,4122.4863
KS,20191,2016,SUMNER,20,39.6,2663.1396
KS,20201,2016,WASHINGTON,20,43.4,2918.6934
KS,20205,2016,WILSON,20,44.1,2965.7691
KS,20998,2016,OTHER (COMBINED) COUNTIES,20,50.12222222222223,3370.769566666667
KS,20001,2017,ALLEN,20,41.5,2790.9165
KS,20003,2017,ANDERSON,20,47.1,3167.5221
KS,20005,2017,ATCHISON,20,51.9,3490.3269
KS,20009,2017,BARTON,20,31.9,2145.3069
KS,20011,2017,BOURBON,20,40.8,2743.8408
KS,20013,2017,BROWN,20,49.4,3322.1994
KS,20015,2017,BUTLER,20,35.4,2380.6854
KS,20017,2017,CHASE,20,43.7,2938.8687
KS,20019,2017,CHAUTAUQUA,20,33.5,2252.9085
KS,20023,2017,CHEYENNE,20,56.2,3779.5062
KS,20027,2017,CLAY,20,39.7,2669.8647
KS,20029,2017,CLOUD,20,37.1,2495.0121
KS,20031,2017,COFFEY,20,39.2,2636.2392
KS,20035,2017,COWLEY,20,30.9,2078.0559
KS,20041,2017,DICKINSON,20,28.8,1936.8288
KS,20043,2017,DONIPHAN,20,58.5,3934.1835
KS,20045,2017,DOUGLAS,20,46.3,3113.7213
KS,20047,2017,EDWARDS,20,53.4,3591.2034
KS,20049,2017,ELK,20,34.3,2306.7093
KS,20059,2017,FRANKLIN,20,41.7,2804.3667
KS,20061,2017,GEARY,20,41.8,2811.0918
KS,20065,2017,GRAHAM,20,50.2,3376.0002
KS,20069,2017,GRAY,20,62.8,4223.3628
KS,20073,2017,GREENWOOD,20,36.4,2447.9364
KS,20077,2017,HARPER,20,22.0,1479.522
KS,20079,2017,HARVEY,20,30.8,2071.3308
KS,20081,2017,HASKELL,20,59.7,4014.8847
KS,20083,2017,HODGEMAN,20,55.7,3745.8807
KS,20085,2017,JACKSON,20,42.9,2885.0679
KS,20087,2017,JEFFERSON,20,52.8,3550.8528
KS,20089,2017,JEWELL,20,39.3,2642.9643
KS,20095,2017,KINGMAN,20,26.7,1795.6017
KS,20099,2017,LABETTE,20,39.4,2649.6894
KS,20111,2017,LYON,20,38.6,2595.8886
KS,20113,2017,MCPHERSON,20,29.3,1970.4543
KS,20115,2017,MARION,20,25.7,1728.3507
KS,20117,2017,MARSHALL,20,28.3,1903.2033
KS,20119,2017,MEADE,20,70.9,4768.0959
KS,20121,2017,MIAMI,20,49.7,3342.3747
KS,20125,2017,MONTGOMERY,20,37.0,2488.287
KS,20127,2017,MORRIS,20,38.8,2609.3388
KS,20131,2017,NEMAHA,20,33.3,2239.4583
KS,20133,2017,NEOSHO,20,35.7,2400.8607
KS,20139,2017,OSAGE,20,42.8,2878.3428
KS,20141,2017,OSBORNE,20,27.5,1849.4025
KS,20143,2017,OTTAWA,20,29.9,2010.8049
KS,20145,2017,PAWNEE,20,43.1,2898.5181
KS,20149,2017,POTTAWATOMIE,20,48.1,3234.7731
KS,20151,2017,PRATT,20,51.8,3483.6018
KS,20155,2017,RENO,20,23.1,1553.4981
KS,20157,2017,REPUBLIC,20,44.8,3012.8448
KS,20159,2017,RICE,20,29.3,1970.4543
KS,20161,2017,RILEY,20,37.0,2488.287
KS,20163,2017,ROOKS,20,25.5,1714.9005
KS,20167,2017,RUSSELL,20,25.2,1694.7252
KS,20169,2017,SALINE,20,22.6,1519.8726
KS,20173,2017,SEDGWICK,20,32.0,2152.032
KS,20175,2017,SEWARD,20,72.5,4875.6975
KS,20177,2017,SHAWNEE,20,39.0,2622.789
KS,20181,2017,SHERMAN,20,44.4,2985.9444
KS,20183,2017,SMITH,20,39.6,2663.1396
KS,20189,2017,STEVENS,20,58.1,3907.2831
KS,20191,2017,SUMNER,20,26.5,1782.1515
KS,20197,2017,WABAUNSEE,20,36.8,2474.8368
KS,20201,2017,WASHINGTON,20,33.2,2232.7332
KS,20205,2017,WILSON,20,37.7,2535.3627
KS,20207,2017,WOODSON,20,36.0,2421.036
KS,20998,2017,OTHER (COMBINED) COUNTIES,20,43.233333333333334,2907.4849
KS,20003,2018,ANDERSON,20,48.0,3228.048
KS,20005,2018,ATCHISON,20,47.4,3187.6974
KS,20011,2018,BOURBON,20,38.2,2568.9882
KS,20013,2018,BROWN,20,48.6,3268.3986
KS,20015,2018,BUTLER,20,47.6,3201.1476
KS,20019,2018,CHAUTAUQUA,20,33.8,2273.0838
KS,20027,2018,CLAY,20,46.2,3106.9962
KS,20031,2018,COFFEY,20,38.7,2602.6137
KS,20037,2018,CRAWFORD,20,38.7,2602.6137
KS,20041,2018,DICKINSON,20,43.6,2932.1436
KS,20043,2018,DONIPHAN,20,53.3,3584.4783
KS,20045,2018,DOUGLAS,20,33.4,2246.1834
KS,20049,2018,ELK,20,43.6,2932.1436
KS,20053,2018,ELLSWORTH,20,48.1,3234.7731
KS,20059,2018,FRANKLIN,20,43.4,2918.6934
KS,20061,2018,GEARY,20,44.6,2999.3946
KS,20063,2018,GOVE,20,50.9,3423.0759
KS,20065,2018,GRAHAM,20,54.5,3665.1795
KS,20073,2018,GREENWOOD,20,34.8,2340.3348
KS,20077,2018,HARPER,20,29.4,1977.1794
KS,20079,2018,HARVEY,20,48.8,3281.8488
KS,20081,2018,HASKELL,20,64.5,4337.6895
KS,20083,2018,HODGEMAN,20,57.1,3840.0321
KS,20085,2018,JACKSON,20,39.7,2669.8647
KS,20089,2018,JEWELL,20,42.9,2885.0679
KS,20091,2018,JOHNSON,20,34.1,2293.2591
KS,20095,2018,KINGMAN,20,46.0,3093.546
KS,20097,2018,KIOWA,20,63.3,4256.9883
KS,20099,2018,LABETTE,20,33.7,2266.3587
KS,20113,2018,MCPHERSON,20,45.5,3059.9205
KS,20115,2018,MARION,20,42.4,2851.4424
KS,20117,2018,MARSHALL,20,38.6,2595.8886
KS,20121,2018,MIAMI,20,42.2,2837.9922
KS,20123,2018,MITCHELL,20,43.0,2891.793
KS,20125,2018,MONTGOMERY,20,39.6,2663.1396
KS,20127,2018,MORRIS,20,32.8,2205.8328
KS,20131,2018,NEMAHA,20,41.5,2790.9165
KS,20133,2018,NEOSHO,20,38.9,2616.0639
KS,20137,2018,NORTON,20,47.8,3214.5978
KS,20139,2018,OSAGE,20,35.5,2387.4105
KS,20149,2018,POTTAWATOMIE,20,40.0,2690.04
KS,20151,2018,PRATT,20,54.0,3631.554
KS,20157,2018,REPUBLIC,20,51.0,3429.801
KS,20161,2018,RILEY,20,38.7,2602.6137
KS,20165,2018,RUSH,20,37.3,2508.4623
KS,20171,2018,SCOTT,20,51.5,3463.4265
KS,20173,2018,SEDGWICK,20,43.5,2925.4185
KS,20175,2018,SEWARD,20,65.8,4425.1158
KS,20177,2018,SHAWNEE,20,37.7,2535.3627
KS,20183,2018,SMITH,20,45.8,3080.0958
KS,20191,2018,SUMNER,20,35.7,2400.8607
KS,20197,2018,WABAUNSEE,20,31.0,2084.781
KS,20203,2018,WICHITA,20,52.5,3530.6775
KS,20998,2018,OTHER (COMBINED) COUNTIES,20,46.611111111111114,3134.6438333333335
KS,20003,2019,ANDERSON,20,34.2,2299.9842
KS,20005,2019,ATCHISON,20,51.9,3490.3269
KS,20007,2019,BARBER,20,26.7,1795.6017
KS,20009,2019,BARTON,20,29.9,2010.8049
KS,20011,2019,BOURBON,20,35.9,2414.3109
KS,20013,2019,BROWN,20,56.5,3799.6815
KS,20015,2019,BUTLER,20,37.6,2528.6376
KS,20019,2019,CHAUTAUQUA,20,40.3,2710.2153
KS,20021,2019,CHEROKEE,20,38.9,2616.0639
KS,20027,2019,CLAY,20,45.3,3046.4703
KS,20031,2019,COFFEY,20,33.9,2279.8089
KS,20035,2019,COWLEY,20,37.5,2521.9125
KS,20041,2019,DICKINSON,20,41.8,2811.0918
KS,20045,2019,DOUGLAS,20,41.0,2757.291
KS,20049,2019,ELK,20,39.9,2683.3149
KS,20055,2019,FINNEY,20,56.2,3779.5062
KS,20061,2019,GEARY,20,46.3,3113.7213
KS,20069,2019,GRAY,20,53.4,3591.2034
KS,20077,2019,HARPER,20,31.0,2084.781
KS,20079,2019,HARVEY,20,37.3,2508.4623
KS,20081,2019,HASKELL,20,65.0,4371.315
KS,20085,2019,JACKSON,20,46.2,3106.9962
KS,20087,2019,JEFFERSON,20,49.2,3308.7492
KS,20089,2019,JEWELL,20,49.4,3322.1994
KS,20095,2019,KINGMAN,20,26.7,1795.6017
KS,20103,2019,LEAVENWORTH,20,46.0,3093.546
KS,20111,2019,LYON,20,34.0,2286.534
KS,20113,2019,MCPHERSON,20,35.1,2360.5101
KS,20115,2019,MARION,20,35.1,2360.5101
KS,20117,2019,MARSHALL,20,48.0,3228.048
KS,20121,2019,MIAMI,20,43.3,2911.9683
KS,20123,2019,MITCHELL,20,43.3,2911.9683
KS,20125,2019,MONTGOMERY,20,35.6,2394.1356
KS,20127,2019,MORRIS,20,44.9,3019.5699
KS,20139,2019,OSAGE,20,41.0,2757.291
KS,20147,2019,PHILLIPS,20,43.8,2945.5938
KS,20149,2019,POTTAWATOMIE,20,49.5,3328.9245
KS,20155,2019,RENO,20,32.8,2205.8328
KS,20157,2019,REPUBLIC,20,45.1,3033.0201
KS,20161,2019,RILEY,20,46.1,3100.2711
KS,20167,2019,RUSSELL,20,30.3,2037.7053
KS,20169,2019,SALINE,20,43.0,2891.793
KS,20173,2019,SEDGWICK,20,36.3,2441.2113
KS,20175,2019,SEWARD,20,64.4,4330.9644
KS,20191,2019,SUMNER,20,31.0,2084.781
KS,20195,2019,TREGO,20,34.8,2340.3348
KS,20205,2019,WILSON,20,39.4,2649.6894
KS,20998,2019,OTHER (COMBINED) COUNTIES,20,44.37777777777777,2984.4499333333333
KS,20001,2020,ALLEN,20,33.0,2219.283
KS,20003,2020,ANDERSON,20,37.4,2515.1874
KS,20005,2020,ATCHISON,20,49.4,3322.1994
KS,20009,2020,BARTON,20,43.2,2905.2432
KS,20011,2020,BOURBON,20,35.0,2353.785
KS,20013,2020,BROWN,20,57.2,3846.7572
KS,20015,2020,BUTLER,20,34.3,2306.7093
KS,20017,2020,CHASE,20,39.7,2669.8647
KS,20021,2020,CHEROKEE,20,39.6,2663.1396
KS,20023,2020,CHEYENNE,20,62.1,4176.2871
KS,20027,2020,CLAY,20,51.9,3490.3269
KS,20029,2020,CLOUD,20,44.7,3006.1197
KS,20031,2020,COFFEY,20,38.2,2568.9882
KS,20035,2020,COWLEY,20,37.4,2515.1874
KS,20037,2020,CRAWFORD,20,32.4,2178.9324
KS,20041,2020,DICKINSON,20,40.9,2750.5659
KS,20043,2020,DONIPHAN,20,58.3,3920.7333
KS,20045,2020,DOUGLAS,20,43.4,2918.6934
KS,20047,2020,EDWARDS,20,63.9,4297.3389
KS,20053,2020,ELLSWORTH,20,41.3,2777.4663
KS,20057,2020,FORD,20,61.6,4142.6616
KS,20059,2020,FRANKLIN,20,40.1,2696.7651
KS,20061,2020,GEARY,20,50.2,3376.0002
KS,20073,2020,GREENWOOD,20,32.0,2152.032
KS,20077,2020,HARPER,20,32.4,2178.9324
KS,20079,2020,HARVEY,20,35.5,2387.4105
KS,20081,2020,HASKELL,20,63.8,4290.6138
KS,20085,2020,JACKSON,20,47.1,3167.5221
KS,20087,2020,JEFFERSON,20,46.2,3106.9962
KS,20089,2020,JEWELL,20,47.0,3160.797
KS,20095,2020,KINGMAN,20,34.5,2320.1595
KS,20097,2020,KIOWA,20,53.3,3584.4783
KS,20099,2020,LABETTE,20,36.7,2468.1117
KS,20103,2020,LEAVENWORTH,20,47.3,3180.9723
KS,20105,2020,LINCOLN,20,42.2,2837.9922
KS,20107,2020,LINN,20,40.0,2690.04
KS,20111,2020,LYON,20,35.9,2414.3109
KS,20113,2020,MCPHERSON,20,30.2,2030.9802
KS,20115,2020,MARION,20,29.7,1997.3547
KS,20117,2020,MARSHALL,20,42.7,2871.6177
KS,20119,2020,MEADE,20,73.1,4916.0481
KS,20121,2020,MIAMI,20,48.9,3288.5739
KS,20123,2020,MITCHELL,20,44.0,2959.044
KS,20125,2020,MONTGOMERY,20,40.7,2737.1157
KS,20127,2020,MORRIS,20,40.2,2703.4902
KS,20131,2020,NEMAHA,20,45.7,3073.3707
KS,20133,2020,NEOSHO,20,31.4,2111.6814
KS,20137,2020,NORTON,20,32.5,2185.6575
KS,20139,2020,OSAGE,20,37.5,2521.9125
KS,20141,2020,OSBORNE,20,38.5,2589.1635
KS,20143,2020,OTTAWA,20,43.9,2952.3189
KS,20145,2020,PAWNEE,20,56.7,3813.1317
KS,20147,2020,PHILLIPS,20,27.4,1842.6774
KS,20149,2020,POTTAWATOMIE,20,45.8,3080.0958
KS,20151,2020,PRATT,20,54.7,3678.6297
KS,20155,2020,RENO,20,38.0,2555.538
KS,20157,2020,REPUBLIC,20,50.5,3396.1755
KS,20159,2020,RICE,20,35.7,2400.8607
KS,20161,2020,RILEY,20,48.4,3254.9484
KS,20163,2020,ROOKS,20,29.7,1997.3547
KS,20167,2020,RUSSELL,20,41.9,2817.8169
KS,20169,2020,SALINE,20,39.4,2649.6894
KS,20173,2020,SEDGWICK,20,35.3,2373.9603
KS,20175,2020,SEWARD,20,60.6,4075.4106
KS,20177,2020,SHAWNEE,20,41.5,2790.9165
KS,20179,2020,SHERIDAN,20,59.5,4001.4345
KS,20183,2020,SMITH,20,37.5,2521.9125
KS,20185,2020,STAFFORD,20,43.8,2945.5938
KS,20189,2020,STEVENS,20,62.0,4169.562
KS,20191,2020,SUMNER,20,30.4,2044.4304
KS,20193,2020,THOMAS,20,45.6,3066.6456
KS,20197,2020,WABAUNSEE,20,41.9,2817.8169
KS,20201,2020,WASHINGTON,20,45.2,3039.7452
KS,20205,2020,WILSON,20,29.2,1963.7292
KS,20207,2020,WOODSON,20,33.1,2226.0081
KS,20998,2020,OTHER COUNTIES,20,42.6,2864.8926
KS,20003,2021,ANDERSON,20,41.8,2811.0918
KS,20005,2021,ATCHISON,20,53.7,3611.3787
KS,20007,2021,BARBER,20,28.6,1923.3786
KS,20009,2021,BARTON,20,37.7,2535.3627
KS,20011,2021,BOURBON,20,33.1,2226.0081
KS,20013,2021,BROWN,20,64.8,4357.8648
KS,20015,2021,BUTLER,20,35.9,2414.3109
KS,20017,2021,CHASE,20,41.8,2811.0918
KS,20019,2021,CHAUTAUQUA,20,18.8,1264.3188
KS,20021,2021,CHEROKEE,20,32.2,2165.4822
KS,20029,2021,CLOUD,20,39.8,2676.5898
KS,20031,2021,COFFEY,20,36.2,2434.4862
KS,20035,2021,COWLEY,20,26.6,1788.8766
KS,20037,2021,CRAWFORD,20,34.2,2299.9842
KS,20041,2021,DICKINSON,20,40.1,2696.7651
KS,20043,2021,DONIPHAN,20,64.3,4324.2393
KS,20045,2021,DOUGLAS,20,36.1,2427.7611
KS,20047,2021,EDWARDS,20,55.9,3759.3309
KS,20049,2021,ELK,20,33.7,2266.3587
KS,20053,2021,ELLSWORTH,20,34.3,2306.7093
KS,20059,2021,FRANKLIN,20,36.9,2481.5619
KS,20061,2021,GEARY,20,40.6,2730.3906
KS,20067,2021,GRANT,20,53.1,3571.0281
KS,20069,2021,GRAY,20,59.7,4014.8847
KS,20073,2021,GREENWOOD,20,30.8,2071.3308
KS,20077,2021,HARPER,20,24.0,1614.024
KS,20079,2021,HARVEY,20,42.4,2851.4424
KS,20081,2021,HASKELL,20,62.6,4209.9126
KS,20085,2021,JACKSON,20,45.0,3026.295
KS,20087,2021,JEFFERSON,20,52.0,3497.052
KS,20089,2021,JEWELL,20,41.2,2770.7412
KS,20091,2021,JOHNSON,20,38.8,2609.3388
KS,20095,2021,KINGMAN,20,35.4,2380.6854
KS,20097,2021,KIOWA,20,50.0,3362.55
KS,20099,2021,LABETTE,20,24.4,1640.9244
KS,20103,2021,LEAVENWORTH,20,42.0,2824.542
KS,20107,2021,LINN,20,33.5,2252.9085
KS,20111,2021,LYON,20,36.1,2427.7611
KS,20113,2021,MCPHERSON,20,34.4,2313.4344
KS,20115,2021,MARION,20,38.3,2575.7133
KS,20117,2021,MARSHALL,20,47.9,3221.3229
KS,20119,2021,MEADE,20,69.1,4647.0441
KS,20121,2021,MIAMI,20,46.1,3100.2711
KS,20123,2021,MITCHELL,20,29.1,1957.0041
KS,20125,2021,MONTGOMERY,20,27.9,1876.3029
KS,20127,2021,MORRIS,20,36.7,2468.1117
KS,20131,2021,NEMAHA,20,57.6,3873.6576
KS,20133,2021,NEOSHO,20,29.5,1983.9045
KS,20137,2021,NORTON,20,33.4,2246.1834
KS,20139,2021,OSAGE,20,39.5,2656.4145
KS,20147,2021,PHILLIPS,20,38.7,2602.6137
KS,20149,2021,POTTAWATOMIE,20,40.7,2737.1157
KS,20151,2021,PRATT,20,44.9,3019.5699
KS,20153,2021,RAWLINS,20,36.5,2454.6615
KS,20157,2021,REPUBLIC,20,54.6,3671.9046
KS,20159,2021,RICE,20,37.6,2528.6376
KS,20161,2021,RILEY,20,47.8,3214.5978
KS,20163,2021,ROOKS,20,30.3,2037.7053
KS,20167,2021,RUSSELL,20,33.5,2252.9085
KS,20169,2021,SALINE,20,34.4,2313.4344
KS,20173,2021,SEDGWICK,20,32.2,2165.4822
KS,20175,2021,SEWARD,20,58.9,3961.0839
KS,20177,2021,SHAWNEE,20,42.1,2831.2671
KS,20179,2021,SHERIDAN,20,59.1,3974.5341
KS,20183,2021,SMITH,20,43.8,2945.5938
KS,20189,2021,STEVENS,20,57.9,3893.8329
KS,20191,2021,SUMNER,20,21.4,1439.1714
KS,20197,2021,WABAUNSEE,20,39.8,2676.5898
KS,20201,2021,WASHINGTON,20,48.8,3281.8488
KS,20205,2021,WILSON,20,32.3,2172.2073
KS,20207,2021,WOODSON,20,31.7,2131.8567
KS,20998,2021,OTHER COUNTIES,20,39.4,2649.6894
KS,20001,2022,ALLEN,20,19.6,1318.1196
KS,20003,2022,ANDERSON,20,23.2,1560.2232
KS,20005,2022,ATCHISON,20,44.3,2979.2193
KS,20007,2022,BARBER,20,20.2,1358.4702
KS,20009,2022,BARTON,20,19.1,1284.4941
KS,20011,2022,BOURBON,20,17.0,1143.267
KS,20013,2022,BROWN,20,53.3,3584.4783
KS,20015,2022,BUTLER,20,18.3,1230.6933
KS,20017,2022,CHASE,20,33.6,2259.6336
KS,20019,2022,CHAUTAUQUA,20,12.2,820.4622
KS,20021,2022,CHEROKEE,20,16.0,1076.016
KS,20023,2022,CHEYENNE,20,62.4,4196.4624
KS,20027,2022,CLAY,20,28.5,1916.6535
KS,20029,2022,CLOUD,20,26.3,1768.7013
KS,20031,2022,COFFEY,20,27.2,1829.2272
KS,20035,2022,COWLEY,20,9.5,638.8845
KS,20041,2022,DICKINSON,20,28.0,1883.028
KS,20045,2022,DOUGLAS,20,29.8,2004.0798
KS,20047,2022,EDWARDS,20,36.0,2421.036
KS,20049,2022,ELK,20,21.0,1412.271
KS,20053,2022,ELLSWORTH,20,14.5,975.1395
KS,20059,2022,FRANKLIN,20,23.5,1580.3985
KS,20061,2022,GEARY,20,41.1,2764.0161
KS,20073,2022,GREENWOOD,20,19.6,1318.1196
KS,20077,2022,HARPER,20,9.4,632.1594
KS,20079,2022,HARVEY,20,25.9,1741.8009
KS,20081,2022,HASKELL,20,30.5,2051.1555
KS,20083,2022,HODGEMAN,20,49.2,3308.7492
KS,20087,2022,JEFFERSON,20,36.7,2468.1117
KS,20089,2022,JEWELL,20,34.2,2299.9842
KS,20091,2022,JOHNSON,20,32.8,2205.8328
KS,20095,2022,KINGMAN,20,22.5,1513.1475
KS,20097,2022,KIOWA,20,41.0,2757.291
KS,20099,2022,LABETTE,20,9.3,625.4343
KS,20103,2022,LEAVENWORTH,20,38.2,2568.9882
KS,20105,2022,LINCOLN,20,12.3,827.1873
KS,20107,2022,LINN,20,20.9,1405.5459
KS,20111,2022,LYON,20,23.2,1560.2232
KS,20113,2022,MCPHERSON,20,16.9,1136.5419
KS,20115,2022,MARION,20,17.9,1203.7929
KS,20117,2022,MARSHALL,20,38.8,2609.3388
KS,20119,2022,MEADE,20,67.6,4546.1676
KS,20121,2022,MIAMI,20,29.5,1983.9045
KS,20123,2022,MITCHELL,20,24.7,1661.0997
KS,20125,2022,MONTGOMERY,20,10.7,719.5857
KS,20127,2022,MORRIS,20,32.7,2199.1077
KS,20131,2022,NEMAHA,20,39.8,2676.5898
KS,20133,2022,NEOSHO,20,11.0,739.761
KS,20139,2022,OSAGE,20,25.1,1688.0001
KS,20141,2022,OSBORNE,20,13.6,914.6136
KS,20143,2022,OTTAWA,20,20.5,1378.6455
KS,20145,2022,PAWNEE,20,44.3,2979.2193
KS,20147,2022,PHILLIPS,20,25.7,1728.3507
KS,20151,2022,PRATT,20,37.8,2542.0878
KS,20155,2022,RENO,20,21.4,1439.1714
KS,20157,2022,REPUBLIC,20,43.3,2911.9683
KS,20159,2022,RICE,20,16.4,1102.9164
KS,20161,2022,RILEY,20,35.0,2353.785
KS,20163,2022,ROOKS,20,13.9,934.7889
KS,20169,2022,SALINE,20,19.7,1324.8447
KS,20173,2022,SEDGWICK,20,25.2,1694.7252
KS,20175,2022,SEWARD,20,57.6,3873.6576
KS,20177,2022,SHAWNEE,20,35.2,2367.2352
KS,20183,2022,SMITH,20,24.7,1661.0997
KS,20189,2022,STEVENS,20,64.1,4310.7891
KS,20191,2022,SUMNER,20,12.5,840.6375
KS,20193,2022,THOMAS,20,40.2,2703.4902
KS,20197,2022,WABAUNSEE,20,34.2,2299.9842
KS,20201,2022,WASHINGTON,20,42.0,2824.542
KS,20205,2022,WILSON,20,15.8,1062.5658
KS,20998,2022,OTHER COUNTIES,20,34.5,2320.1595
KS,20001,2023,ALLEN,20,23.0,1546.773
KS,20005,2023,ATCHISON,20,50.7,3409.6257
KS,20009,2023,BARTON,20,16.9,1136.5419
KS,20011,2023,BOURBON,20,22.9,1540.0479
KS,20013,2023,BROWN,20,59.0,3967.809
KS,20015,2023,BUTLER,20,12.0,807.012
KS,20017,2023,CHASE,20,20.9,1405.5459
KS,20019,2023,CHAUTAUQUA,20,10.4,699.4104
KS,20021,2023,CHEROKEE,20,29.8,2004.0798
KS,20027,2023,CLAY,20,21.6,1452.6216
KS,20029,2023,CLOUD,20,19.9,1338.2949
KS,20031,2023,COFFEY,20,20.3,1365.1953
KS,20035,2023,COWLEY,20,12.9,867.5379
KS,20037,2023,CRAWFORD,20,27.5,1849.4025
KS,20041,2023,DICKINSON,20,14.8,995.3148
KS,20049,2023,ELK,20,20.9,1405.5459
KS,20053,2023,ELLSWORTH,20,13.2,887.7132
KS,20059,2023,FRANKLIN,20,26.1,1755.2511
KS,20061,2023,GEARY,20,22.2,1492.9722
KS,20073,2023,GREENWOOD,20,13.8,928.0638
KS,20077,2023,HARPER,20,22.0,1479.522
KS,20085,2023,JACKSON,20,40.5,2723.6655
KS,20087,2023,JEFFERSON,20,45.9,3086.8209
KS,20089,2023,JEWELL,20,23.3,1566.9483
KS,20091,2023,JOHNSON,20,27.7,1862.8527
KS,20099,2023,LABETTE,20,20.1,1351.7451
KS,20103,2023,LEAVENWORTH,20,37.4,2515.1874
KS,20105,2023,LINCOLN,20,15.6,1049.1156
KS,20107,2023,LINN,20,26.4,1775.4264
KS,20111,2023,LYON,20,23.7,1593.8487
KS,20113,2023,MCPHERSON,20,17.2,1156.7172
KS,20115,2023,MARION,20,11.1,746.4861
KS,20117,2023,MARSHALL,20,36.9,2481.5619
KS,20119,2023,MEADE,20,61.1,4109.0361
KS,20121,2023,MIAMI,20,28.3,1903.2033
KS,20123,2023,MITCHELL,20,8.5,571.6335
KS,20125,2023,MONTGOMERY,20,18.0,1210.518
KS,20127,2023,MORRIS,20,14.9,1002.0399
KS,20133,2023,NEOSHO,20,26.8,1802.3268
KS,20139,2023,OSAGE,20,21.8,1466.0718
KS,20143,2023,OTTAWA,20,17.4,1170.1674
KS,20151,2023,PRATT,20,34.9,2347.0599
KS,20155,2023,RENO,20,27.6,1856.1276
KS,20157,2023,REPUBLIC,20,21.1,1418.9961
KS,20159,2023,RICE,20,16.8,1129.8168
KS,20161,2023,RILEY,20,28.5,1916.6535
KS,20167,2023,RUSSELL,20,14.3,961.6893
KS,20169,2023,SALINE,20,13.7,921.3387
KS,20173,2023,SEDGWICK,20,24.4,1640.9244
KS,20175,2023,SEWARD,20,50.9,3423.0759
KS,20177,2023,SHAWNEE,20,34.0,2286.534
KS,20183,2023,SMITH,20,25.0,1681.275
KS,20189,2023,STEVENS,20,57.0,3833.307
KS,20191,2023,SUMNER,20,15.7,1055.8407
KS,20197,2023,WABAUNSEE,20,19.0,1277.769
KS,20201,2023,WASHINGTON,20,25.7,1728.3507
KS,20205,2023,WILSON,20,22.4,1506.4224
KS,20207,2023,WOODSON,20,14.8,995.3148
KS,20998,2023,OTHER COUNTIES,20,33.2,2232.7332
KS,20001,2024,ALLEN,20,26.5,1782.1515
KS,20003,2024,ANDERSON,20,36.0,2421.036
KS,20005,2024,ATCHISON,20,53.5,3597.9285
KS,20009,2024,BARTON,20,34.0,2286.534
KS,20011,2024,BOURBON,20,20.5,1378.6455
KS,20013,2024,BROWN,20,58.9,3961.0839
KS,20015,2024,BUTLER,20,29.9,2010.8049
KS,20017,2024,CHASE,20,43.1,2898.5181
KS,20027,2024,CLAY,20,40.1,2696.7651
KS,20029,2024,CLOUD,20,32.5,2185.6575
KS,20031,2024,COFFEY,20,28.2,1896.4782
KS,20035,2024,COWLEY,20,15.9,1069.2909
KS,20041,2024,DICKINSON,20,29.9,2010.8049
KS,20045,2024,DOUGLAS,20,37.6,2528.6376
KS,20049,2024,ELK,20,18.6,1250.8686
KS,20059,2024,FRANKLIN,20,38.6,2595.8886
KS,20061,2024,GEARY,20,39.2,2636.2392
KS,20073,2024,GREENWOOD,20,27.3,1835.9523
KS,20085,2024,JACKSON,20,43.2,2905.2432
KS,20091,2024,JOHNSON,20,27.4,1842.6774
KS,20095,2024,KINGMAN,20,31.9,2145.3069
KS,20099,2024,LABETTE,20,20.5,1378.6455
KS,20103,2024,LEAVENWORTH,20,47.9,3221.3229
KS,20105,2024,LINCOLN,20,27.1,1822.5021
KS,20111,2024,LYON,20,36.0,2421.036
KS,20113,2024,MCPHERSON,20,35.4,2380.6854
KS,20115,2024,MARION,20,33.4,2246.1834
KS,20121,2024,MIAMI,20,26.1,1755.2511
KS,20123,2024,MITCHELL,20,19.4,1304.6694
KS,20125,2024,MONTGOMERY,20,21.6,1452.6216
KS,20127,2024,MORRIS,20,33.2,2232.7332
KS,20131,2024,NEMAHA,20,47.9,3221.3229
KS,20133,2024,NEOSHO,20,25.6,1721.6256
KS,20139,2024,OSAGE,20,38.1,2562.2631
KS,20143,2024,OTTAWA,20,29.8,2004.0798
KS,20151,2024,PRATT,20,41.5,2790.9165
KS,20155,2024,RENO,20,37.2,2501.7372
KS,20159,2024,RICE,20,26.7,1795.6017
KS,20167,2024,RUSSELL,20,36.8,2474.8368
KS,20169,2024,SALINE,20,20.6,1385.3706
KS,20175,2024,SEWARD,20,59.1,3974.5341
KS,20177,2024,SHAWNEE,20,34.1,2293.2591
KS,20183,2024,SMITH,20,39.3,2642.9643
KS,20197,2024,WABAUNSEE,20,38.9,2616.0639
KS,20205,2024,WILSON,20,25.3,1701.4503
KS,20998,2024,OTHER COUNTIES,20,36.8,2474.8368
WI,55001,2014,ADAMS,55,43.3,2911.9683
WI,55005,2014,BARRON,55,35.9,2414.3109
WI,55009,2014,BROWN,55,35.7,2400.8607
WI,55011,2014,BUFFALO,55,42.1,2831.2671
WI,55013,2014,BURNETT,55,28.1,1889.7531
WI,55015,2014,CALUMET,55,39.1,2629.5141
WI,55017,2014,CHIPPEWA,55,35.0,2353.785
WI,55019,2014,CLARK,55,39.4,2649.6894
WI,55021,2014,COLUMBIA,55,49.9,3355.8249
WI,55023,2014,CRAWFORD,55,42.1,2831.2671
WI,55025,2014,DANE,55,50.0,3362.55
WI,55027,2014,DODGE,55,49.1,3302.0241
WI,55029,2014,DOOR,55,32.5,2185.6575
WI,55033,2014,DUNN,55,40.8,2743.8408
WI,55039,2014,FOND DU LAC,55,46.4,3120.4464
WI,55043,2014,GRANT,55,54.3,3651.7293
WI,55045,2014,GREEN,55,51.7,3476.8767
WI,55047,2014,GREEN LAKE,55,51.0,3429.801
WI,55049,2014,IOWA,55,54.6,3671.9046
WI,55053,2014,JACKSON,55,42.5,2858.1675
WI,55055,2014,JEFFERSON,55,49.3,3315.4743
WI,55057,2014,JUNEAU,55,42.1,2831.2671
WI,55059,2014,KENOSHA,55,48.1,3234.7731
WI,55061,2014,KEWAUNEE,55,35.8,2407.5858
WI,55063,2014,LA CROSSE,55,47.6,3201.1476
WI,55065,2014,LAFAYETTE,55,57.4,3860.2074
WI,55069,2014,LINCOLN,55,31.0,2084.781
WI,55071,2014,MANITOWOC,55,36.1,2427.7611
WI,55073,2014,MARATHON,55,36.0,2421.036
WI,55075,2014,MARINETTE,55,27.5,1849.4025
WI,55077,2014,MARQUETTE,55,40.4,2716.9404
WI,55081,2014,MONROE,55,42.2,2837.9922
WI,55083,2014,OCONTO,55,26.7,1795.6017
WI,55087,2014,OUTAGAMIE,55,33.9,2279.8089
WI,55093,2014,PIERCE,55,44.1,2965.7691
WI,55095,2014,POLK,55,28.0,1883.028
WI,55097,2014,PORTAGE,55,39.8,2676.5898
WI,55101,2014,RACINE,55,46.7,3140.6217
WI,55103,2014,RICHLAND,55,42.9,2885.0679
WI,55105,2014,ROCK,55,52.7,3544.1277
WI,55107,2014,RUSK,55,27.8,1869.5778
WI,55109,2014,ST CROIX,55,38.7,2602.6137
WI,55111,2014,SAUK,55,48.5,3261.6735
WI,55113,2014,SAWYER,55,21.8,1466.0718
WI,55115,2014,SHAWANO,55,36.0,2421.036
WI,55117,2014,SHEBOYGAN,55,42.7,2871.6177
WI,55119,2014,TAYLOR,55,33.2,2232.7332
WI,55121,2014,TREMPEALEAU,55,43.3,2911.9683
WI,55123,2014,VERNON,55,44.2,2972.4942
WI,55127,2014,WALWORTH,55,53.5,3597.9285
WI,55129,2014,WASHBURN,55,20.0,1345.02
WI,55131,2014,WASHINGTON,55,46.7,3140.6217
WI,55133,2014,WAUKESHA,55,43.7,2938.8687
WI,55135,2014,WAUPACA,55,34.8,2340.3348
WI,55137,2014,WAUSHARA,55,50.0,3362.55
WI,55139,2014,WINNEBAGO,55,46.4,3120.4464
WI,55141,2014,WOOD,55,41.9,2817.8169
WI,55998,2014,OTHER (COMBINED) COUNTIES,55,34.519999999999996,2321.50452
WI,55001,2015,ADAMS,55,47.1,3167.5221
WI,55005,2015,BARRON,55,46.9,3154.0719
WI,55009,2015,BROWN,55,52.0,3497.052
WI,55011,2015,BUFFALO,55,48.1,3234.7731
WI,55013,2015,BURNETT,55,45.8,3080.0958
WI,55015,2015,CALUMET,55,51.5,3463.4265
WI,55017,2015,CHIPPEWA,55,44.9,3019.5699
WI,55019,2015,CLARK,55,49.1,3302.0241
WI,55021,2015,COLUMBIA,55,52.4,3523.9524
WI,55023,2015,CRAWFORD,55,40.7,2737.1157
WI,55025,2015,DANE,55,55.2,3712.2552
WI,55027,2015,DODGE,55,54.7,3678.6297
WI,55029,2015,DOOR,55,40.5,2723.6655
WI,55033,2015,DUNN,55,48.1,3234.7731
WI,55035,2015,EAU CLAIRE,55,46.0,3093.546
WI,55039,2015,FOND DU LAC,55,52.2,3510.5022
WI,55043,2015,GRANT,55,55.2,3712.2552
WI,55045,2015,GREEN,55,52.8,3550.8528
WI,55047,2015,GREEN LAKE,55,53.3,3584.4783
WI,55049,2015,IOWA,55,53.5,3597.9285
WI,55053,2015,JACKSON,55,44.8,3012.8448
WI,55055,2015,JEFFERSON,55,52.8,3550.8528
WI,55057,2015,JUNEAU,55,46.7,3140.6217
WI,55059,2015,KENOSHA,55,50.8,3416.3508
WI,55061,2015,KEWAUNEE,55,47.9,3221.3229
WI,55063,2015,LA CROSSE,55,50.2,3376.0002
WI,55065,2015,LAFAYETTE,55,56.9,3826.5819
WI,55071,2015,MANITOWOC,55,47.2,3174.2472
WI,55073,2015,MARATHON,55,44.9,3019.5699
WI,55075,2015,MARINETTE,55,34.9,2347.0599
WI,55079,2015,MILWAUKEE,55,36.5,2454.6615
WI,55081,2015,MONROE,55,43.9,2952.3189
WI,55083,2015,OCONTO,55,41.2,2770.7412
WI,55087,2015,OUTAGAMIE,55,47.0,3160.797
WI,55089,2015,OZAUKEE,55,50.6,3402.9006
WI,55093,2015,PIERCE,55,51.5,3463.4265
WI,55095,2015,POLK,55,48.2,3241.4982
WI,55099,2015,PRICE,55,31.6,2125.1316
WI,55101,2015,RACINE,55,49.0,3295.299
WI,55103,2015,RICHLAND,55,41.4,2784.1914
WI,55105,2015,ROCK,55,53.4,3591.2034
WI,55107,2015,RUSK,55,40.0,2690.04
WI,55109,2015,ST CROIX,55,48.5,3261.6735
WI,55111,2015,SAUK,55,46.0,3093.546
WI,55115,2015,SHAWANO,55,45.8,3080.0958
WI,55117,2015,SHEBOYGAN,55,49.5,3328.9245
WI,55119,2015,TAYLOR,55,45.8,3080.0958
WI,55123,2015,VERNON,55,42.5,2858.1675
WI,55127,2015,WALWORTH,55,54.8,3685.3548
WI,55131,2015,WASHINGTON,55,52.1,3503.7771
WI,55133,2015,WAUKESHA,55,47.5,3194.4225
WI,55135,2015,WAUPACA,55,49.4,3322.1994
WI,55137,2015,WAUSHARA,55,45.0,3026.295
WI,55139,2015,WINNEBAGO,55,48.0,3228.048
WI,55141,2015,WOOD,55,47.5,3194.4225
WI,55998,2015,OTHER (COMBINED) COUNTIES,55,41.739999999999995,2807.05674
WI,55001,2016,ADAMS,55,50.3,3382.7253
WI,55005,2016,BARRON,55,51.8,3483.6018
WI,55009,2016,BROWN,55,54.5,3665.1795
WI,55011,2016,BUFFALO,55,52.7,3544.1277
WI,55013,2016,BURNETT,55,48.9,3288.5739
WI,55015,2016,CALUMET,55,59.7,4014.8847
WI,55017,2016,CHIPPEWA,55,49.4,3322.1994
WI,55019,2016,CLARK,55,50.5,3396.1755
WI,55021,2016,COLUMBIA,55,58.0,3900.558
WI,55023,2016,CRAWFORD,55,52.1,3503.7771
WI,55025,2016,DANE,55,60.4,4061.9604
WI,55027,2016,DODGE,55,60.4,4061.9604
WI,55029,2016,DOOR,55,47.2,3174.2472
WI,55033,2016,DUNN,55,49.1,3302.0241
WI,55035,2016,EAU CLAIRE,55,48.8,3281.8488
WI,55039,2016,FOND DU LAC,55,58.5,3934.1835
WI,55043,2016,GRANT,55,62.4,4196.4624
WI,55045,2016,GREEN,55,63.4,4263.7134
WI,55047,2016,GREEN LAKE,55,58.8,3954.3588
WI,55049,2016,IOWA,55,59.9,4028.3349
WI,55053,2016,JACKSON,55,55.2,3712.2552
WI,55055,2016,JEFFERSON,55,58.5,3934.1835
WI,55057,2016,JUNEAU,55,51.4,3456.7014
WI,55061,2016,KEWAUNEE,55,54.1,3638.2791
WI,55063,2016,LA CROSSE,55,55.4,3725.7054
WI,55065,2016,LAFAYETTE,55,64.0,4304.064
WI,55071,2016,MANITOWOC,55,56.8,3819.8568
WI,55073,2016,MARATHON,55,50.6,3402.9006
WI,55075,2016,MARINETTE,55,45.4,3053.1954
WI,55079,2016,MILWAUKEE,55,47.8,3214.5978
WI,55081,2016,MONROE,55,53.3,3584.4783
WI,55083,2016,OCONTO,55,47.6,3201.1476
WI,55087,2016,OUTAGAMIE,55,50.1,3369.2751
WI,55091,2016,PEPIN,55,56.4,3792.9564
WI,55093,2016,PIERCE,55,59.2,3981.2592
WI,55095,2016,POLK,55,54.0,3631.554
WI,55101,2016,RACINE,55,55.1,3705.5301
WI,55103,2016,RICHLAND,55,47.2,3174.2472
WI,55105,2016,ROCK,55,58.9,3961.0839
WI,55107,2016,RUSK,55,44.2,2972.4942
WI,55109,2016,ST CROIX,55,53.4,3591.2034
WI,55111,2016,SAUK,55,57.3,3853.4823
WI,55113,2016,SAWYER,55,40.6,2730.3906
WI,55115,2016,SHAWANO,55,53.3,3584.4783
WI,55117,2016,SHEBOYGAN,55,54.8,3685.3548
WI,55119,2016,TAYLOR,55,47.8,3214.5978
WI,55121,2016,TREMPEALEAU,55,53.2,3577.7532
WI,55123,2016,VERNON,55,51.4,3456.7014
WI,55127,2016,WALWORTH,55,56.5,3799.6815
WI,55129,2016,WASHBURN,55,44.7,3006.1197
WI,55131,2016,WASHINGTON,55,53.8,3618.1038
WI,55133,2016,WAUKESHA,55,58.0,3900.558
WI,55135,2016,WAUPACA,55,53.0,3564.303
WI,55137,2016,WAUSHARA,55,48.5,3261.6735
WI,55139,2016,WINNEBAGO,55,53.8,3618.1038
WI,55141,2016,WOOD,55,50.7,3409.6257
WI,55998,2016,OTHER (COMBINED) COUNTIES,55,46.46,3124.48146
WI,55001,2017,ADAMS,55,43.4,2918.6934
WI,55005,2017,BARRON,55,41.7,2804.3667
WI,55011,2017,BUFFALO,55,47.6,3201.1476
WI,55013,2017,BURNETT,55,39.6,2663.1396
WI,55015,2017,CALUMET,55,46.2,3106.9962
WI,55017,2017,CHIPPEWA,55,42.5,2858.1675
WI,55019,2017,CLARK,55,44.8,3012.8448
WI,55021,2017,COLUMBIA,55,52.3,3517.2273
WI,55023,2017,CRAWFORD,55,44.6,2999.3946
WI,55025,2017,DANE,55,52.2,3510.5022
WI,55027,2017,DODGE,55,53.0,3564.303
WI,55033,2017,DUNN,55,45.8,3080.0958
WI,55035,2017,EAU CLAIRE,55,41.7,2804.3667
WI,55039,2017,FOND DU LAC,55,50.4,3389.4504
WI,55043,2017,GRANT,55,56.2,3779.5062
WI,55045,2017,GREEN,55,49.8,3349.0998
WI,55049,2017,IOWA,55,52.7,3544.1277
WI,55053,2017,JACKSON,55,48.0,3228.048
WI,55055,2017,JEFFERSON,55,46.1,3100.2711
WI,55059,2017,KENOSHA,55,45.9,3086.8209
WI,55061,2017,KEWAUNEE,55,49.3,3315.4743
WI,55065,2017,LAFAYETTE,55,57.0,3833.307
WI,55071,2017,MANITOWOC,55,49.2,3308.7492
WI,55073,2017,MARATHON,55,47.4,3187.6974
WI,55075,2017,MARINETTE,55,40.6,2730.3906
WI,55077,2017,MARQUETTE,55,38.9,2616.0639
WI,55079,2017,MILWAUKEE,55,35.5,2387.4105
WI,55081,2017,MONROE,55,41.4,2784.1914
WI,55083,2017,OCONTO,55,42.8,2878.3428
WI,55087,2017,OUTAGAMIE,55,46.8,3147.3468
WI,55089,2017,OZAUKEE,55,52.4,3523.9524
WI,55093,2017,PIERCE,55,50.4,3389.4504
WI,55095,2017,POLK,55,41.8,2811.0918
WI,55097,2017,PORTAGE,55,44.6,2999.3946
WI,55101,2017,RACINE,55,43.3,2911.9683
WI,55103,2017,RICHLAND,55,44.0,2959.044
WI,55105,2017,ROCK,55,50.6,3402.9006
WI,55107,2017,RUSK,55,39.7,2669.8647
WI,55109,2017,ST CROIX,55,46.8,3147.3468
WI,55111,2017,SAUK,55,45.0,3026.295
WI,55113,2017,SAWYER,55,32.2,2165.4822
WI,55115,2017,SHAWANO,55,44.5,2992.6695
WI,55117,2017,SHEBOYGAN,55,51.5,3463.4265
WI,55119,2017,TAYLOR,55,36.8,2474.8368
WI,55121,2017,TREMPEALEAU,55,46.9,3154.0719
WI,55123,2017,VERNON,55,44.8,3012.8448
WI,55127,2017,WALWORTH,55,48.8,3281.8488
WI,55129,2017,WASHBURN,55,39.2,2636.2392
WI,55131,2017,WASHINGTON,55,48.1,3234.7731
WI,55133,2017,WAUKESHA,55,44.9,3019.5699
WI,55135,2017,WAUPACA,55,46.8,3147.3468
WI,55137,2017,WAUSHARA,55,42.4,2851.4424
WI,55139,2017,WINNEBAGO,55,47.8,3214.5978
WI,55141,2017,WOOD,55,43.4,2918.6934
WI,55998,2017,OTHER (COMBINED) COUNTIES,55,40.266666666666666,2707.9736
WI,55005,2018,BARRON,55,42.5,2858.1675
WI,55011,2018,BUFFALO,55,44.3,2979.2193
WI,55013,2018,BURNETT,55,33.7,2266.3587
WI,55015,2018,CALUMET,55,49.8,3349.0998
WI,55017,2018,CHIPPEWA,55,40.8,2743.8408
WI,55019,2018,CLARK,55,38.9,2616.0639
WI,55023,2018,CRAWFORD,55,45.5,3059.9205
WI,55025,2018,DANE,55,55.1,3705.5301
WI,55027,2018,DODGE,55,50.3,3382.7253
WI,55033,2018,DUNN,55,42.6,2864.8926
WI,55035,2018,EAU CLAIRE,55,40.9,2750.5659
WI,55039,2018,FOND DU LAC,55,51.4,3456.7014
WI,55043,2018,GRANT,55,63.3,4256.9883
WI,55053,2018,JACKSON,55,43.0,2891.793
WI,55055,2018,JEFFERSON,55,51.1,3436.5261
WI,55057,2018,JUNEAU,55,38.9,2616.0639
WI,55061,2018,KEWAUNEE,55,50.8,3416.3508
WI,55063,2018,LA CROSSE,55,43.5,2925.4185
WI,55065,2018,LAFAYETTE,55,62.7,4216.6377
WI,55067,2018,LANGLADE,55,34.9,2347.0599
WI,55071,2018,MANITOWOC,55,51.6,3470.1516
WI,55073,2018,MARATHON,55,39.7,2669.8647
WI,55075,2018,MARINETTE,55,46.3,3113.7213
WI,55087,2018,OUTAGAMIE,55,48.0,3228.048
WI,55089,2018,OZAUKEE,55,48.8,3281.8488
WI,55093,2018,PIERCE,55,48.6,3268.3986
WI,55095,2018,POLK,55,37.4,2515.1874
WI,55097,2018,PORTAGE,55,40.6,2730.3906
WI,55099,2018,PRICE,55,39.0,2622.789
WI,55101,2018,RACINE,55,51.5,3463.4265
WI,55103,2018,RICHLAND,55,40.3,2710.2153
WI,55105,2018,ROCK,55,54.4,3658.4544
WI,55109,2018,ST CROIX,55,42.3,2844.7173
WI,55111,2018,SAUK,55,48.7,3275.1237
WI,55113,2018,SAWYER,55,30.4,2044.4304
WI,55117,2018,SHEBOYGAN,55,46.7,3140.6217
WI,55121,2018,TREMPEALEAU,55,39.6,2663.1396
WI,55129,2018,WASHBURN,55,46.8,3147.3468
WI,55131,2018,WASHINGTON,55,45.4,3053.1954
WI,55133,2018,WAUKESHA,55,46.8,3147.3468
WI,55135,2018,WAUPACA,55,44.5,2992.6695
WI,55139,2018,WINNEBAGO,55,50.6,3402.9006
WI,55141,2018,WOOD,55,37.7,2535.3627
WI,55998,2018,OTHER (COMBINED) COUNTIES,55,47.577777777777776,3199.6531333333332
WI,55001,2019,ADAMS,55,48.6,3268.3986
WI,55005,2019,BARRON,55,42.0,2824.542
WI,55009,2019,BROWN,55,37.6,2528.6376
WI,55011,2019,BUFFALO,55,45.4,3053.1954
WI,55013,2019,BURNETT,55,33.8,2273.0838
WI,55015,2019,CALUMET,55,41.9,2817.8169
WI,55017,2019,CHIPPEWA,55,43.6,2932.1436
WI,55019,2019,CLARK,55,41.6,2797.6416
WI,55021,2019,COLUMBIA,55,48.9,3288.5739
WI,55023,2019,CRAWFORD,55,44.8,3012.8448
WI,55025,2019,DANE,55,54.5,3665.1795
WI,55027,2019,DODGE,55,51.0,3429.801
WI,55033,2019,DUNN,55,48.0,3228.048
WI,55035,2019,EAU CLAIRE,55,43.9,2952.3189
WI,55039,2019,FOND DU LAC,55,50.6,3402.9006
WI,55043,2019,GRANT,55,55.4,3725.7054
WI,55045,2019,GREEN,55,54.4,3658.4544
WI,55053,2019,JACKSON,55,43.7,2938.8687
WI,55055,2019,JEFFERSON,55,48.1,3234.7731
WI,55057,2019,JUNEAU,55,37.8,2542.0878
WI,55059,2019,KENOSHA,55,43.6,2932.1436
WI,55061,2019,KEWAUNEE,55,42.1,2831.2671
WI,55063,2019,LA CROSSE,55,47.7,3207.8727
WI,55065,2019,LAFAYETTE,55,59.4,3994.7094
WI,55069,2019,LINCOLN,55,34.1,2293.2591
WI,55071,2019,MANITOWOC,55,44.2,2972.4942
WI,55073,2019,MARATHON,55,34.7,2333.6097
WI,55075,2019,MARINETTE,55,43.0,2891.793
WI,55077,2019,MARQUETTE,55,38.1,2562.2631
WI,55081,2019,MONROE,55,46.9,3154.0719
WI,55093,2019,PIERCE,55,47.6,3201.1476
WI,55095,2019,POLK,55,37.8,2542.0878
WI,55097,2019,PORTAGE,55,44.0,2959.044
WI,55101,2019,RACINE,55,46.1,3100.2711
WI,55103,2019,RICHLAND,55,44.0,2959.044
WI,55105,2019,ROCK,55,58.0,3900.558
WI,55107,2019,RUSK,55,30.3,2037.7053
WI,55109,2019,ST CROIX,55,49.5,3328.9245
WI,55115,2019,SHAWANO,55,42.8,2878.3428
WI,55117,2019,SHEBOYGAN,55,49.9,3355.8249
WI,55127,2019,WALWORTH,55,50.3,3382.7253
WI,55129,2019,WASHBURN,55,41.4,2784.1914
WI,55131,2019,WASHINGTON,55,47.1,3167.5221
WI,55133,2019,WAUKESHA,55,45.6,3066.6456
WI,55137,2019,WAUSHARA,55,47.3,3180.9723
WI,55139,2019,WINNEBAGO,55,41.9,2817.8169
WI,55141,2019,WOOD,55,40.6,2730.3906
WI,55998,2019,OTHER (COMBINED) COUNTIES,55,40.5,2723.6655
WI,55001,2020,ADAMS,55,45.1,3033.0201
WI,55005,2020,BARRON,55,49.0,3295.299
WI,55007,2020,BAYFIELD,55,29.1,1957.0041
WI,55009,2020,BROWN,55,48.6,3268.3986
WI,55011,2020,BUFFALO,55,51.9,3490.3269
WI,55013,2020,BURNETT,55,42.1,2831.2671
WI,55015,2020,CALUMET,55,52.5,3530.6775
WI,55017,2020,CHIPPEWA,55,50.1,3369.2751
WI,55019,2020,CLARK,55,53.3,3584.4783
WI,55021,2020,COLUMBIA,55,50.3,3382.7253
WI,55023,2020,CRAWFORD,55,48.4,3254.9484
WI,55025,2020,DANE,55,55.0,3698.805
WI,55027,2020,DODGE,55,59.3,3987.9843
WI,55029,2020,DOOR,55,44.2,2972.4942
WI,55033,2020,DUNN,55,43.1,2898.5181
WI,55035,2020,EAU CLAIRE,55,48.4,3254.9484
WI,55039,2020,FOND DU LAC,55,54.9,3692.0799
WI,55043,2020,GRANT,55,61.8,4156.1118
WI,55045,2020,GREEN,55,58.1,3907.2831
WI,55047,2020,GREEN LAKE,55,48.1,3234.7731
WI,55049,2020,IOWA,55,61.0,4102.311
WI,55053,2020,JACKSON,55,48.1,3234.7731
WI,55055,2020,JEFFERSON,55,54.8,3685.3548
WI,55057,2020,JUNEAU,55,45.5,3059.9205
WI,55059,2020,KENOSHA,55,53.4,3591.2034
WI,55061,2020,KEWAUNEE,55,47.7,3207.8727
WI,55063,2020,LA CROSSE,55,51.5,3463.4265
WI,55065,2020,LAFAYETTE,55,66.7,4485.6417
WI,55067,2020,LANGLADE,55,42.1,2831.2671
WI,55069,2020,LINCOLN,55,44.8,3012.8448
WI,55071,2020,MANITOWOC,55,52.7,3544.1277
WI,55073,2020,MARATHON,55,45.3,3046.4703
WI,55075,2020,MARINETTE,55,38.2,2568.9882
WI,55077,2020,MARQUETTE,55,41.8,2811.0918
WI,55079,2020,MILWAUKEE,55,50.7,3409.6257
WI,55081,2020,MONROE,55,44.6,2999.3946
WI,55083,2020,OCONTO,55,45.5,3059.9205
WI,55087,2020,OUTAGAMIE,55,51.8,3483.6018
WI,55089,2020,OZAUKEE,55,50.5,3396.1755
WI,55091,2020,PEPIN,55,49.9,3355.8249
WI,55093,2020,PIERCE,55,56.1,3772.7811
WI,55095,2020,POLK,55,49.0,3295.299
WI,55097,2020,PORTAGE,55,48.0,3228.048
WI,55099,2020,PRICE,55,37.4,2515.1874
WI,55101,2020,RACINE,55,53.5,3597.9285
WI,55103,2020,RICHLAND,55,48.9,3288.5739
WI,55105,2020,ROCK,55,56.9,3826.5819
WI,55107,2020,RUSK,55,42.1,2831.2671
WI,55109,2020,ST CROIX,55,53.4,3591.2034
WI,55111,2020,SAUK,55,51.4,3456.7014
WI,55113,2020,SAWYER,55,45.7,3073.3707
WI,55115,2020,SHAWANO,55,44.7,3006.1197
WI,55117,2020,SHEBOYGAN,55,53.1,3571.0281
WI,55119,2020,TAYLOR,55,49.7,3342.3747
WI,55121,2020,TREMPEALEAU,55,45.3,3046.4703
WI,55123,2020,VERNON,55,50.3,3382.7253
WI,55127,2020,WALWORTH,55,54.7,3678.6297
WI,55129,2020,WASHBURN,55,45.2,3039.7452
WI,55131,2020,WASHINGTON,55,53.4,3591.2034
WI,55133,2020,WAUKESHA,55,47.4,3187.6974
WI,55135,2020,WAUPACA,55,45.8,3080.0958
WI,55137,2020,WAUSHARA,55,44.8,3012.8448
WI,55139,2020,WINNEBAGO,55,48.7,3275.1237
WI,55141,2020,WOOD,55,52.7,3544.1277
WI,55998,2020,OTHER COUNTIES,55,39.2,2636.2392
WI,55001,2021,ADAMS,55,52.6,3537.4026
WI,55005,2021,BARRON,55,52.0,3497.052
WI,55007,2021,BAYFIELD,55,41.6,2797.6416
WI,55009,2021,BROWN,55,49.9,3355.8249
WI,55011,2021,BUFFALO,55,51.1,3436.5261
WI,55013,2021,BURNETT,55,38.2,2568.9882
WI,55015,2021,CALUMET,55,55.8,3752.6058
WI,55017,2021,CHIPPEWA,55,52.2,3510.5022
WI,55019,2021,CLARK,55,50.9,3423.0759
WI,55021,2021,COLUMBIA,55,60.9,4095.5859
WI,55023,2021,CRAWFORD,55,54.8,3685.3548
WI,55025,2021,DANE,55,62.9,4230.0879
WI,55027,2021,DODGE,55,62.9,4230.0879
WI,55029,2021,DOOR,55,50.8,3416.3508
WI,55033,2021,DUNN,55,54.2,3645.0042
WI,55035,2021,EAU CLAIRE,55,53.2,3577.7532
WI,55039,2021,FOND DU LAC,55,59.2,3981.2592
WI,55043,2021,GRANT,55,62.9,4230.0879
WI,55045,2021,GREEN,55,60.0,4035.06
WI,55047,2021,GREEN LAKE,55,56.2,3779.5062
WI,55049,2021,IOWA,55,61.3,4122.4863
WI,55053,2021,JACKSON,55,51.9,3490.3269
WI,55055,2021,JEFFERSON,55,58.0,3900.558
WI,55057,2021,JUNEAU,55,47.7,3207.8727
WI,55059,2021,KENOSHA,55,52.6,3537.4026
WI,55061,2021,KEWAUNEE,55,55.8,3752.6058
WI,55063,2021,LA CROSSE,55,54.5,3665.1795
WI,55065,2021,LAFAYETTE,55,63.5,4270.4385
WI,55067,2021,LANGLADE,55,50.2,3376.0002
WI,55069,2021,LINCOLN,55,41.8,2811.0918
WI,55071,2021,MANITOWOC,55,59.3,3987.9843
WI,55073,2021,MARATHON,55,49.8,3349.0998
WI,55075,2021,MARINETTE,55,48.8,3281.8488
WI,55077,2021,MARQUETTE,55,48.6,3268.3986
WI,55079,2021,MILWAUKEE,55,52.3,3517.2273
WI,55081,2021,MONROE,55,46.9,3154.0719
WI,55083,2021,OCONTO,55,49.9,3355.8249
WI,55087,2021,OUTAGAMIE,55,51.6,3470.1516
WI,55089,2021,OZAUKEE,55,56.9,3826.5819
WI,55091,2021,PEPIN,55,55.6,3739.1556
WI,55093,2021,PIERCE,55,55.8,3752.6058
WI,55095,2021,POLK,55,51.4,3456.7014
WI,55097,2021,PORTAGE,55,51.5,3463.4265
WI,55099,2021,PRICE,55,40.9,2750.5659
WI,55101,2021,RACINE,55,53.0,3564.303
WI,55103,2021,RICHLAND,55,48.3,3248.2233
WI,55105,2021,ROCK,55,56.9,3826.5819
WI,55107,2021,RUSK,55,46.5,3127.1715
WI,55109,2021,ST CROIX,55,52.2,3510.5022
WI,55111,2021,SAUK,55,54.6,3671.9046
WI,55113,2021,SAWYER,55,45.5,3059.9205
WI,55115,2021,SHAWANO,55,53.0,3564.303
WI,55117,2021,SHEBOYGAN,55,53.7,3611.3787
WI,55119,2021,TAYLOR,55,52.9,3557.5779
WI,55121,2021,TREMPEALEAU,55,51.4,3456.7014
WI,55123,2021,VERNON,55,53.9,3624.8289
WI,55127,2021,WALWORTH,55,53.4,3591.2034
WI,55129,2021,WASHBURN,55,46.9,3154.0719
WI,55131,2021,WASHINGTON,55,53.9,3624.8289
WI,55133,2021,WAUKESHA,55,52.5,3530.6775
WI,55135,2021,WAUPACA,55,51.5,3463.4265
WI,55137,2021,WAUSHARA,55,52.5,3530.6775
WI,55139,2021,WINNEBAGO,55,53.4,3591.2034
WI,55141,2021,WOOD,55,50.7,3409.6257
WI,55998,2021,OTHER COUNTIES,55,35.1,2360.5101
WI,55001,2022,ADAMS,55,49.1,3302.0241
WI,55005,2022,BARRON,55,43.2,2905.2432
WI,55007,2022,BAYFIELD,55,30.0,2017.53
WI,55009,2022,BROWN,55,51.1,3436.5261
WI,55011,2022,BUFFALO,55,52.0,3497.052
WI,55013,2022,BURNETT,55,39.3,2642.9643
WI,55015,2022,CALUMET,55,59.7,4014.8847
WI,55017,2022,CHIPPEWA,55,47.1,3167.5221
WI,55019,2022,CLARK,55,53.0,3564.303
WI,55021,2022,COLUMBIA,55,60.6,4075.4106
WI,55023,2022,CRAWFORD,55,55.4,3725.7054
WI,55025,2022,DANE,55,61.0,4102.311
WI,55027,2022,DODGE,55,63.9,4297.3389
WI,55029,2022,DOOR,55,49.1,3302.0241
WI,55033,2022,DUNN,55,45.6,3066.6456
WI,55035,2022,EAU CLAIRE,55,42.4,2851.4424
WI,55039,2022,FOND DU LAC,55,56.8,3819.8568
WI,55041,2022,FOREST,55,32.3,2172.2073
WI,55043,2022,GRANT,55,65.2,4384.7652
WI,55045,2022,GREEN,55,64.8,4357.8648
WI,55047,2022,GREEN LAKE,55,54.2,3645.0042
WI,55049,2022,IOWA,55,62.2,4183.0122
WI,55053,2022,JACKSON,55,47.7,3207.8727
WI,55055,2022,JEFFERSON,55,59.5,4001.4345
WI,55057,2022,JUNEAU,55,46.5,3127.1715
WI,55059,2022,KENOSHA,55,55.6,3739.1556
WI,55061,2022,KEWAUNEE,55,52.6,3537.4026
WI,55063,2022,LA CROSSE,55,53.9,3624.8289
WI,55065,2022,LAFAYETTE,55,67.6,4546.1676
WI,55067,2022,LANGLADE,55,46.4,3120.4464
WI,55069,2022,LINCOLN,55,40.1,2696.7651
WI,55071,2022,MANITOWOC,55,57.8,3887.1078
WI,55073,2022,MARATHON,55,47.1,3167.5221
WI,55075,2022,MARINETTE,55,38.8,2609.3388
WI,55077,2022,MARQUETTE,55,43.3,2911.9683
WI,55079,2022,MILWAUKEE,55,59.4,3994.7094
WI,55081,2022,MONROE,55,49.0,3295.299
WI,55083,2022,OCONTO,55,46.4,3120.4464
WI,55087,2022,OUTAGAMIE,55,51.5,3463.4265
WI,55089,2022,OZAUKEE,55,57.5,3866.9325
WI,55091,2022,PEPIN,55,51.8,3483.6018
WI,55093,2022,PIERCE,55,54.4,3658.4544
WI,55095,2022,POLK,55,44.3,2979.2193
WI,55097,2022,PORTAGE,55,42.2,2837.9922
WI,55099,2022,PRICE,55,40.7,2737.1157
WI,55101,2022,RACINE,55,54.6,3671.9046
WI,55105,2022,ROCK,55,61.9,4162.8369
WI,55107,2022,RUSK,55,41.4,2784.1914
WI,55109,2022,ST CROIX,55,47.3,3180.9723
WI,55111,2022,SAUK,55,57.3,3853.4823
WI,55113,2022,SAWYER,55,41.7,2804.3667
WI,55115,2022,SHAWANO,55,52.1,3503.7771
WI,55117,2022,SHEBOYGAN,55,54.1,3638.2791
WI,55119,2022,TAYLOR,55,41.4,2784.1914
WI,55121,2022,TREMPEALEAU,55,49.3,3315.4743
WI,55123,2022,VERNON,55,53.2,3577.7532
WI,55127,2022,WALWORTH,55,60.1,4041.7851
WI,55129,2022,WASHBURN,55,41.1,2764.0161
WI,55131,2022,WASHINGTON,55,53.3,3584.4783
WI,55133,2022,WAUKESHA,55,52.7,3544.1277
WI,55135,2022,WAUPACA,55,49.5,3328.9245
WI,55139,2022,WINNEBAGO,55,53.0,3564.303
WI,55141,2022,WOOD,55,48.0,3228.048
WI,55998,2022,OTHER COUNTIES,55,48.4,3254.9484
WI,55001,2023,ADAMS,55,44.2,2972.4942
WI,55005,2023,BARRON,55,41.6,2797.6416
WI,55009,2023,BROWN,55,51.5,3463.4265
WI,55011,2023,BUFFALO,55,49.5,3328.9245
WI,55013,2023,BURNETT,55,35.0,2353.785
WI,55015,2023,CALUMET,55,52.5,3530.6775
WI,55019,2023,CLARK,55,46.7,3140.6217
WI,55021,2023,COLUMBIA,55,58.9,3961.0839
WI,55023,2023,CRAWFORD,55,43.1,2898.5181
WI,55025,2023,DANE,55,58.2,3914.0082
WI,55027,2023,DODGE,55,60.1,4041.7851
WI,55029,2023,DOOR,55,42.3,2844.7173
WI,55033,2023,DUNN,55,45.1,3033.0201
WI,55035,2023,EAU CLAIRE,55,45.7,3073.3707
WI,55039,2023,FOND DU LAC,55,58.9,3961.0839
WI,55041,2023,FOREST,55,28.8,1936.8288
WI,55043,2023,GRANT,55,64.7,4351.1397
WI,55045,2023,GREEN,55,53.3,3584.4783
WI,55047,2023,GREEN LAKE,55,52.5,3530.6775
WI,55049,2023,IOWA,55,56.4,3792.9564
WI,55053,2023,JACKSON,55,43.1,2898.5181
WI,55055,2023,JEFFERSON,55,53.5,3597.9285
WI,55057,2023,JUNEAU,55,38.5,2589.1635
WI,55059,2023,KENOSHA,55,55.3,3718.9803
WI,55061,2023,KEWAUNEE,55,52.2,3510.5022
WI,55063,2023,LA CROSSE,55,44.0,2959.044
WI,55065,2023,LAFAYETTE,55,63.2,4250.2632
WI,55067,2023,LANGLADE,55,39.3,2642.9643
WI,55069,2023,LINCOLN,55,39.4,2649.6894
WI,55071,2023,MANITOWOC,55,55.4,3725.7054
WI,55073,2023,MARATHON,55,45.0,3026.295
WI,55075,2023,MARINETTE,55,47.1,3167.5221
WI,55077,2023,MARQUETTE,55,42.5,2858.1675
WI,55079,2023,MILWAUKEE,55,57.7,3880.3827
WI,55083,2023,OCONTO,55,47.5,3194.4225
WI,55087,2023,OUTAGAMIE,55,48.1,3234.7731
WI,55089,2023,OZAUKEE,55,55.7,3745.8807
WI,55091,2023,PEPIN,55,54.3,3651.7293
WI,55093,2023,PIERCE,55,53.9,3624.8289
WI,55095,2023,POLK,55,40.8,2743.8408
WI,55097,2023,PORTAGE,55,45.2,3039.7452
WI,55099,2023,PRICE,55,37.0,2488.287
WI,55101,2023,RACINE,55,54.6,3671.9046
WI,55103,2023,RICHLAND,55,45.3,3046.4703
WI,55105,2023,ROCK,55,54.0,3631.554
WI,55107,2023,RUSK,55,43.8,2945.5938
WI,55109,2023,ST CROIX,55,51.6,3470.1516
WI,55111,2023,SAUK,55,46.5,3127.1715
WI,55113,2023,SAWYER,55,41.7,2804.3667
WI,55115,2023,SHAWANO,55,49.2,3308.7492
WI,55117,2023,SHEBOYGAN,55,56.8,3819.8568
WI,55119,2023,TAYLOR,55,45.8,3080.0958
WI,55121,2023,TREMPEALEAU,55,44.2,2972.4942
WI,55123,2023,VERNON,55,40.4,2716.9404
WI,55129,2023,WASHBURN,55,33.7,2266.3587
WI,55131,2023,WASHINGTON,55,52.1,3503.7771
WI,55133,2023,WAUKESHA,55,48.0,3228.048
WI,55135,2023,WAUPACA,55,47.6,3201.1476
WI,55137,2023,WAUSHARA,55,42.0,2824.542
WI,55139,2023,WINNEBAGO,55,55.7,3745.8807
WI,55141,2023,WOOD,55,43.3,2911.9683
WI,55998,2023,OTHER COUNTIES,55,49.9,3355.8249
WI,55001,2024,ADAMS,55,47.8,3214.5978
WI,55003,2024,ASHLAND,55,34.9,2347.0599
WI,55005,2024,BARRON,55,41.4,2784.1914
WI,55007,2024,BAYFIELD,55,29.1,1957.0041
WI,55009,2024,BROWN,55,43.8,2945.5938
WI,55011,2024,BUFFALO,55,46.4,3120.4464
WI,55013,2024,BURNETT,55,31.7,2131.8567
WI,55015,2024,CALUMET,55,52.2,3510.5022
WI,55017,2024,CHIPPEWA,55,43.1,2898.5181
WI,55019,2024,CLARK,55,39.4,2649.6894
WI,55021,2024,COLUMBIA,55,58.0,3900.558
WI,55023,2024,CRAWFORD,55,46.8,3147.3468
WI,55025,2024,DANE,55,54.2,3645.0042
WI,55027,2024,DODGE,55,55.7,3745.8807
WI,55029,2024,DOOR,55,32.2,2165.4822
WI,55033,2024,DUNN,55,42.8,2878.3428
WI,55035,2024,EAU CLAIRE,55,42.7,2871.6177
WI,55039,2024,FOND DU LAC,55,52.4,3523.9524
WI,55043,2024,GRANT,55,58.8,3954.3588
WI,55047,2024,GREEN LAKE,55,50.1,3369.2751
WI,55049,2024,IOWA,55,58.5,3934.1835
WI,55053,2024,JACKSON,55,41.2,2770.7412
WI,55055,2024,JEFFERSON,55,49.6,3335.6496
WI,55057,2024,JUNEAU,55,36.7,2468.1117
WI,55059,2024,KENOSHA,55,47.7,3207.8727
WI,55061,2024,KEWAUNEE,55,44.9,3019.5699
WI,55065,2024,LAFAYETTE,55,58.5,3934.1835
WI,55067,2024,LANGLADE,55,37.1,2495.0121
WI,55069,2024,LINCOLN,55,33.5,2252.9085
WI,55071,2024,MANITOWOC,55,50.2,3376.0002
WI,55073,2024,MARATHON,55,35.8,2407.5858
WI,55075,2024,MARINETTE,55,36.0,2421.036
WI,55077,2024,MARQUETTE,55,31.6,2125.1316
WI,55083,2024,OCONTO,55,43.1,2898.5181
WI,55087,2024,OUTAGAMIE,55,49.4,3322.1994
WI,55089,2024,OZAUKEE,55,44.4,2985.9444
WI,55091,2024,PEPIN,55,52.5,3530.6775
WI,55093,2024,PIERCE,55,49.6,3335.6496
WI,55095,2024,POLK,55,41.8,2811.0918
WI,55097,2024,PORTAGE,55,45.4,3053.1954
WI,55099,2024,PRICE,55,32.7,2199.1077
WI,55101,2024,RACINE,55,45.9,3086.8209
WI,55103,2024,RICHLAND,55,45.0,3026.295
WI,55105,2024,ROCK,55,56.3,3786.2313
WI,55107,2024,RUSK,55,36.2,2434.4862
WI,55109,2024,ST CROIX,55,49.9,3355.8249
WI,55111,2024,SAUK,55,47.2,3174.2472
WI,55113,2024,SAWYER,55,36.0,2421.036
WI,55117,2024,SHEBOYGAN,55,42.4,2851.4424
WI,55119,2024,TAYLOR,55,34.4,2313.4344
WI,55121,2024,TREMPEALEAU,55,45.9,3086.8209
WI,55127,2024,WALWORTH,55,52.1,3503.7771
WI,55129,2024,WASHBURN,55,35.1,2360.5101
WI,55131,2024,WASHINGTON,55,44.9,3019.5699
WI,55133,2024,WAUKESHA,55,47.7,3207.8727
WI,55139,2024,WINNEBAGO,55,46.0,3093.546
WI,55141,2024,WOOD,55,34.0,2286.534
WI,55998,2024,OTHER COUNTIES,55,48.2,3241.4982
MI,26005,2014,ALLEGAN,26,42.3,2844.7173
MI,26009,2014,ANTRIM,26,45.8,3080.0958
MI,26015,2014,BARRY,26,42.6,2864.8926
MI,26021,2014,BERRIEN,26,42.4,2851.4424
MI,26023,2014,BRANCH,26,42.1,2831.2671
MI,26025,2014,CALHOUN,26,39.0,2622.789
MI,26027,2014,CASS,26,51.4,3456.7014
MI,26035,2014,CLARE,26,36.6,2461.3866
MI,26037,2014,CLINTON,26,44.4,2985.9444
MI,26045,2014,EATON,26,44.6,2999.3946
MI,26049,2014,GENESEE,26,36.6,2461.3866
MI,26051,2014,GLADWIN,26,39.9,2683.3149
MI,26057,2014,GRATIOT,26,41.9,2817.8169
MI,26059,2014,HILLSDALE,26,38.9,2616.0639
MI,26063,2014,HURON,26,38.5,2589.1635
MI,26065,2014,INGHAM,26,49.1,3302.0241
MI,26067,2014,IONIA,26,44.7,3006.1197
MI,26069,2014,IOSCO,26,31.9,2145.3069
MI,26073,2014,ISABELLA,26,40.4,2716.9404
MI,26075,2014,JACKSON,26,41.1,2764.0161
MI,26077,2014,KALAMAZOO,26,46.7,3140.6217
MI,26081,2014,KENT,26,40.6,2730.3906
MI,26087,2014,LAPEER,26,36.0,2421.036
MI,26091,2014,LENAWEE,26,48.1,3234.7731
MI,26093,2014,LIVINGSTON,26,43.7,2938.8687
MI,26099,2014,MACOMB,26,39.9,2683.3149
MI,26105,2014,MASON,26,33.5,2252.9085
MI,26107,2014,MECOSTA,26,34.2,2299.9842
MI,26111,2014,MIDLAND,26,45.2,3039.7452
MI,26115,2014,MONROE,26,48.2,3241.4982
MI,26117,2014,MONTCALM,26,35.6,2394.1356
MI,26119,2014,MONTMORENCY,26,24.8,1667.8248
MI,26121,2014,MUSKEGON,26,39.5,2656.4145
MI,26123,2014,NEWAYGO,26,31.9,2145.3069
MI,26125,2014,OAKLAND,26,40.0,2690.04
MI,26129,2014,OGEMAW,26,31.8,2138.5818
MI,26133,2014,OSCEOLA,26,29.5,1983.9045
MI,26137,2014,OTSEGO,26,24.6,1654.3746
MI,26139,2014,OTTAWA,26,45.5,3059.9205
MI,26141,2014,PRESQUE ISLE,26,36.6,2461.3866
MI,26145,2014,SAGINAW,26,43.2,2905.2432
MI,26147,2014,ST CLAIR,26,39.1,2629.5141
MI,26149,2014,ST JOSEPH,26,45.4,3053.1954
MI,26151,2014,SANILAC,26,40.9,2750.5659
MI,26155,2014,SHIAWASSEE,26,45.1,3033.0201
MI,26157,2014,TUSCOLA,26,42.0,2824.542
MI,26159,2014,VAN BUREN,26,40.6,2730.3906
MI,26161,2014,WASHTENAW,26,44.2,2972.4942
MI,26163,2014,WAYNE,26,36.6,2461.3866
MI,26998,2014,OTHER (COMBINED) COUNTIES,26,32.86,2209.86786
MI,26005,2015,ALLEGAN,26,45.9,3086.8209
MI,26011,2015,ARENAC,26,45.1,3033.0201
MI,26015,2015,BARRY,26,45.9,3086.8209
MI,26017,2015,BAY,26,54.2,3645.0042
MI,26023,2015,BRANCH,26,46.7,3140.6217
MI,26025,2015,CALHOUN,26,44.5,2992.6695
MI,26027,2015,CASS,26,50.1,3369.2751
MI,26037,2015,CLINTON,26,52.3,3517.2273
MI,26045,2015,EATON,26,48.6,3268.3986
MI,26049,2015,GENESEE,26,46.0,3093.546
MI,26051,2015,GLADWIN,26,45.4,3053.1954
MI,26057,2015,GRATIOT,26,53.0,3564.303
MI,26059,2015,HILLSDALE,26,46.8,3147.3468
MI,26063,2015,HURON,26,52.6,3537.4026
MI,26065,2015,INGHAM,26,50.1,3369.2751
MI,26067,2015,IONIA,26,52.7,3544.1277
MI,26073,2015,ISABELLA,26,45.4,3053.1954
MI,26075,2015,JACKSON,26,44.1,2965.7691
MI,26077,2015,KALAMAZOO,26,52.5,3530.6775
MI,26081,2015,KENT,26,49.8,3349.0998
MI,26087,2015,LAPEER,26,50.2,3376.0002
MI,26091,2015,LENAWEE,26,48.7,3275.1237
MI,26093,2015,LIVINGSTON,26,47.6,3201.1476
MI,26099,2015,MACOMB,26,43.3,2911.9683
MI,26105,2015,MASON,26,47.2,3174.2472
MI,26107,2015,MECOSTA,26,38.3,2575.7133
MI,26111,2015,MIDLAND,26,49.1,3302.0241
MI,26115,2015,MONROE,26,46.6,3133.8966
MI,26117,2015,MONTCALM,26,44.4,2985.9444
MI,26121,2015,MUSKEGON,26,44.5,2992.6695
MI,26123,2015,NEWAYGO,26,41.1,2764.0161
MI,26125,2015,OAKLAND,26,46.0,3093.546
MI,26145,2015,SAGINAW,26,52.1,3503.7771
MI,26147,2015,ST CLAIR,26,45.9,3086.8209
MI,26149,2015,ST JOSEPH,26,53.3,3584.4783
MI,26151,2015,SANILAC,26,52.5,3530.6775
MI,26155,2015,SHIAWASSEE,26,52.3,3517.2273
MI,26157,2015,TUSCOLA,26,55.2,3712.2552
MI,26161,2015,WASHTENAW,26,44.8,3012.8448
MI,26163,2015,WAYNE,26,43.7,2938.8687
MI,26998,2015,OTHER (COMBINED) COUNTIES,26,42.73333333333333,2873.8594
MI,26005,2016,ALLEGAN,26,54.5,3665.1795
MI,26011,2016,ARENAC,26,45.4,3053.1954
MI,26015,2016,BARRY,26,48.9,3288.5739
MI,26017,2016,BAY,26,54.0,3631.554
MI,26023,2016,BRANCH,26,47.8,3214.5978
MI,26025,2016,CALHOUN,26,50.2,3376.0002
MI,26027,2016,CASS,26,50.7,3409.6257
MI,26035,2016,CLARE,26,43.7,2938.8687
MI,26037,2016,CLINTON,26,54.2,3645.0042
MI,26045,2016,EATON,26,49.6,3335.6496
MI,26049,2016,GENESEE,26,41.8,2811.0918
MI,26051,2016,GLADWIN,26,46.5,3127.1715
MI,26057,2016,GRATIOT,26,54.1,3638.2791
MI,26059,2016,HILLSDALE,26,51.2,3443.2512
MI,26063,2016,HURON,26,51.9,3490.3269
MI,26065,2016,INGHAM,26,51.8,3483.6018
MI,26067,2016,IONIA,26,54.8,3685.3548
MI,26073,2016,ISABELLA,26,52.5,3530.6775
MI,26075,2016,JACKSON,26,45.4,3053.1954
MI,26077,2016,KALAMAZOO,26,56.8,3819.8568
MI,26081,2016,KENT,26,55.6,3739.1556
MI,26087,2016,LAPEER,26,48.0,3228.048
MI,26091,2016,LENAWEE,26,48.9,3288.5739
MI,26093,2016,LIVINGSTON,26,51.9,3490.3269
MI,26099,2016,MACOMB,26,49.7,3342.3747
MI,26105,2016,MASON,26,49.9,3355.8249
MI,26107,2016,MECOSTA,26,42.8,2878.3428
MI,26111,2016,MIDLAND,26,50.2,3376.0002
MI,26115,2016,MONROE,26,52.7,3544.1277
MI,26117,2016,MONTCALM,26,51.8,3483.6018
MI,26121,2016,MUSKEGON,26,51.8,3483.6018
MI,26123,2016,NEWAYGO,26,43.5,2925.4185
MI,26125,2016,OAKLAND,26,47.2,3174.2472
MI,26133,2016,OSCEOLA,26,43.0,2891.793
MI,26139,2016,OTTAWA,26,55.6,3739.1556
MI,26145,2016,SAGINAW,26,51.6,3470.1516
MI,26147,2016,ST CLAIR,26,48.8,3281.8488
MI,26149,2016,ST JOSEPH,26,50.0,3362.55
MI,26151,2016,SANILAC,26,53.6,3604.6536
MI,26155,2016,SHIAWASSEE,26,47.3,3180.9723
MI,26157,2016,TUSCOLA,26,52.8,3550.8528
MI,26161,2016,WASHTENAW,26,47.8,3214.5978
MI,26163,2016,WAYNE,26,30.0,2017.53
MI,26998,2016,OTHER (COMBINED) COUNTIES,26,42.666666666666664,2869.376
MI,26005,2017,ALLEGAN,26,47.8,3214.5978
MI,26011,2017,ARENAC,26,43.7,2938.8687
MI,26015,2017,BARRY,26,46.4,3120.4464
MI,26017,2017,BAY,26,45.7,3073.3707
MI,26021,2017,BERRIEN,26,44.2,2972.4942
MI,26023,2017,BRANCH,26,41.2,2770.7412
MI,26025,2017,CALHOUN,26,35.2,2367.2352
MI,26027,2017,CASS,26,46.7,3140.6217
MI,26035,2017,CLARE,26,38.2,2568.9882
MI,26037,2017,CLINTON,26,40.4,2716.9404
MI,26045,2017,EATON,26,41.1,2764.0161
MI,26049,2017,GENESEE,26,34.8,2340.3348
MI,26051,2017,GLADWIN,26,43.9,2952.3189
MI,26057,2017,GRATIOT,26,42.5,2858.1675
MI,26059,2017,HILLSDALE,26,40.7,2737.1157
MI,26063,2017,HURON,26,52.3,3517.2273
MI,26065,2017,INGHAM,26,41.4,2784.1914
MI,26067,2017,IONIA,26,42.9,2885.0679
MI,26073,2017,ISABELLA,26,42.2,2837.9922
MI,26075,2017,JACKSON,26,33.8,2273.0838
MI,26077,2017,KALAMAZOO,26,47.8,3214.5978
MI,26087,2017,LAPEER,26,41.3,2777.4663
MI,26091,2017,LENAWEE,26,46.3,3113.7213
MI,26093,2017,LIVINGSTON,26,42.3,2844.7173
MI,26099,2017,MACOMB,26,40.4,2716.9404
MI,26105,2017,MASON,26,46.8,3147.3468
MI,26107,2017,MECOSTA,26,33.1,2226.0081
MI,26111,2017,MIDLAND,26,43.1,2898.5181
MI,26115,2017,MONROE,26,45.2,3039.7452
MI,26117,2017,MONTCALM,26,32.5,2185.6575
MI,26119,2017,MONTMORENCY,26,41.8,2811.0918
MI,26123,2017,NEWAYGO,26,32.3,2172.2073
MI,26125,2017,OAKLAND,26,32.6,2192.3826
MI,26127,2017,OCEANA,26,43.7,2938.8687
MI,26129,2017,OGEMAW,26,47.8,3214.5978
MI,26133,2017,OSCEOLA,26,34.6,2326.8846
MI,26137,2017,OTSEGO,26,27.5,1849.4025
MI,26139,2017,OTTAWA,26,48.3,3248.2233
MI,26145,2017,SAGINAW,26,43.4,2918.6934
MI,26147,2017,ST CLAIR,26,40.6,2730.3906
MI,26149,2017,ST JOSEPH,26,46.1,3100.2711
MI,26151,2017,SANILAC,26,46.1,3100.2711
MI,26155,2017,SHIAWASSEE,26,38.7,2602.6137
MI,26157,2017,TUSCOLA,26,47.5,3194.4225
MI,26161,2017,WASHTENAW,26,38.6,2595.8886
MI,26163,2017,WAYNE,26,25.8,1735.0758
MI,26998,2017,OTHER (COMBINED) COUNTIES,26,39.73333333333333,2672.1064
MI,26005,2018,ALLEGAN,26,46.2,3106.9962
MI,26011,2018,ARENAC,26,45.9,3086.8209
MI,26015,2018,BARRY,26,46.3,3113.7213
MI,26017,2018,BAY,26,56.3,3786.2313
MI,26021,2018,BERRIEN,26,47.1,3167.5221
MI,26023,2018,BRANCH,26,49.5,3328.9245
MI,26025,2018,CALHOUN,26,44.5,2992.6695
MI,26027,2018,CASS,26,49.0,3295.299
MI,26037,2018,CLINTON,26,41.4,2784.1914
MI,26045,2018,EATON,26,47.6,3201.1476
MI,26049,2018,GENESEE,26,43.8,2945.5938
MI,26055,2018,GRAND TRAVERSE,26,41.4,2784.1914
MI,26057,2018,GRATIOT,26,51.2,3443.2512
MI,26059,2018,HILLSDALE,26,45.7,3073.3707
MI,26063,2018,HURON,26,56.6,3806.4066
MI,26065,2018,INGHAM,26,50.3,3382.7253
MI,26067,2018,IONIA,26,50.5,3396.1755
MI,26073,2018,ISABELLA,26,39.3,2642.9643
MI,26075,2018,JACKSON,26,38.3,2575.7133
MI,26077,2018,KALAMAZOO,26,49.0,3295.299
MI,26087,2018,LAPEER,26,44.3,2979.2193
MI,26091,2018,LENAWEE,26,51.1,3436.5261
MI,26093,2018,LIVINGSTON,26,47.3,3180.9723
MI,26099,2018,MACOMB,26,47.2,3174.2472
MI,26105,2018,MASON,26,45.1,3033.0201
MI,26107,2018,MECOSTA,26,39.3,2642.9643
MI,26111,2018,MIDLAND,26,50.5,3396.1755
MI,26115,2018,MONROE,26,44.7,3006.1197
MI,26117,2018,MONTCALM,26,38.5,2589.1635
MI,26121,2018,MUSKEGON,26,42.1,2831.2671
MI,26123,2018,NEWAYGO,26,39.0,2622.789
MI,26125,2018,OAKLAND,26,43.0,2891.793
MI,26139,2018,OTTAWA,26,49.1,3302.0241
MI,26145,2018,SAGINAW,26,50.4,3389.4504
MI,26147,2018,ST CLAIR,26,44.5,2992.6695
MI,26149,2018,ST JOSEPH,26,52.0,3497.052
MI,26151,2018,SANILAC,26,52.4,3523.9524
MI,26155,2018,SHIAWASSEE,26,47.1,3167.5221
MI,26157,2018,TUSCOLA,26,49.6,3335.6496
MI,26161,2018,WASHTENAW,26,42.7,2871.6177
MI,26163,2018,WAYNE,26,39.1,2629.5141
MI,26998,2018,OTHER (COMBINED) COUNTIES,26,41.225,2772.422475
MI,26001,2019,ALCONA,26,35.0,2353.785
MI,26005,2019,ALLEGAN,26,40.8,2743.8408
MI,26007,2019,ALPENA,26,31.4,2111.6814
MI,26023,2019,BRANCH,26,48.2,3241.4982
MI,26025,2019,CALHOUN,26,35.8,2407.5858
MI,26027,2019,CASS,26,45.9,3086.8209
MI,26037,2019,CLINTON,26,38.7,2602.6137
MI,26045,2019,EATON,26,33.9,2279.8089
MI,26049,2019,GENESEE,26,30.8,2071.3308
MI,26059,2019,HILLSDALE,26,41.3,2777.4663
MI,26063,2019,HURON,26,43.5,2925.4185
MI,26065,2019,INGHAM,26,39.3,2642.9643
MI,26067,2019,IONIA,26,45.7,3073.3707
MI,26069,2019,IOSCO,26,41.2,2770.7412
MI,26073,2019,ISABELLA,26,41.8,2811.0918
MI,26075,2019,JACKSON,26,39.5,2656.4145
MI,26077,2019,KALAMAZOO,26,45.9,3086.8209
MI,26081,2019,KENT,26,44.4,2985.9444
MI,26087,2019,LAPEER,26,33.5,2252.9085
MI,26091,2019,LENAWEE,26,45.6,3066.6456
MI,26099,2019,MACOMB,26,37.7,2535.3627
MI,26105,2019,MASON,26,41.7,2804.3667
MI,26107,2019,MECOSTA,26,34.4,2313.4344
MI,26111,2019,MIDLAND,26,39.3,2642.9643
MI,26115,2019,MONROE,26,48.6,3268.3986
MI,26117,2019,MONTCALM,26,35.0,2353.785
MI,26119,2019,MONTMORENCY,26,30.3,2037.7053
MI,26121,2019,MUSKEGON,26,39.8,2676.5898
MI,26123,2019,NEWAYGO,26,35.6,2394.1356
MI,26125,2019,OAKLAND,26,34.4,2313.4344
MI,26129,2019,OGEMAW,26,43.4,2918.6934
MI,26133,2019,OSCEOLA,26,45.0,3026.295
MI,26139,2019,OTTAWA,26,42.1,2831.2671
MI,26141,2019,PRESQUE ISLE,26,27.0,1815.777
MI,26145,2019,SAGINAW,26,41.1,2764.0161
MI,26147,2019,ST CLAIR,26,35.0,2353.785
MI,26151,2019,SANILAC,26,39.8,2676.5898
MI,26155,2019,SHIAWASSEE,26,34.6,2326.8846
MI,26157,2019,TUSCOLA,26,42.9,2885.0679
MI,26161,2019,WASHTENAW,26,42.7,2871.6177
MI,26998,2019,OTHER (COMBINED) COUNTIES,26,38.98571428571428,2621.828271428571
MI,26001,2020,ALCONA,26,44.0,2959.044
MI,26005,2020,ALLEGAN,26,44.4,2985.9444
MI,26007,2020,ALPENA,26,42.6,2864.8926
MI,26011,2020,ARENAC,26,43.3,2911.9683
MI,26015,2020,BARRY,26,46.4,3120.4464
MI,26017,2020,BAY,26,50.0,3362.55
MI,26021,2020,BERRIEN,26,47.3,3180.9723
MI,26023,2020,BRANCH,26,47.1,3167.5221
MI,26025,2020,CALHOUN,26,43.1,2898.5181
MI,26027,2020,CASS,26,47.2,3174.2472
MI,26037,2020,CLINTON,26,45.8,3080.0958
MI,26045,2020,EATON,26,46.4,3120.4464
MI,26049,2020,GENESEE,26,44.8,3012.8448
MI,26051,2020,GLADWIN,26,47.4,3187.6974
MI,26059,2020,HILLSDALE,26,49.7,3342.3747
MI,26063,2020,HURON,26,58.9,3961.0839
MI,26065,2020,INGHAM,26,45.7,3073.3707
MI,26067,2020,IONIA,26,47.2,3174.2472
MI,26069,2020,IOSCO,26,37.0,2488.287
MI,26073,2020,ISABELLA,26,48.8,3281.8488
MI,26075,2020,JACKSON,26,41.2,2770.7412
MI,26077,2020,KALAMAZOO,26,49.9,3355.8249
MI,26081,2020,KENT,26,48.1,3234.7731
MI,26087,2020,LAPEER,26,49.2,3308.7492
MI,26091,2020,LENAWEE,26,47.6,3201.1476
MI,26093,2020,LIVINGSTON,26,48.2,3241.4982
MI,26099,2020,MACOMB,26,47.5,3194.4225
MI,26105,2020,MASON,26,43.6,2932.1436
MI,26107,2020,MECOSTA,26,42.6,2864.8926
MI,26111,2020,MIDLAND,26,46.6,3133.8966
MI,26115,2020,MONROE,26,42.5,2858.1675
MI,26117,2020,MONTCALM,26,47.1,3167.5221
MI,26119,2020,MONTMORENCY,26,44.5,2992.6695
MI,26121,2020,MUSKEGON,26,42.5,2858.1675
MI,26123,2020,NEWAYGO,26,42.8,2878.3428
MI,26125,2020,OAKLAND,26,37.6,2528.6376
MI,26127,2020,OCEANA,26,38.9,2616.0639
MI,26129,2020,OGEMAW,26,45.9,3086.8209
MI,26139,2020,OTTAWA,26,45.8,3080.0958
MI,26141,2020,PRESQUE ISLE,26,37.4,2515.1874
MI,26145,2020,SAGINAW,26,51.8,3483.6018
MI,26147,2020,ST CLAIR,26,48.1,3234.7731
MI,26149,2020,ST JOSEPH,26,53.9,3624.8289
MI,26151,2020,SANILAC,26,53.7,3611.3787
MI,26155,2020,SHIAWASSEE,26,50.5,3396.1755
MI,26157,2020,TUSCOLA,26,52.1,3503.7771
MI,26159,2020,VAN BUREN,26,47.6,3201.1476
MI,26161,2020,WASHTENAW,26,41.7,2804.3667
MI,26163,2020,WAYNE,26,38.7,2602.6137
MI,26998,2020,OTHER COUNTIES,26,49.6,3335.6496
MI,26001,2021,ALCONA,26,47.5,3194.4225
MI,26007,2021,ALPENA,26,42.5,2858.1675
MI,26011,2021,ARENAC,26,48.1,3234.7731
MI,26015,2021,BARRY,26,50.9,3423.0759
MI,26017,2021,BAY,26,51.5,3463.4265
MI,26021,2021,BERRIEN,26,50.7,3409.6257
MI,26025,2021,CALHOUN,26,46.0,3093.546
MI,26027,2021,CASS,26,55.1,3705.5301
MI,26037,2021,CLINTON,26,55.6,3739.1556
MI,26045,2021,EATON,26,54.6,3671.9046
MI,26049,2021,GENESEE,26,43.4,2918.6934
MI,26055,2021,GRAND TRAVERSE,26,40.9,2750.5659
MI,26057,2021,GRATIOT,26,50.5,3396.1755
MI,26059,2021,HILLSDALE,26,49.9,3355.8249
MI,26063,2021,HURON,26,57.2,3846.7572
MI,26065,2021,INGHAM,26,52.7,3544.1277
MI,26067,2021,IONIA,26,56.5,3799.6815
MI,26069,2021,IOSCO,26,57.1,3840.0321
MI,26073,2021,ISABELLA,26,50.4,3389.4504
MI,26075,2021,JACKSON,26,49.1,3302.0241
MI,26077,2021,KALAMAZOO,26,53.1,3571.0281
MI,26081,2021,KENT,26,59.3,3987.9843
MI,26087,2021,LAPEER,26,46.9,3154.0719
MI,26091,2021,LENAWEE,26,50.8,3416.3508
MI,26093,2021,LIVINGSTON,26,50.3,3382.7253
MI,26099,2021,MACOMB,26,45.0,3026.295
MI,26105,2021,MASON,26,47.9,3221.3229
MI,26111,2021,MIDLAND,26,49.2,3308.7492
MI,26115,2021,MONROE,26,51.8,3483.6018
MI,26117,2021,MONTCALM,26,50.7,3409.6257
MI,26119,2021,MONTMORENCY,26,48.3,3248.2233
MI,26121,2021,MUSKEGON,26,44.1,2965.7691
MI,26123,2021,NEWAYGO,26,46.9,3154.0719
MI,26125,2021,OAKLAND,26,45.0,3026.295
MI,26127,2021,OCEANA,26,48.6,3268.3986
MI,26129,2021,OGEMAW,26,45.7,3073.3707
MI,26137,2021,OTSEGO,26,45.8,3080.0958
MI,26139,2021,OTTAWA,26,47.2,3174.2472
MI,26141,2021,PRESQUE ISLE,26,36.9,2481.5619
MI,26145,2021,SAGINAW,26,50.0,3362.55
MI,26147,2021,ST CLAIR,26,43.8,2945.5938
MI,26151,2021,SANILAC,26,55.3,3718.9803
MI,26155,2021,SHIAWASSEE,26,50.9,3423.0759
MI,26157,2021,TUSCOLA,26,57.0,3833.307
MI,26159,2021,VAN BUREN,26,51.5,3463.4265
MI,26161,2021,WASHTENAW,26,52.8,3550.8528
MI,26163,2021,WAYNE,26,42.7,2871.6177
MI,26998,2021,OTHER COUNTIES,26,48.9,3288.5739
MI,26001,2022,ALCONA,26,43.0,2891.793
MI,26005,2022,ALLEGAN,26,49.4,3322.1994
MI,26007,2022,ALPENA,26,38.5,2589.1635
MI,26011,2022,ARENAC,26,39.5,2656.4145
MI,26015,2022,BARRY,26,52.7,3544.1277
MI,26017,2022,BAY,26,47.4,3187.6974
MI,26021,2022,BERRIEN,26,43.3,2911.9683
MI,26023,2022,BRANCH,26,52.3,3517.2273
MI,26025,2022,CALHOUN,26,48.9,3288.5739
MI,26027,2022,CASS,26,49.7,3342.3747
MI,26037,2022,CLINTON,26,46.1,3100.2711
MI,26045,2022,EATON,26,53.3,3584.4783
MI,26049,2022,GENESEE,26,32.4,2178.9324
MI,26051,2022,GLADWIN,26,44.2,2972.4942
MI,26055,2022,GRAND TRAVERSE,26,34.8,2340.3348
MI,26057,2022,GRATIOT,26,52.9,3557.5779
MI,26059,2022,HILLSDALE,26,52.0,3497.052
MI,26063,2022,HURON,26,44.6,2999.3946
MI,26065,2022,INGHAM,26,45.5,3059.9205
MI,26067,2022,IONIA,26,55.2,3712.2552
MI,26073,2022,ISABELLA,26,44.4,2985.9444
MI,26075,2022,JACKSON,26,45.1,3033.0201
MI,26077,2022,KALAMAZOO,26,50.5,3396.1755
MI,26081,2022,KENT,26,51.8,3483.6018
MI,26087,2022,LAPEER,26,39.4,2649.6894
MI,26091,2022,LENAWEE,26,51.9,3490.3269
MI,26093,2022,LIVINGSTON,26,37.2,2501.7372
MI,26099,2022,MACOMB,26,38.7,2602.6137
MI,26105,2022,MASON,26,52.9,3557.5779
MI,26107,2022,MECOSTA,26,42.1,2831.2671
MI,26109,2022,MENOMINEE,26,33.9,2279.8089
MI,26111,2022,MIDLAND,26,50.4,3389.4504
MI,26115,2022,MONROE,26,39.3,2642.9643
MI,26117,2022,MONTCALM,26,48.1,3234.7731
MI,26119,2022,MONTMORENCY,26,39.8,2676.5898
MI,26121,2022,MUSKEGON,26,51.3,3449.9763
MI,26123,2022,NEWAYGO,26,52.2,3510.5022
MI,26125,2022,OAKLAND,26,34.2,2299.9842
MI,26127,2022,OCEANA,26,41.7,2804.3667
MI,26129,2022,OGEMAW,26,36.3,2441.2113
MI,26139,2022,OTTAWA,26,47.4,3187.6974
MI,26141,2022,PRESQUE ISLE,26,31.9,2145.3069
MI,26145,2022,SAGINAW,26,49.5,3328.9245
MI,26147,2022,ST CLAIR,26,35.0,2353.785
MI,26149,2022,ST JOSEPH,26,52.3,3517.2273
MI,26151,2022,SANILAC,26,52.3,3517.2273
MI,26155,2022,SHIAWASSEE,26,42.5,2858.1675
MI,26157,2022,TUSCOLA,26,46.0,3093.546
MI,26161,2022,WASHTENAW,26,42.4,2851.4424
MI,26163,2022,WAYNE,26,25.2,1694.7252
MI,26998,2022,OTHER COUNTIES,26,39.3,2642.9643
MI,26005,2023,ALLEGAN,26,43.9,2952.3189
MI,26007,2023,ALPENA,26,34.3,2306.7093
MI,26011,2023,ARENAC,26,44.5,2992.6695
MI,26015,2023,BARRY,26,41.3,2777.4663
MI,26017,2023,BAY,26,52.3,3517.2273
MI,26023,2023,BRANCH,26,42.5,2858.1675
MI,26025,2023,CALHOUN,26,42.2,2837.9922
MI,26027,2023,CASS,26,50.5,3396.1755
MI,26045,2023,EATON,26,44.8,3012.8448
MI,26049,2023,GENESEE,26,43.9,2952.3189
MI,26051,2023,GLADWIN,26,44.4,2985.9444
MI,26055,2023,GRAND TRAVERSE,26,41.1,2764.0161
MI,26057,2023,GRATIOT,26,46.5,3127.1715
MI,26059,2023,HILLSDALE,26,44.9,3019.5699
MI,26063,2023,HURON,26,48.5,3261.6735
MI,26065,2023,INGHAM,26,48.7,3275.1237
MI,26067,2023,IONIA,26,45.7,3073.3707
MI,26073,2023,ISABELLA,26,39.2,2636.2392
MI,26075,2023,JACKSON,26,43.5,2925.4185
MI,26077,2023,KALAMAZOO,26,50.0,3362.55
MI,26081,2023,KENT,26,47.1,3167.5221
MI,26087,2023,LAPEER,26,42.0,2824.542
MI,26091,2023,LENAWEE,26,54.6,3671.9046
MI,26093,2023,LIVINGSTON,26,43.1,2898.5181
MI,26099,2023,MACOMB,26,44.0,2959.044
MI,26105,2023,MASON,26,45.3,3046.4703
MI,26107,2023,MECOSTA,26,40.8,2743.8408
MI,26111,2023,MIDLAND,26,45.1,3033.0201
MI,26115,2023,MONROE,26,52.4,3523.9524
MI,26117,2023,MONTCALM,26,44.8,3012.8448
MI,26119,2023,MONTMORENCY,26,32.1,2158.7571
MI,26121,2023,MUSKEGON,26,44.2,2972.4942
MI,26123,2023,NEWAYGO,26,43.6,2932.1436
MI,26125,2023,OAKLAND,26,43.1,2898.5181
MI,26127,2023,OCEANA,26,38.3,2575.7133
MI,26129,2023,OGEMAW,26,44.0,2959.044
MI,26137,2023,OTSEGO,26,25.2,1694.7252
MI,26139,2023,OTTAWA,26,48.0,3228.048
MI,26141,2023,PRESQUE ISLE,26,30.4,2044.4304
MI,26145,2023,SAGINAW,26,47.9,3221.3229
MI,26147,2023,ST CLAIR,26,39.8,2676.5898
MI,26149,2023,ST JOSEPH,26,43.3,2911.9683
MI,26151,2023,SANILAC,26,46.7,3140.6217
MI,26155,2023,SHIAWASSEE,26,42.6,2864.8926
MI,26157,2023,TUSCOLA,26,53.3,3584.4783
MI,26159,2023,VAN BUREN,26,43.3,2911.9683
MI,26161,2023,WASHTENAW,26,52.5,3530.6775
MI,26163,2023,WAYNE,26,42.5,2858.1675
MI,26998,2023,OTHER COUNTIES,26,43.3,2911.9683
MI,26007,2024,ALPENA,26,33.8,2273.0838
MI,26011,2024,ARENAC,26,46.2,3106.9962
MI,26015,2024,BARRY,26,50.7,3409.6257
MI,26017,2024,BAY,26,56.1,3772.7811
MI,26021,2024,BERRIEN,26,41.0,2757.291
MI,26023,2024,BRANCH,26,46.3,3113.7213
MI,26025,2024,CALHOUN,26,44.5,2992.6695
MI,26027,2024,CASS,26,49.1,3302.0241
MI,26035,2024,CLARE,26,43.6,2932.1436
MI,26037,2024,CLINTON,26,46.0,3093.546
MI,26045,2024,EATON,26,55.0,3698.805
MI,26049,2024,GENESEE,26,42.9,2885.0679
MI,26051,2024,GLADWIN,26,49.5,3328.9245
MI,26055,2024,GRAND TRAVERSE,26,37.3,2508.4623
MI,26057,2024,GRATIOT,26,55.8,3752.6058
MI,26059,2024,HILLSDALE,26,52.3,3517.2273
MI,26063,2024,HURON,26,57.2,3846.7572
MI,26065,2024,INGHAM,26,48.8,3281.8488
MI,26067,2024,IONIA,26,56.0,3766.056
MI,26075,2024,JACKSON,26,48.0,3228.048
MI,26087,2024,LAPEER,26,47.0,3160.797
MI,26091,2024,LENAWEE,26,47.9,3221.3229
MI,26093,2024,LIVINGSTON,26,48.5,3261.6735
MI,26099,2024,MACOMB,26,46.6,3133.8966
MI,26105,2024,MASON,26,45.5,3059.9205
MI,26111,2024,MIDLAND,26,50.7,3409.6257
MI,26115,2024,MONROE,26,43.0,2891.793
MI,26117,2024,MONTCALM,26,51.5,3463.4265
MI,26119,2024,MONTMORENCY,26,39.4,2649.6894
MI,26121,2024,MUSKEGON,26,50.1,3369.2751
MI,26123,2024,NEWAYGO,26,47.5,3194.4225
MI,26125,2024,OAKLAND,26,46.3,3113.7213
MI,26127,2024,OCEANA,26,43.9,2952.3189
MI,26129,2024,OGEMAW,26,46.8,3147.3468
MI,26133,2024,OSCEOLA,26,46.9,3154.0719
MI,26139,2024,OTTAWA,26,50.7,3409.6257
MI,26141,2024,PRESQUE ISLE,26,31.4,2111.6814
MI,26145,2024,SAGINAW,26,51.4,3456.7014
MI,26147,2024,ST CLAIR,26,44.0,2959.044
MI,26149,2024,ST JOSEPH,26,49.8,3349.0998
MI,26151,2024,SANILAC,26,52.4,3523.9524
MI,26155,2024,SHIAWASSEE,26,46.0,3093.546
MI,26157,2024,TUSCOLA,26,53.8,3618.1038
MI,26161,2024,WASHTENAW,26,49.9,3355.8249
MI,26163,2024,WAYNE,26,39.1,2629.5141
MI,26998,2024,OTHER COUNTIES,26,47.0,3160.797
MD,24003,2014,ANNE ARUNDEL,24,40.4,2716.9404
MD,24005,2014,BALTIMORE,24,47.4,3187.6974
MD,24009,2014,CALVERT,24,30.3,2037.7053
MD,24011,2014,CAROLINE,24,39.3,2642.9643
MD,24013,2014,CARROLL,24,49.0,3295.299
MD,24015,2014,CECIL,24,51.4,3456.7014
MD,24017,2014,CHARLES,24,33.1,2226.0081
MD,24019,2014,DORCHESTER,24,41.5,2790.9165
MD,24021,2014,FREDERICK,24,52.6,3537.4026
MD,24025,2014,HARFORD,24,49.6,3335.6496
MD,24029,2014,KENT,24,50.1,3369.2751
MD,24033,2014,PRINCE GEORGES,24,37.7,2535.3627
MD,24035,2014,QUEEN ANNES,24,50.5,3396.1755
MD,24037,2014,ST MARYS,24,37.0,2488.287
MD,24039,2014,SOMERSET,24,45.7,3073.3707
MD,24041,2014,TALBOT,24,46.1,3100.2711
MD,24043,2014,WASHINGTON,24,52.0,3497.052
MD,24045,2014,WICOMICO,24,44.0,2959.044
MD,24047,2014,WORCESTER,24,45.0,3026.295
MD,24998,2014,OTHER (COMBINED) COUNTIES,24,44.6,2999.3946
MD,24003,2015,ANNE ARUNDEL,24,32.6,2192.3826
MD,24005,2015,BALTIMORE,24,49.2,3308.7492
MD,24009,2015,CALVERT,24,31.8,2138.5818
MD,24011,2015,CAROLINE,24,37.4,2515.1874
MD,24013,2015,CARROLL,24,41.9,2817.8169
MD,24017,2015,CHARLES,24,26.6,1788.8766
MD,24019,2015,DORCHESTER,24,43.6,2932.1436
MD,24021,2015,FREDERICK,24,41.6,2797.6416
MD,24025,2015,HARFORD,24,47.1,3167.5221
MD,24029,2015,KENT,24,47.0,3160.797
MD,24031,2015,MONTGOMERY,24,32.5,2185.6575
MD,24033,2015,PRINCE GEORGES,24,39.7,2669.8647
MD,24035,2015,QUEEN ANNES,24,39.3,2642.9643
MD,24037,2015,ST MARYS,24,33.6,2259.6336
MD,24039,2015,SOMERSET,24,39.3,2642.9643
MD,24045,2015,WICOMICO,24,37.3,2508.4623
MD,24047,2015,WORCESTER,24,36.5,2454.6615
MD,24998,2015,OTHER (COMBINED) COUNTIES,24,42.56666666666667,2862.6509
MD,24005,2016,BALTIMORE,24,49.2,3308.7492
MD,24009,2016,CALVERT,24,27.2,1829.2272
MD,24011,2016,CAROLINE,24,34.5,2320.1595
MD,24013,2016,CARROLL,24,46.8,3147.3468
MD,24017,2016,CHARLES,24,30.3,2037.7053
MD,24019,2016,DORCHESTER,24,39.0,2622.789
MD,24021,2016,FREDERICK,24,40.5,2723.6655
MD,24025,2016,HARFORD,24,53.0,3564.303
MD,24027,2016,HOWARD,24,51.3,3449.9763
MD,24029,2016,KENT,24,49.1,3302.0241
MD,24033,2016,PRINCE GEORGES,24,36.6,2461.3866
MD,24039,2016,SOMERSET,24,44.8,3012.8448
MD,24041,2016,TALBOT,24,36.4,2447.9364
MD,24045,2016,WICOMICO,24,37.1,2495.0121
MD,24047,2016,WORCESTER,24,39.2,2636.2392
MD,24998,2016,OTHER (COMBINED) COUNTIES,24,42.1,2831.2671
MD,24005,2017,BALTIMORE,24,50.0,3362.55
MD,24011,2017,CAROLINE,24,47.7,3207.8727
MD,24013,2017,CARROLL,24,51.4,3456.7014
MD,24015,2017,CECIL,24,52.8,3550.8528
MD,24019,2017,DORCHESTER,24,49.7,3342.3747
MD,24021,2017,FREDERICK,24,58.8,3954.3588
MD,24025,2017,HARFORD,24,51.5,3463.4265
MD,24029,2017,KENT,24,57.5,3866.9325
MD,24033,2017,PRINCE GEORGES,24,55.0,3698.805
MD,24035,2017,QUEEN ANNES,24,54.8,3685.3548
MD,24037,2017,ST MARYS,24,44.4,2985.9444
MD,24039,2017,SOMERSET,24,52.8,3550.8528
MD,24041,2017,TALBOT,24,48.5,3261.6735
MD,24045,2017,WICOMICO,24,40.7,2737.1157
MD,24047,2017,WORCESTER,24,47.0,3160.797
MD,24998,2017,OTHER (COMBINED) COUNTIES,24,45.13333333333333,3035.2618
MD,24003,2018,ANNE ARUNDEL,24,39.1,2629.5141
MD,24011,2018,CAROLINE,24,48.4,3254.9484
MD,24013,2018,CARROLL,24,48.4,3254.9484
MD,24019,2018,DORCHESTER,24,49.4,3322.1994
MD,24021,2018,FREDERICK,24,53.4,3591.2034
MD,24025,2018,HARFORD,24,47.3,3180.9723
MD,24029,2018,KENT,24,51.8,3483.6018
MD,24033,2018,PRINCE GEORGES,24,37.1,2495.0121
MD,24035,2018,QUEEN ANNES,24,48.4,3254.9484
MD,24037,2018,ST MARYS,24,37.9,2548.8129
MD,24039,2018,SOMERSET,24,40.7,2737.1157
MD,24043,2018,WASHINGTON,24,51.0,3429.801
MD,24045,2018,WICOMICO,24,41.9,2817.8169
MD,24047,2018,WORCESTER,24,44.0,2959.044
MD,24998,2018,OTHER (COMBINED) COUNTIES,24,42.875,2883.386625
MD,24003,2019,ANNE ARUNDEL,24,40.0,2690.04
MD,24011,2019,CAROLINE,24,38.4,2582.4384
MD,24013,2019,CARROLL,24,47.9,3221.3229
MD,24015,2019,CECIL,24,44.7,3006.1197
MD,24019,2019,DORCHESTER,24,43.7,2938.8687
MD,24021,2019,FREDERICK,24,54.3,3651.7293
MD,24025,2019,HARFORD,24,50.0,3362.55
MD,24029,2019,KENT,24,47.8,3214.5978
MD,24033,2019,PRINCE GEORGES,24,33.1,2226.0081
MD,24035,2019,QUEEN ANNES,24,41.3,2777.4663
MD,24039,2019,SOMERSET,24,45.5,3059.9205
MD,24041,2019,TALBOT,24,39.7,2669.8647
MD,24043,2019,WASHINGTON,24,43.4,2918.6934
MD,24045,2019,WICOMICO,24,36.9,2481.5619
MD,24047,2019,WORCESTER,24,46.9,3154.0719
MD,24998,2019,OTHER (COMBINED) COUNTIES,24,42.4,2851.4424
MD,24003,2020,ANNE ARUNDEL,24,41.7,2804.3667
MD,24005,2020,BALTIMORE,24,54.9,3692.0799
MD,24009,2020,CALVERT,24,41.3,2777.4663
MD,24011,2020,CAROLINE,24,50.6,3402.9006
MD,24013,2020,CARROLL,24,44.6,2999.3946
MD,24015,2020,CECIL,24,48.8,3281.8488
MD,24017,2020,CHARLES,24,40.0,2690.04
MD,24019,2020,DORCHESTER,24,42.2,2837.9922
MD,24021,2020,FREDERICK,24,46.0,3093.546
MD,24025,2020,HARFORD,24,52.8,3550.8528
MD,24029,2020,KENT,24,53.4,3591.2034
MD,24031,2020,MONTGOMERY,24,51.6,3470.1516
MD,24033,2020,PRINCE GEORGES,24,48.4,3254.9484
MD,24035,2020,QUEEN ANNES,24,49.7,3342.3747
MD,24037,2020,ST MARYS,24,41.9,2817.8169
MD,24039,2020,SOMERSET,24,43.2,2905.2432
MD,24041,2020,TALBOT,24,47.9,3221.3229
MD,24043,2020,WASHINGTON,24,37.9,2548.8129
MD,24045,2020,WICOMICO,24,40.1,2696.7651
MD,24047,2020,WORCESTER,24,44.7,3006.1197
MD,24998,2020,OTHER COUNTIES,24,50.2,3376.0002
MD,24003,2021,ANNE ARUNDEL,24,50.5,3396.1755
MD,24009,2021,CALVERT,24,47.3,3180.9723
MD,24011,2021,CAROLINE,24,52.4,3523.9524
MD,24013,2021,CARROLL,24,49.6,3335.6496
MD,24015,2021,CECIL,24,54.8,3685.3548
MD,24019,2021,DORCHESTER,24,52.6,3537.4026
MD,24021,2021,FREDERICK,24,58.0,3900.558
MD,24023,2021,GARRETT,24,40.2,2703.4902
MD,24025,2021,HARFORD,24,57.7,3880.3827
MD,24029,2021,KENT,24,56.1,3772.7811
MD,24031,2021,MONTGOMERY,24,50.7,3409.6257
MD,24035,2021,QUEEN ANNES,24,49.3,3315.4743
MD,24037,2021,ST MARYS,24,45.8,3080.0958
MD,24039,2021,SOMERSET,24,55.0,3698.805
MD,24041,2021,TALBOT,24,53.6,3604.6536
MD,24043,2021,WASHINGTON,24,57.1,3840.0321
MD,24045,2021,WICOMICO,24,48.9,3288.5739
MD,24047,2021,WORCESTER,24,58.0,3900.558
MD,24998,2021,OTHER COUNTIES,24,49.8,3349.0998
MD,24003,2022,ANNE ARUNDEL,24,40.0,2690.04
MD,24005,2022,BALTIMORE,24,48.7,3275.1237
MD,24009,2022,CALVERT,24,38.0,2555.538
MD,24011,2022,CAROLINE,24,42.2,2837.9922
MD,24013,2022,CARROLL,24,43.0,2891.793
MD,24015,2022,CECIL,24,47.2,3174.2472
MD,24017,2022,CHARLES,24,37.3,2508.4623
MD,24021,2022,FREDERICK,24,45.3,3046.4703
MD,24023,2022,GARRETT,24,41.9,2817.8169
MD,24025,2022,HARFORD,24,49.7,3342.3747
MD,24029,2022,KENT,24,44.7,3006.1197
MD,24037,2022,ST MARYS,24,41.8,2811.0918
MD,24039,2022,SOMERSET,24,37.2,2501.7372
MD,24041,2022,TALBOT,24,43.7,2938.8687
MD,24043,2022,WASHINGTON,24,52.5,3530.6775
MD,24045,2022,WICOMICO,24,37.4,2515.1874
MD,24047,2022,WORCESTER,24,39.2,2636.2392
MD,24998,2022,OTHER COUNTIES,24,42.3,2844.7173
MD,24003,2023,ANNE ARUNDEL,24,44.2,2972.4942
MD,24009,2023,CALVERT,24,38.5,2589.1635
MD,24011,2023,CAROLINE,24,50.0,3362.55
MD,24013,2023,CARROLL,24,39.7,2669.8647
MD,24015,2023,CECIL,24,54.3,3651.7293
MD,24017,2023,CHARLES,24,32.4,2178.9324
MD,24021,2023,FREDERICK,24,34.1,2293.2591
MD,24023,2023,GARRETT,24,35.9,2414.3109
MD,24027,2023,HOWARD,24,54.9,3692.0799
MD,24029,2023,KENT,24,57.6,3873.6576
MD,24031,2023,MONTGOMERY,24,39.5,2656.4145
MD,24033,2023,PRINCE GEORGES,24,42.1,2831.2671
MD,24035,2023,QUEEN ANNES,24,54.9,3692.0799
MD,24037,2023,ST MARYS,24,34.2,2299.9842
MD,24039,2023,SOMERSET,24,43.0,2891.793
MD,24041,2023,TALBOT,24,47.2,3174.2472
MD,24043,2023,WASHINGTON,24,40.3,2710.2153
MD,24045,2023,WICOMICO,24,42.3,2844.7173
MD,24047,2023,WORCESTER,24,46.0,3093.546
MD,24998,2023,OTHER COUNTIES,24,51.9,3490.3269
MD,24003,2024,ANNE ARUNDEL,24,36.8,2474.8368
MD,24005,2024,BALTIMORE,24,50.1,3369.2751
MD,24011,2024,CAROLINE,24,41.8,2811.0918
MD,24013,2024,CARROLL,24,47.9,3221.3229
MD,24015,2024,CECIL,24,50.1,3369.2751
MD,24017,2024,CHARLES,24,25.3,1701.4503
MD,24019,2024,DORCHESTER,24,43.0,2891.793
MD,24021,2024,FREDERICK,24,45.2,3039.7452
MD,24023,2024,GARRETT,24,22.8,1533.3228
MD,24025,2024,HARFORD,24,51.9,3490.3269
MD,24027,2024,HOWARD,24,51.3,3449.9763
MD,24029,2024,KENT,24,46.0,3093.546
MD,24031,2024,MONTGOMERY,24,44.1,2965.7691
MD,24035,2024,QUEEN ANNES,24,45.8,3080.0958
MD,24039,2024,SOMERSET,24,47.9,3221.3229
MD,24041,2024,TALBOT,24,44.5,2992.6695
MD,24043,2024,WASHINGTON,24,47.2,3174.2472
MD,24047,2024,WORCESTER,24,44.5,2992.6695
MD,24998,2024,OTHER COUNTIES,24,34.6,2326.8846
DE,10001,2014,KENT,10,46.2,3106.9962
DE,10003,2014,NEW CASTLE,10,51.8,3483.6018
DE,10005,2014,SUSSEX,10,47.3,3180.9723
DE,10001,2015,KENT,10,42.5,2858.1675
DE,10003,2015,NEW CASTLE,10,40.9,2750.5659
DE,10005,2015,SUSSEX,10,37.8,2542.0878
DE,10001,2016,KENT,10,43.3,2911.9683
DE,10003,2016,NEW CASTLE,10,47.0,3160.797
DE,10005,2016,SUSSEX,10,38.3,2575.7133
DE,10005,2017,SUSSEX,10,49.5,3328.9245
DE,10001,2018,KENT,10,40.3,2710.2153
DE,10003,2018,NEW CASTLE,10,45.8,3080.0958
DE,10005,2018,SUSSEX,10,41.3,2777.4663
DE,10001,2019,KENT,10,49.5,3328.9245
DE,10003,2019,NEW CASTLE,10,47.2,3174.2472
DE,10005,2019,SUSSEX,10,44.8,3012.8448
DE,10001,2020,KENT,10,50.6,3402.9006
DE,10003,2020,NEW CASTLE,10,48.4,3254.9484
DE,10005,2020,SUSSEX,10,47.8,3214.5978
DE,10001,2021,KENT,10,54.0,3631.554
DE,10003,2021,NEW CASTLE,10,46.9,3154.0719
DE,10005,2021,SUSSEX,10,49.7,3342.3747
DE,10001,2022,KENT,10,45.7,3073.3707
DE,10003,2022,NEW CASTLE,10,36.9,2481.5619
DE,10005,2022,SUSSEX,10,42.5,2858.1675
DE,10001,2023,KENT,10,46.5,3127.1715
DE,10003,2023,NEW CASTLE,10,49.3,3315.4743
DE,10005,2023,SUSSEX,10,44.8,3012.8448
DE,10005,2024,SUSSEX,10,44.9,3019.5699
DE,10998,2024,OTHER COUNTIES,10,45.1,3033.0201
VA,51001,2014,ACCOMACK,51,37.5,2521.9125
VA,51007,2014,AMELIA,51,37.8,2542.0878
VA,51011,2014,APPOMATTOX,51,30.0,2017.53
VA,51019,2014,BEDFORD,51,38.1,2562.2631
VA,51025,2014,BRUNSWICK,51,41.5,2790.9165
VA,51031,2014,CAMPBELL,51,37.4,2515.1874
VA,51033,2014,CAROLINE,51,32.5,2185.6575
VA,51036,2014,CHARLES CITY,51,40.8,2743.8408
VA,51037,2014,CHARLOTTE,51,37.1,2495.0121
VA,51041,2014,CHESTERFIELD,51,34.5,2320.1595
VA,51043,2014,CLARKE,51,46.5,3127.1715
VA,51047,2014,CULPEPER,51,50.6,3402.9006
VA,51049,2014,CUMBERLAND,51,35.7,2400.8607
VA,51057,2014,ESSEX,51,36.1,2427.7611
VA,51061,2014,FAUQUIER,51,55.4,3725.7054
VA,51067,2014,FRANKLIN,51,49.0,3295.299
VA,51069,2014,FREDERICK,51,42.3,2844.7173
VA,51073,2014,GLOUCESTER,51,41.4,2784.1914
VA,51075,2014,GOOCHLAND,51,37.6,2528.6376
VA,51081,2014,GREENSVILLE,51,39.1,2629.5141
VA,51083,2014,HALIFAX,51,44.1,2965.7691
VA,51085,2014,HANOVER,51,35.7,2400.8607
VA,51087,2014,HENRICO,51,31.2,2098.2312
VA,51093,2014,ISLE OF WIGHT,51,40.0,2690.04
VA,51097,2014,KING AND QUEEN,51,31.6,2125.1316
VA,51099,2014,KING GEORGE,51,29.4,1977.1794
VA,51101,2014,KING WILLIAM,51,38.6,2595.8886
VA,51107,2014,LOUDOUN,51,43.4,2918.6934
VA,51109,2014,LOUISA,51,37.5,2521.9125
VA,51111,2014,LUNENBURG,51,42.7,2871.6177
VA,51113,2014,MADISON,51,53.6,3604.6536
VA,51117,2014,MECKLENBURG,51,41.7,2804.3667
VA,51119,2014,MIDDLESEX,51,38.6,2595.8886
VA,51127,2014,NEW KENT,51,34.9,2347.0599
VA,51131,2014,NORTHAMPTON,51,41.4,2784.1914
VA,51133,2014,NORTHUMBERLAND,51,40.0,2690.04
VA,51137,2014,ORANGE,51,42.4,2851.4424
VA,51139,2014,PAGE,51,42.0,2824.542
VA,51143,2014,PITTSYLVANIA,51,41.0,2757.291
VA,51145,2014,POWHATAN,51,42.1,2831.2671
VA,51147,2014,PRINCE EDWARD,51,31.9,2145.3069
VA,51149,2014,PRINCE GEORGE,51,36.2,2434.4862
VA,51159,2014,RICHMOND,51,39.9,2683.3149
VA,51163,2014,ROCKBRIDGE,51,45.6,3066.6456
VA,51165,2014,ROCKINGHAM,51,52.6,3537.4026
VA,51171,2014,SHENANDOAH,51,53.9,3624.8289
VA,51177,2014,SPOTSYLVANIA,51,31.5,2118.4065
VA,51179,2014,STAFFORD,51,39.6,2663.1396
VA,51181,2014,SURRY,51,34.3,2306.7093
VA,51183,2014,SUSSEX,51,36.8,2474.8368
VA,51193,2014,WESTMORELAND,51,31.3,2104.9563
VA,51550,2014,CHESAPEAKE CITY,51,39.4,2649.6894
VA,51810,2014,VIRGINIA BEACH CITY,51,41.0,2757.291
VA,51998,2014,OTHER (COMBINED) COUNTIES,51,43.857142857142854,2949.4367142857145
VA,51001,2015,ACCOMACK,51,35.2,2367.2352
VA,51007,2015,AMELIA,51,36.0,2421.036
VA,51011,2015,APPOMATTOX,51,29.8,2004.0798
VA,51019,2015,BEDFORD,51,29.2,1963.7292
VA,51025,2015,BRUNSWICK,51,30.9,2078.0559
VA,51031,2015,CAMPBELL,51,30.8,2071.3308
VA,51033,2015,CAROLINE,51,36.7,2468.1117
VA,51036,2015,CHARLES CITY,51,29.4,1977.1794
VA,51037,2015,CHARLOTTE,51,37.2,2501.7372
VA,51041,2015,CHESTERFIELD,51,27.0,1815.777
VA,51047,2015,CULPEPER,51,51.3,3449.9763
VA,51057,2015,ESSEX,51,40.1,2696.7651
VA,51061,2015,FAUQUIER,51,39.5,2656.4145
VA,51069,2015,FREDERICK,51,34.7,2333.6097
VA,51073,2015,GLOUCESTER,51,39.3,2642.9643
VA,51081,2015,GREENSVILLE,51,29.8,2004.0798
VA,51083,2015,HALIFAX,51,30.2,2030.9802
VA,51097,2015,KING AND QUEEN,51,37.1,2495.0121
VA,51107,2015,LOUDOUN,51,39.8,2676.5898
VA,51109,2015,LOUISA,51,28.9,1943.5539
VA,51111,2015,LUNENBURG,51,28.8,1936.8288
VA,51113,2015,MADISON,51,42.8,2878.3428
VA,51131,2015,NORTHAMPTON,51,29.5,1983.9045
VA,51133,2015,NORTHUMBERLAND,51,40.6,2730.3906
VA,51135,2015,NOTTOWAY,51,30.1,2024.2551
VA,51139,2015,PAGE,51,32.6,2192.3826
VA,51143,2015,PITTSYLVANIA,51,30.1,2024.2551
VA,51147,2015,PRINCE EDWARD,51,33.3,2239.4583
VA,51149,2015,PRINCE GEORGE,51,30.7,2064.6057
VA,51157,2015,RAPPAHANNOCK,51,52.0,3497.052
VA,51159,2015,RICHMOND,51,37.2,2501.7372
VA,51165,2015,ROCKINGHAM,51,46.6,3133.8966
VA,51171,2015,SHENANDOAH,51,36.9,2481.5619
VA,51177,2015,SPOTSYLVANIA,51,35.3,2373.9603
VA,51179,2015,STAFFORD,51,35.2,2367.2352
VA,51181,2015,SURRY,51,23.0,1546.773
VA,51193,2015,WESTMORELAND,51,35.4,2380.6854
VA,51550,2015,CHESAPEAKE CITY,51,40.4,2716.9404
VA,51810,2015,VIRGINIA BEACH CITY,51,35.3,2373.9603
VA,51998,2015,OTHER (COMBINED) COUNTIES,51,36.12,2429.10612
VA,51001,2016,ACCOMACK,51,35.3,2373.9603
VA,51007,2016,AMELIA,51,29.6,1990.6296
VA,51011,2016,APPOMATTOX,51,29.2,1963.7292
VA,51019,2016,BEDFORD,51,35.2,2367.2352
VA,51025,2016,BRUNSWICK,51,23.4,1573.6734
VA,51033,2016,CAROLINE,51,42.8,2878.3428
VA,51036,2016,CHARLES CITY,51,35.0,2353.785
VA,51037,2016,CHARLOTTE,51,29.8,2004.0798
VA,51047,2016,CULPEPER,51,52.0,3497.052
VA,51049,2016,CUMBERLAND,51,24.0,1614.024
VA,51053,2016,DINWIDDIE,51,27.8,1869.5778
VA,51057,2016,ESSEX,51,39.0,2622.789
VA,51061,2016,FAUQUIER,51,48.1,3234.7731
VA,51069,2016,FREDERICK,51,40.3,2710.2153
VA,51073,2016,GLOUCESTER,51,34.7,2333.6097
VA,51075,2016,GOOCHLAND,51,42.2,2837.9922
VA,51081,2016,GREENSVILLE,51,32.7,2199.1077
VA,51083,2016,HALIFAX,51,19.7,1324.8447
VA,51085,2016,HANOVER,51,42.9,2885.0679
VA,51093,2016,ISLE OF WIGHT,51,38.8,2609.3388
VA,51097,2016,KING AND QUEEN,51,38.4,2582.4384
VA,51101,2016,KING WILLIAM,51,43.2,2905.2432
VA,51109,2016,LOUISA,51,43.3,2911.9683
VA,51111,2016,LUNENBURG,51,28.5,1916.6535
VA,51113,2016,MADISON,51,45.5,3059.9205
VA,51119,2016,MIDDLESEX,51,33.7,2266.3587
VA,51131,2016,NORTHAMPTON,51,30.3,2037.7053
VA,51133,2016,NORTHUMBERLAND,51,42.5,2858.1675
VA,51135,2016,NOTTOWAY,51,30.0,2017.53
VA,51137,2016,ORANGE,51,44.9,3019.5699
VA,51139,2016,PAGE,51,35.0,2353.785
VA,51143,2016,PITTSYLVANIA,51,27.0,1815.777
VA,51145,2016,POWHATAN,51,34.3,2306.7093
VA,51147,2016,PRINCE EDWARD,51,28.2,1896.4782
VA,51149,2016,PRINCE GEORGE,51,28.3,1903.2033
VA,51157,2016,RAPPAHANNOCK,51,38.1,2562.2631
VA,51159,2016,RICHMOND,51,32.6,2192.3826
VA,51165,2016,ROCKINGHAM,51,46.3,3113.7213
VA,51171,2016,SHENANDOAH,51,48.2,3241.4982
VA,51175,2016,SOUTHAMPTON,51,33.6,2259.6336
VA,51177,2016,SPOTSYLVANIA,51,44.4,2985.9444
VA,51181,2016,SURRY,51,28.6,1923.3786
VA,51193,2016,WESTMORELAND,51,37.1,2495.0121
VA,51800,2016,SUFFOLK CITY,51,36.0,2421.036
VA,51810,2016,VIRGINIA BEACH CITY,51,38.4,2582.4384
VA,51998,2016,OTHER (COMBINED) COUNTIES,51,37.7,2535.3627
VA,51001,2017,ACCOMACK,51,46.8,3147.3468
VA,51007,2017,AMELIA,51,42.5,2858.1675
VA,51019,2017,BEDFORD,51,31.2,2098.2312
VA,51025,2017,BRUNSWICK,51,34.3,2306.7093
VA,51031,2017,CAMPBELL,51,27.9,1876.3029
VA,51033,2017,CAROLINE,51,48.7,3275.1237
VA,51036,2017,CHARLES CITY,51,52.9,3557.5779
VA,51037,2017,CHARLOTTE,51,28.9,1943.5539
VA,51041,2017,CHESTERFIELD,51,39.8,2676.5898
VA,51047,2017,CULPEPER,51,51.4,3456.7014
VA,51049,2017,CUMBERLAND,51,48.4,3254.9484
VA,51053,2017,DINWIDDIE,51,39.8,2676.5898
VA,51057,2017,ESSEX,51,49.0,3295.299
VA,51061,2017,FAUQUIER,51,51.0,3429.801
VA,51069,2017,FREDERICK,51,50.0,3362.55
VA,51073,2017,GLOUCESTER,51,41.4,2784.1914
VA,51075,2017,GOOCHLAND,51,44.0,2959.044
VA,51081,2017,GREENSVILLE,51,37.6,2528.6376
VA,51083,2017,HALIFAX,51,30.6,2057.8806
VA,51093,2017,ISLE OF WIGHT,51,42.8,2878.3428
VA,51097,2017,KING AND QUEEN,51,43.5,2925.4185
VA,51099,2017,KING GEORGE,51,44.7,3006.1197
VA,51101,2017,KING WILLIAM,51,45.1,3033.0201
VA,51107,2017,LOUDOUN,51,47.0,3160.797
VA,51109,2017,LOUISA,51,40.4,2716.9404
VA,51111,2017,LUNENBURG,51,28.8,1936.8288
VA,51113,2017,MADISON,51,59.1,3974.5341
VA,51131,2017,NORTHAMPTON,51,46.2,3106.9962
VA,51133,2017,NORTHUMBERLAND,51,49.8,3349.0998
VA,51135,2017,NOTTOWAY,51,39.1,2629.5141
VA,51137,2017,ORANGE,51,56.4,3792.9564
VA,51139,2017,PAGE,51,37.4,2515.1874
VA,51143,2017,PITTSYLVANIA,51,38.6,2595.8886
VA,51147,2017,PRINCE EDWARD,51,43.2,2905.2432
VA,51149,2017,PRINCE GEORGE,51,46.5,3127.1715
VA,51159,2017,RICHMOND,51,51.9,3490.3269
VA,51165,2017,ROCKINGHAM,51,54.9,3692.0799
VA,51171,2017,SHENANDOAH,51,50.1,3369.2751
VA,51175,2017,SOUTHAMPTON,51,43.9,2952.3189
VA,51177,2017,SPOTSYLVANIA,51,50.6,3402.9006
VA,51181,2017,SURRY,51,38.4,2582.4384
VA,51193,2017,WESTMORELAND,51,50.6,3402.9006
VA,51550,2017,CHESAPEAKE CITY,51,41.6,2797.6416
VA,51800,2017,SUFFOLK CITY,51,46.3,3113.7213
VA,51810,2017,VIRGINIA BEACH CITY,51,42.8,2878.3428
VA,51998,2017,OTHER (COMBINED) COUNTIES,51,41.86,2815.12686
VA,51001,2018,ACCOMACK,51,42.3,2844.7173
VA,51007,2018,AMELIA,51,47.0,3160.797
VA,51011,2018,APPOMATTOX,51,46.3,3113.7213
VA,51033,2018,CAROLINE,51,44.2,2972.4942
VA,51037,2018,CHARLOTTE,51,42.7,2871.6177
VA,51041,2018,CHESTERFIELD,51,35.7,2400.8607
VA,51047,2018,CULPEPER,51,52.1,3503.7771
VA,51053,2018,DINWIDDIE,51,41.1,2764.0161
VA,51057,2018,ESSEX,51,40.8,2743.8408
VA,51061,2018,FAUQUIER,51,42.3,2844.7173
VA,51069,2018,FREDERICK,51,53.9,3624.8289
VA,51081,2018,GREENSVILLE,51,37.8,2542.0878
VA,51085,2018,HANOVER,51,35.4,2380.6854
VA,51093,2018,ISLE OF WIGHT,51,41.3,2777.4663
VA,51097,2018,KING AND QUEEN,51,41.9,2817.8169
VA,51099,2018,KING GEORGE,51,44.3,2979.2193
VA,51101,2018,KING WILLIAM,51,43.7,2938.8687
VA,51109,2018,LOUISA,51,46.3,3113.7213
VA,51111,2018,LUNENBURG,51,40.5,2723.6655
VA,51113,2018,MADISON,51,51.1,3436.5261
VA,51117,2018,MECKLENBURG,51,40.2,2703.4902
VA,51119,2018,MIDDLESEX,51,46.0,3093.546
VA,51131,2018,NORTHAMPTON,51,40.0,2690.04
VA,51133,2018,NORTHUMBERLAND,51,39.4,2649.6894
VA,51135,2018,NOTTOWAY,51,42.4,2851.4424
VA,51137,2018,ORANGE,51,51.7,3476.8767
VA,51139,2018,PAGE,51,42.1,2831.2671
VA,51141,2018,PATRICK,51,40.2,2703.4902
VA,51143,2018,PITTSYLVANIA,51,35.7,2400.8607
VA,51145,2018,POWHATAN,51,47.3,3180.9723
VA,51149,2018,PRINCE GEORGE,51,36.6,2461.3866
VA,51159,2018,RICHMOND,51,41.2,2770.7412
VA,51165,2018,ROCKINGHAM,51,52.9,3557.5779
VA,51171,2018,SHENANDOAH,51,48.3,3248.2233
VA,51177,2018,SPOTSYLVANIA,51,45.2,3039.7452
VA,51181,2018,SURRY,51,36.8,2474.8368
VA,51193,2018,WESTMORELAND,51,41.8,2811.0918
VA,51550,2018,CHESAPEAKE CITY,51,37.8,2542.0878
VA,51800,2018,SUFFOLK CITY,51,38.8,2609.3388
VA,51810,2018,VIRGINIA BEACH CITY,51,40.3,2710.2153
VA,51998,2018,OTHER (COMBINED) COUNTIES,51,42.38,2850.09738
VA,51001,2019,ACCOMACK,51,34.5,2320.1595
VA,51007,2019,AMELIA,51,25.0,1681.275
VA,51025,2019,BRUNSWICK,51,21.5,1445.8965
VA,51033,2019,CAROLINE,51,32.0,2152.032
VA,51037,2019,CHARLOTTE,51,20.5,1378.6455
VA,51041,2019,CHESTERFIELD,51,22.0,1479.522
VA,51047,2019,CULPEPER,51,45.0,3026.295
VA,51053,2019,DINWIDDIE,51,28.0,1883.028
VA,51057,2019,ESSEX,51,38.5,2589.1635
VA,51061,2019,FAUQUIER,51,37.0,2488.287
VA,51067,2019,FRANKLIN,51,31.4,2111.6814
VA,51069,2019,FREDERICK,51,43.5,2925.4185
VA,51073,2019,GLOUCESTER,51,40.0,2690.04
VA,51081,2019,GREENSVILLE,51,22.5,1513.1475
VA,51083,2019,HALIFAX,51,20.0,1345.02
VA,51093,2019,ISLE OF WIGHT,51,34.0,2286.534
VA,51097,2019,KING AND QUEEN,51,35.0,2353.785
VA,51101,2019,KING WILLIAM,51,42.0,2824.542
VA,51109,2019,LOUISA,51,21.0,1412.271
VA,51113,2019,MADISON,51,53.9,3624.8289
VA,51117,2019,MECKLENBURG,51,19.5,1311.3945
VA,51119,2019,MIDDLESEX,51,36.0,2421.036
VA,51127,2019,NEW KENT,51,32.5,2185.6575
VA,51131,2019,NORTHAMPTON,51,30.0,2017.53
VA,51133,2019,NORTHUMBERLAND,51,36.0,2421.036
VA,51135,2019,NOTTOWAY,51,30.1,2024.2551
VA,51137,2019,ORANGE,51,48.5,3261.6735
VA,51139,2019,PAGE,51,40.0,2690.04
VA,51147,2019,PRINCE EDWARD,51,23.0,1546.773
VA,51149,2019,PRINCE GEORGE,51,28.0,1883.028
VA,51165,2019,ROCKINGHAM,51,53.0,3564.303
VA,51175,2019,SOUTHAMPTON,51,35.5,2387.4105
VA,51177,2019,SPOTSYLVANIA,51,37.6,2528.6376
VA,51181,2019,SURRY,51,34.5,2320.1595
VA,51193,2019,WESTMORELAND,51,33.0,2219.283
VA,51550,2019,CHESAPEAKE CITY,51,42.5,2858.1675
VA,51998,2019,OTHER (COMBINED) COUNTIES,51,34.6,2326.8846
VA,51001,2020,ACCOMACK,51,41.7,2804.3667
VA,51007,2020,AMELIA,51,43.2,2905.2432
VA,51011,2020,APPOMATTOX,51,41.2,2770.7412
VA,51015,2020,AUGUSTA,51,53.5,3597.9285
VA,51023,2020,BOTETOURT,51,43.0,2891.793
VA,51025,2020,BRUNSWICK,51,32.5,2185.6575
VA,51031,2020,CAMPBELL,51,42.3,2844.7173
VA,51033,2020,CAROLINE,51,43.2,2905.2432
VA,51036,2020,CHARLES CITY,51,41.7,2804.3667
VA,51037,2020,CHARLOTTE,51,39.8,2676.5898
VA,51041,2020,CHESTERFIELD,51,32.6,2192.3826
VA,51047,2020,CULPEPER,51,54.7,3678.6297
VA,51053,2020,DINWIDDIE,51,37.4,2515.1874
VA,51057,2020,ESSEX,51,47.5,3194.4225
VA,51061,2020,FAUQUIER,51,48.4,3254.9484
VA,51067,2020,FRANKLIN,51,47.5,3194.4225
VA,51069,2020,FREDERICK,51,60.2,4048.5102
VA,51073,2020,GLOUCESTER,51,37.3,2508.4623
VA,51081,2020,GREENSVILLE,51,32.1,2158.7571
VA,51083,2020,HALIFAX,51,41.8,2811.0918
VA,51093,2020,ISLE OF WIGHT,51,35.8,2407.5858
VA,51097,2020,KING AND QUEEN,51,41.4,2784.1914
VA,51101,2020,KING WILLIAM,51,47.3,3180.9723
VA,51103,2020,LANCASTER,51,47.9,3221.3229
VA,51107,2020,LOUDOUN,51,44.0,2959.044
VA,51109,2020,LOUISA,51,40.5,2723.6655
VA,51111,2020,LUNENBURG,51,36.9,2481.5619
VA,51113,2020,MADISON,51,54.4,3658.4544
VA,51115,2020,MATHEWS,51,34.3,2306.7093
VA,51117,2020,MECKLENBURG,51,36.3,2441.2113
VA,51119,2020,MIDDLESEX,51,41.7,2804.3667
VA,51127,2020,NEW KENT,51,37.4,2515.1874
VA,51131,2020,NORTHAMPTON,51,39.0,2622.789
VA,51133,2020,NORTHUMBERLAND,51,44.4,2985.9444
VA,51135,2020,NOTTOWAY,51,43.5,2925.4185
VA,51137,2020,ORANGE,51,54.1,3638.2791
VA,51139,2020,PAGE,51,47.5,3194.4225
VA,51143,2020,PITTSYLVANIA,51,35.0,2353.785
VA,51147,2020,PRINCE EDWARD,51,39.4,2649.6894
VA,51149,2020,PRINCE GEORGE,51,37.5,2521.9125
VA,51159,2020,RICHMOND,51,46.6,3133.8966
VA,51165,2020,ROCKINGHAM,51,55.2,3712.2552
VA,51171,2020,SHENANDOAH,51,52.5,3530.6775
VA,51175,2020,SOUTHAMPTON,51,36.4,2447.9364
VA,51177,2020,SPOTSYLVANIA,51,49.9,3355.8249
VA,51181,2020,SURRY,51,35.2,2367.2352
VA,51183,2020,SUSSEX,51,38.3,2575.7133
VA,51193,2020,WESTMORELAND,51,47.6,3201.1476
VA,51550,2020,CHESAPEAKE CITY,51,37.1,2495.0121
VA,51800,2020,SUFFOLK CITY,51,42.4,2851.4424
VA,51810,2020,VIRGINIA BEACH CITY,51,37.7,2535.3627
VA,51998,2020,OTHER COUNTIES,51,43.5,2925.4185
VA,51001,2021,ACCOMACK,51,40.7,2737.1157
VA,51007,2021,AMELIA,51,51.9,3490.3269
VA,51015,2021,AUGUSTA,51,43.0,2891.793
VA,51023,2021,BOTETOURT,51,51.9,3490.3269
VA,51025,2021,BRUNSWICK,51,40.7,2737.1157
VA,51031,2021,CAMPBELL,51,29.4,1977.1794
VA,51033,2021,CAROLINE,51,47.4,3187.6974
VA,51036,2021,CHARLES CITY,51,50.1,3369.2751
VA,51037,2021,CHARLOTTE,51,33.5,2252.9085
VA,51041,2021,CHESTERFIELD,51,38.4,2582.4384
VA,51047,2021,CULPEPER,51,56.3,3786.2313
VA,51053,2021,DINWIDDIE,51,46.7,3140.6217
VA,51057,2021,ESSEX,51,54.1,3638.2791
VA,51061,2021,FAUQUIER,51,50.8,3416.3508
VA,51067,2021,FRANKLIN,51,43.3,2911.9683
VA,51069,2021,FREDERICK,51,55.4,3725.7054
VA,51073,2021,GLOUCESTER,51,44.2,2972.4942
VA,51075,2021,GOOCHLAND,51,50.0,3362.55
VA,51081,2021,GREENSVILLE,51,42.8,2878.3428
VA,51087,2021,HENRICO,51,46.8,3147.3468
VA,51093,2021,ISLE OF WIGHT,51,49.5,3328.9245
VA,51097,2021,KING AND QUEEN,51,46.6,3133.8966
VA,51101,2021,KING WILLIAM,51,52.9,3557.5779
VA,51107,2021,LOUDOUN,51,45.0,3026.295
VA,51109,2021,LOUISA,51,51.2,3443.2512
VA,51111,2021,LUNENBURG,51,42.1,2831.2671
VA,51113,2021,MADISON,51,49.4,3322.1994
VA,51115,2021,MATHEWS,51,36.5,2454.6615
VA,51117,2021,MECKLENBURG,51,39.5,2656.4145
VA,51119,2021,MIDDLESEX,51,51.9,3490.3269
VA,51127,2021,NEW KENT,51,43.1,2898.5181
VA,51131,2021,NORTHAMPTON,51,41.9,2817.8169
VA,51133,2021,NORTHUMBERLAND,51,49.8,3349.0998
VA,51135,2021,NOTTOWAY,51,49.9,3355.8249
VA,51137,2021,ORANGE,51,57.2,3846.7572
VA,51139,2021,PAGE,51,43.5,2925.4185
VA,51143,2021,PITTSYLVANIA,51,28.4,1909.9284
VA,51149,2021,PRINCE GEORGE,51,43.6,2932.1436
VA,51159,2021,RICHMOND,51,54.6,3671.9046
VA,51165,2021,ROCKINGHAM,51,53.7,3611.3787
VA,51171,2021,SHENANDOAH,51,49.8,3349.0998
VA,51175,2021,SOUTHAMPTON,51,44.4,2985.9444
VA,51177,2021,SPOTSYLVANIA,51,49.5,3328.9245
VA,51179,2021,STAFFORD,51,57.0,3833.307
VA,51181,2021,SURRY,51,46.6,3133.8966
VA,51183,2021,SUSSEX,51,43.2,2905.2432
VA,51193,2021,WESTMORELAND,51,48.1,3234.7731
VA,51550,2021,CHESAPEAKE CITY,51,42.7,2871.6177
VA,51800,2021,SUFFOLK CITY,51,43.5,2925.4185
VA,51810,2021,VIRGINIA BEACH CITY,51,40.9,2750.5659
VA,51998,2021,OTHER COUNTIES,51,46.1,3100.2711
VA,51001,2022,ACCOMACK,51,25.5,1714.9005
VA,51007,2022,AMELIA,51,48.6,3268.3986
VA,51011,2022,APPOMATTOX,51,48.2,3241.4982
VA,51015,2022,AUGUSTA,51,47.2,3174.2472
VA,51025,2022,BRUNSWICK,51,30.5,2051.1555
VA,51029,2022,BUCKINGHAM,51,46.6,3133.8966
VA,51031,2022,CAMPBELL,51,41.3,2777.4663
VA,51033,2022,CAROLINE,51,38.3,2575.7133
VA,51036,2022,CHARLES CITY,51,44.0,2959.044
VA,51037,2022,CHARLOTTE,51,37.0,2488.287
VA,51041,2022,CHESTERFIELD,51,35.5,2387.4105
VA,51047,2022,CULPEPER,51,64.7,4351.1397
VA,51053,2022,DINWIDDIE,51,40.0,2690.04
VA,51057,2022,ESSEX,51,40.7,2737.1157
VA,51061,2022,FAUQUIER,51,52.2,3510.5022
VA,51067,2022,FRANKLIN,51,42.9,2885.0679
VA,51069,2022,FREDERICK,51,58.0,3900.558
VA,51073,2022,GLOUCESTER,51,46.1,3100.2711
VA,51075,2022,GOOCHLAND,51,51.0,3429.801
VA,51083,2022,HALIFAX,51,39.8,2676.5898
VA,51093,2022,ISLE OF WIGHT,51,32.0,2152.032
VA,51097,2022,KING AND QUEEN,51,39.3,2642.9643
VA,51101,2022,KING WILLIAM,51,45.9,3086.8209
VA,51107,2022,LOUDOUN,51,48.5,3261.6735
VA,51109,2022,LOUISA,51,44.2,2972.4942
VA,51111,2022,LUNENBURG,51,34.9,2347.0599
VA,51113,2022,MADISON,51,60.3,4055.2353
VA,51115,2022,MATHEWS,51,30.6,2057.8806
VA,51117,2022,MECKLENBURG,51,35.2,2367.2352
VA,51119,2022,MIDDLESEX,51,42.4,2851.4424
VA,51131,2022,NORTHAMPTON,51,17.5,1176.8925
VA,51133,2022,NORTHUMBERLAND,51,43.5,2925.4185
VA,51137,2022,ORANGE,51,61.0,4102.311
VA,51139,2022,PAGE,51,51.1,3436.5261
VA,51143,2022,PITTSYLVANIA,51,35.8,2407.5858
VA,51145,2022,POWHATAN,51,50.0,3362.55
VA,51147,2022,PRINCE EDWARD,51,41.9,2817.8169
VA,51159,2022,RICHMOND,51,42.8,2878.3428
VA,51165,2022,ROCKINGHAM,51,57.1,3840.0321
VA,51171,2022,SHENANDOAH,51,58.9,3961.0839
VA,51175,2022,SOUTHAMPTON,51,34.9,2347.0599
VA,51177,2022,SPOTSYLVANIA,51,50.7,3409.6257
VA,51179,2022,STAFFORD,51,50.3,3382.7253
VA,51181,2022,SURRY,51,49.4,3322.1994
VA,51193,2022,WESTMORELAND,51,38.2,2568.9882
VA,51550,2022,CHESAPEAKE CITY,51,47.5,3194.4225
VA,51800,2022,SUFFOLK CITY,51,44.3,2979.2193
VA,51810,2022,VIRGINIA BEACH CITY,51,44.6,2999.3946
VA,51998,2022,OTHER COUNTIES,51,41.2,2770.7412
VA,51007,2023,AMELIA,51,42.7,2871.6177
VA,51015,2023,AUGUSTA,51,31.0,2084.781
VA,51023,2023,BOTETOURT,51,38.9,2616.0639
VA,51025,2023,BRUNSWICK,51,29.2,1963.7292
VA,51031,2023,CAMPBELL,51,36.1,2427.7611
VA,51033,2023,CAROLINE,51,26.7,1795.6017
VA,51036,2023,CHARLES CITY,51,39.0,2622.789
VA,51037,2023,CHARLOTTE,51,34.0,2286.534
VA,51041,2023,CHESTERFIELD,51,27.4,1842.6774
VA,51047,2023,CULPEPER,51,32.4,2178.9324
VA,51053,2023,DINWIDDIE,51,41.4,2784.1914
VA,51057,2023,ESSEX,51,43.5,2925.4185
VA,51061,2023,FAUQUIER,51,36.5,2454.6615
VA,51067,2023,FRANKLIN,51,44.0,2959.044
VA,51069,2023,FREDERICK,51,28.0,1883.028
VA,51073,2023,GLOUCESTER,51,39.6,2663.1396
VA,51075,2023,GOOCHLAND,51,47.5,3194.4225
VA,51093,2023,ISLE OF WIGHT,51,40.9,2750.5659
VA,51097,2023,KING AND QUEEN,51,38.3,2575.7133
VA,51101,2023,KING WILLIAM,51,42.6,2864.8926
VA,51103,2023,LANCASTER,51,44.1,2965.7691
VA,51111,2023,LUNENBURG,51,38.1,2562.2631
VA,51113,2023,MADISON,51,41.0,2757.291
VA,51117,2023,MECKLENBURG,51,26.2,1761.9762
VA,51119,2023,MIDDLESEX,51,38.5,2589.1635
VA,51131,2023,NORTHAMPTON,51,44.1,2965.7691
VA,51133,2023,NORTHUMBERLAND,51,40.8,2743.8408
VA,51135,2023,NOTTOWAY,51,43.3,2911.9683
VA,51137,2023,ORANGE,51,40.3,2710.2153
VA,51139,2023,PAGE,51,19.8,1331.5698
VA,51143,2023,PITTSYLVANIA,51,32.9,2212.5579
VA,51159,2023,RICHMOND,51,42.3,2844.7173
VA,51165,2023,ROCKINGHAM,51,28.8,1936.8288
VA,51171,2023,SHENANDOAH,51,26.1,1755.2511
VA,51175,2023,SOUTHAMPTON,51,42.0,2824.542
VA,51177,2023,SPOTSYLVANIA,51,41.3,2777.4663
VA,51179,2023,STAFFORD,51,52.1,3503.7771
VA,51183,2023,SUSSEX,51,35.7,2400.8607
VA,51193,2023,WESTMORELAND,51,38.4,2582.4384
VA,51550,2023,CHESAPEAKE CITY,51,42.5,2858.1675
VA,51800,2023,SUFFOLK CITY,51,44.2,2972.4942
VA,51998,2023,OTHER COUNTIES,51,38.0,2555.538
VA,51001,2024,ACCOMACK,51,44.7,3006.1197
VA,51007,2024,AMELIA,51,46.9,3154.0719
VA,51015,2024,AUGUSTA,51,50.2,3376.0002
VA,51019,2024,BEDFORD,51,40.4,2716.9404
VA,51023,2024,BOTETOURT,51,46.5,3127.1715
VA,51029,2024,BUCKINGHAM,51,40.5,2723.6655
VA,51031,2024,CAMPBELL,51,33.4,2246.1834
VA,51033,2024,CAROLINE,51,35.5,2387.4105
VA,51036,2024,CHARLES CITY,51,50.9,3423.0759
VA,51037,2024,CHARLOTTE,51,34.1,2293.2591
VA,51041,2024,CHESTERFIELD,51,42.0,2824.542
VA,51047,2024,CULPEPER,51,51.8,3483.6018
VA,51053,2024,DINWIDDIE,51,38.9,2616.0639
VA,51057,2024,ESSEX,51,52.4,3523.9524
VA,51061,2024,FAUQUIER,51,49.0,3295.299
VA,51067,2024,FRANKLIN,51,43.8,2945.5938
VA,51075,2024,GOOCHLAND,51,46.5,3127.1715
VA,51079,2024,GREENE,51,38.2,2568.9882
VA,51093,2024,ISLE OF WIGHT,51,38.4,2582.4384
VA,51097,2024,KING AND QUEEN,51,46.6,3133.8966
VA,51113,2024,MADISON,51,43.8,2945.5938
VA,51117,2024,MECKLENBURG,51,35.1,2360.5101
VA,51127,2024,NEW KENT,51,55.7,3745.8807
VA,51131,2024,NORTHAMPTON,51,49.8,3349.0998
VA,51133,2024,NORTHUMBERLAND,51,54.1,3638.2791
VA,51135,2024,NOTTOWAY,51,42.7,2871.6177
VA,51137,2024,ORANGE,51,54.6,3671.9046
VA,51143,2024,PITTSYLVANIA,51,36.6,2461.3866
VA,51149,2024,PRINCE GEORGE,51,46.3,3113.7213
VA,51159,2024,RICHMOND,51,54.2,3645.0042
VA,51165,2024,ROCKINGHAM,51,47.0,3160.797
VA,51171,2024,SHENANDOAH,51,45.6,3066.6456
VA,51175,2024,SOUTHAMPTON,51,42.3,2844.7173
VA,51181,2024,SURRY,51,42.3,2844.7173
VA,51183,2024,SUSSEX,51,43.4,2918.6934
VA,51193,2024,WESTMORELAND,51,47.4,3187.6974
VA,51550,2024,CHESAPEAKE CITY,51,45.9,3086.8209
VA,51800,2024,SUFFOLK CITY,51,46.9,3154.0719
VA,51810,2024,VIRGINIA BEACH CITY,51,36.6,2461.3866
VA,51998,2024,OTHER COUNTIES,51,41.7,2804.3667
NC,37001,2014,ALAMANCE,37,35.3,2373.9603
NC,37003,2014,ALEXANDER,37,44.8,3012.8448
NC,37007,2014,ANSON,37,42.4,2851.4424
NC,37013,2014,BEAUFORT,37,42.8,2878.3428
NC,37015,2014,BERTIE,37,43.9,2952.3189
NC,37017,2014,BLADEN,37,36.0,2421.036
NC,37019,2014,BRUNSWICK,37,33.5,2252.9085
NC,37023,2014,BURKE,37,38.1,2562.2631
NC,37025,2014,CABARRUS,37,43.3,2911.9683
NC,37029,2014,CAMDEN,37,47.7,3207.8727
NC,37035,2014,CATAWBA,37,41.5,2790.9165
NC,37037,2014,CHATHAM,37,42.6,2864.8926
NC,37045,2014,CLEVELAND,37,36.4,2447.9364
NC,37047,2014,COLUMBUS,37,35.0,2353.785
NC,37049,2014,CRAVEN,37,42.1,2831.2671
NC,37051,2014,CUMBERLAND,37,29.6,1990.6296
NC,37053,2014,CURRITUCK,37,46.7,3140.6217
NC,37057,2014,DAVIDSON,37,36.5,2454.6615
NC,37059,2014,DAVIE,37,41.3,2777.4663
NC,37061,2014,DUPLIN,37,39.8,2676.5898
NC,37065,2014,EDGECOMBE,37,42.2,2837.9922
NC,37069,2014,FRANKLIN,37,33.1,2226.0081
NC,37071,2014,GASTON,37,45.0,3026.295
NC,37073,2014,GATES,37,44.4,2985.9444
NC,37077,2014,GRANVILLE,37,30.0,2017.53
NC,37079,2014,GREENE,37,39.9,2683.3149
NC,37081,2014,GUILFORD,37,32.1,2158.7571
NC,37085,2014,HARNETT,37,33.8,2273.0838
NC,37091,2014,HERTFORD,37,45.7,3073.3707
NC,37093,2014,HOKE,37,35.7,2400.8607
NC,37097,2014,IREDELL,37,43.3,2911.9683
NC,37101,2014,JOHNSTON,37,36.8,2474.8368
NC,37103,2014,JONES,37,39.9,2683.3149
NC,37105,2014,LEE,37,37.1,2495.0121
NC,37107,2014,LENOIR,37,36.5,2454.6615
NC,37109,2014,LINCOLN,37,35.8,2407.5858
NC,37117,2014,MARTIN,37,38.7,2602.6137
NC,37125,2014,MOORE,37,32.9,2212.5579
NC,37127,2014,NASH,37,36.8,2474.8368
NC,37131,2014,NORTHAMPTON,37,42.0,2824.542
NC,37133,2014,ONSLOW,37,38.7,2602.6137
NC,37135,2014,ORANGE,37,37.6,2528.6376
NC,37137,2014,PAMLICO,37,38.5,2589.1635
NC,37139,2014,PASQUOTANK,37,46.0,3093.546
NC,37143,2014,PERQUIMANS,37,44.3,2979.2193
NC,37145,2014,PERSON,37,34.4,2313.4344
NC,37147,2014,PITT,37,37.4,2515.1874
NC,37151,2014,RANDOLPH,37,37.8,2542.0878
NC,37153,2014,RICHMOND,37,46.7,3140.6217
NC,37155,2014,ROBESON,37,32.0,2152.032
NC,37157,2014,ROCKINGHAM,37,33.2,2232.7332
NC,37159,2014,ROWAN,37,41.1,2764.0161
NC,37161,2014,RUTHERFORD,37,31.7,2131.8567
NC,37163,2014,SAMPSON,37,44.7,3006.1197
NC,37167,2014,STANLY,37,41.1,2764.0161
NC,37169,2014,STOKES,37,31.5,2118.4065
NC,37171,2014,SURRY,37,42.8,2878.3428
NC,37177,2014,TYRRELL,37,42.4,2851.4424
NC,37179,2014,UNION,37,44.1,2965.7691
NC,37181,2014,VANCE,37,36.3,2441.2113
NC,37183,2014,WAKE,37,27.8,1869.5778
NC,37185,2014,WARREN,37,39.6,2663.1396
NC,37187,2014,WASHINGTON,37,43.7,2938.8687
NC,37191,2014,WAYNE,37,41.0,2757.291
NC,37193,2014,WILKES,37,37.8,2542.0878
NC,37195,2014,WILSON,37,41.6,2797.6416
NC,37197,2014,YADKIN,37,41.4,2784.1914
NC,37998,2014,OTHER (COMBINED) COUNTIES,37,42.57142857142857,2862.9711428571427
NC,37001,2015,ALAMANCE,37,33.3,2239.4583
NC,37007,2015,ANSON,37,25.9,1741.8009
NC,37013,2015,BEAUFORT,37,38.0,2555.538
NC,37015,2015,BERTIE,37,32.5,2185.6575
NC,37017,2015,BLADEN,37,32.6,2192.3826
NC,37025,2015,CABARRUS,37,18.8,1264.3188
NC,37029,2015,CAMDEN,37,38.7,2602.6137
NC,37033,2015,CASWELL,37,24.9,1674.5499
NC,37035,2015,CATAWBA,37,21.8,1466.0718
NC,37041,2015,CHOWAN,37,39.9,2683.3149
NC,37045,2015,CLEVELAND,37,16.4,1102.9164
NC,37047,2015,COLUMBUS,37,27.6,1856.1276
NC,37049,2015,CRAVEN,37,34.6,2326.8846
NC,37051,2015,CUMBERLAND,37,31.2,2098.2312
NC,37053,2015,CURRITUCK,37,39.2,2636.2392
NC,37057,2015,DAVIDSON,37,30.5,2051.1555
NC,37059,2015,DAVIE,37,33.1,2226.0081
NC,37061,2015,DUPLIN,37,36.4,2447.9364
NC,37065,2015,EDGECOMBE,37,26.7,1795.6017
NC,37067,2015,FORSYTH,37,29.7,1997.3547
NC,37069,2015,FRANKLIN,37,17.8,1197.0678
NC,37073,2015,GATES,37,35.7,2400.8607
NC,37077,2015,GRANVILLE,37,29.8,2004.0798
NC,37079,2015,GREENE,37,36.0,2421.036
NC,37083,2015,HALIFAX,37,35.0,2353.785
NC,37085,2015,HARNETT,37,26.6,1788.8766
NC,37091,2015,HERTFORD,37,30.3,2037.7053
NC,37095,2015,HYDE,37,41.3,2777.4663
NC,37097,2015,IREDELL,37,28.8,1936.8288
NC,37101,2015,JOHNSTON,37,24.6,1654.3746
NC,37103,2015,JONES,37,37.2,2501.7372
NC,37105,2015,LEE,37,17.6,1183.6176
NC,37107,2015,LENOIR,37,34.8,2340.3348
NC,37109,2015,LINCOLN,37,19.3,1297.9443
NC,37117,2015,MARTIN,37,30.0,2017.53
NC,37123,2015,MONTGOMERY,37,31.9,2145.3069
NC,37125,2015,MOORE,37,24.0,1614.024
NC,37127,2015,NASH,37,23.5,1580.3985
NC,37131,2015,NORTHAMPTON,37,30.9,2078.0559
NC,37133,2015,ONSLOW,37,33.8,2273.0838
NC,37135,2015,ORANGE,37,32.4,2178.9324
NC,37143,2015,PERQUIMANS,37,40.1,2696.7651
NC,37145,2015,PERSON,37,30.8,2071.3308
NC,37147,2015,PITT,37,30.2,2030.9802
NC,37151,2015,RANDOLPH,37,29.2,1963.7292
NC,37153,2015,RICHMOND,37,25.1,1688.0001
NC,37155,2015,ROBESON,37,26.0,1748.526
NC,37157,2015,ROCKINGHAM,37,28.7,1930.1037
NC,37159,2015,ROWAN,37,19.7,1324.8447
NC,37161,2015,RUTHERFORD,37,23.5,1580.3985
NC,37163,2015,SAMPSON,37,35.4,2380.6854
NC,37165,2015,SCOTLAND,37,21.8,1466.0718
NC,37167,2015,STANLY,37,28.1,1889.7531
NC,37169,2015,STOKES,37,32.6,2192.3826
NC,37179,2015,UNION,37,31.5,2118.4065
NC,37181,2015,VANCE,37,27.1,1822.5021
NC,37183,2015,WAKE,37,18.3,1230.6933
NC,37185,2015,WARREN,37,28.8,1936.8288
NC,37187,2015,WASHINGTON,37,42.5,2858.1675
NC,37191,2015,WAYNE,37,34.4,2313.4344
NC,37195,2015,WILSON,37,28.0,1883.028
NC,37197,2015,YADKIN,37,34.5,2320.1595
NC,37998,2015,OTHER (COMBINED) COUNTIES,37,32.8625,2210.0359875
NC,37001,2016,ALAMANCE,37,32.5,2185.6575
NC,37013,2016,BEAUFORT,37,40.7,2737.1157
NC,37015,2016,BERTIE,37,33.5,2252.9085
NC,37017,2016,BLADEN,37,30.0,2017.53
NC,37023,2016,BURKE,37,34.0,2286.534
NC,37025,2016,CABARRUS,37,33.6,2259.6336
NC,37029,2016,CAMDEN,37,41.0,2757.291
NC,37033,2016,CASWELL,37,26.3,1768.7013
NC,37035,2016,CATAWBA,37,29.5,1983.9045
NC,37041,2016,CHOWAN,37,43.0,2891.793
NC,37045,2016,CLEVELAND,37,27.0,1815.777
NC,37047,2016,COLUMBUS,37,26.3,1768.7013
NC,37049,2016,CRAVEN,37,34.0,2286.534
NC,37051,2016,CUMBERLAND,37,30.0,2017.53
NC,37057,2016,DAVIDSON,37,30.0,2017.53
NC,37059,2016,DAVIE,37,35.0,2353.785
NC,37061,2016,DUPLIN,37,37.5,2521.9125
NC,37065,2016,EDGECOMBE,37,34.5,2320.1595
NC,37069,2016,FRANKLIN,37,22.0,1479.522
NC,37071,2016,GASTON,37,35.0,2353.785
NC,37073,2016,GATES,37,40.2,2703.4902
NC,37077,2016,GRANVILLE,37,26.0,1748.526
NC,37079,2016,GREENE,37,39.0,2622.789
NC,37081,2016,GUILFORD,37,30.5,2051.1555
NC,37083,2016,HALIFAX,37,37.0,2488.287
NC,37085,2016,HARNETT,37,30.5,2051.1555
NC,37095,2016,HYDE,37,45.1,3033.0201
NC,37097,2016,IREDELL,37,36.5,2454.6615
NC,37101,2016,JOHNSTON,37,30.9,2078.0559
NC,37105,2016,LEE,37,25.5,1714.9005
NC,37107,2016,LENOIR,37,37.3,2508.4623
NC,37109,2016,LINCOLN,37,26.5,1782.1515
NC,37117,2016,MARTIN,37,35.2,2367.2352
NC,37127,2016,NASH,37,26.1,1755.2511
NC,37131,2016,NORTHAMPTON,37,35.0,2353.785
NC,37135,2016,ORANGE,37,35.7,2400.8607
NC,37137,2016,PAMLICO,37,40.2,2703.4902
NC,37141,2016,PENDER,37,35.0,2353.785
NC,37143,2016,PERQUIMANS,37,38.4,2582.4384
NC,37145,2016,PERSON,37,28.5,1916.6535
NC,37147,2016,PITT,37,31.2,2098.2312
NC,37151,2016,RANDOLPH,37,33.0,2219.283
NC,37153,2016,RICHMOND,37,20.5,1378.6455
NC,37155,2016,ROBESON,37,31.5,2118.4065
NC,37157,2016,ROCKINGHAM,37,30.0,2017.53
NC,37159,2016,ROWAN,37,34.0,2286.534
NC,37161,2016,RUTHERFORD,37,28.5,1916.6535
NC,37163,2016,SAMPSON,37,39.0,2622.789
NC,37165,2016,SCOTLAND,37,29.3,1970.4543
NC,37167,2016,STANLY,37,38.0,2555.538
NC,37169,2016,STOKES,37,29.3,1970.4543
NC,37171,2016,SURRY,37,40.0,2690.04
NC,37177,2016,TYRRELL,37,33.2,2232.7332
NC,37179,2016,UNION,37,43.3,2911.9683
NC,37181,2016,VANCE,37,27.2,1829.2272
NC,37183,2016,WAKE,37,25.0,1681.275
NC,37185,2016,WARREN,37,25.0,1681.275
NC,37187,2016,WASHINGTON,37,40.0,2690.04
NC,37191,2016,WAYNE,37,33.0,2219.283
NC,37195,2016,WILSON,37,35.2,2367.2352
NC,37197,2016,YADKIN,37,32.0,2152.032
NC,37998,2016,OTHER (COMBINED) COUNTIES,37,36.725,2469.792975
NC,37001,2017,ALAMANCE,37,42.0,2824.542
NC,37003,2017,ALEXANDER,37,36.1,2427.7611
NC,37013,2017,BEAUFORT,37,46.3,3113.7213
NC,37015,2017,BERTIE,37,44.7,3006.1197
NC,37017,2017,BLADEN,37,31.6,2125.1316
NC,37019,2017,BRUNSWICK,37,34.7,2333.6097
NC,37029,2017,CAMDEN,37,43.7,2938.8687
NC,37033,2017,CASWELL,37,40.3,2710.2153
NC,37035,2017,CATAWBA,37,40.3,2710.2153
NC,37037,2017,CHATHAM,37,41.4,2784.1914
NC,37041,2017,CHOWAN,37,44.3,2979.2193
NC,37045,2017,CLEVELAND,37,40.0,2690.04
NC,37047,2017,COLUMBUS,37,32.8,2205.8328
NC,37049,2017,CRAVEN,37,38.1,2562.2631
NC,37051,2017,CUMBERLAND,37,31.7,2131.8567
NC,37053,2017,CURRITUCK,37,37.9,2548.8129
NC,37057,2017,DAVIDSON,37,35.6,2394.1356
NC,37059,2017,DAVIE,37,41.9,2817.8169
NC,37061,2017,DUPLIN,37,35.7,2400.8607
NC,37065,2017,EDGECOMBE,37,39.6,2663.1396
NC,37069,2017,FRANKLIN,37,33.2,2232.7332
NC,37071,2017,GASTON,37,43.1,2898.5181
NC,37073,2017,GATES,37,44.8,3012.8448
NC,37077,2017,GRANVILLE,37,27.7,1862.8527
NC,37079,2017,GREENE,37,39.4,2649.6894
NC,37081,2017,GUILFORD,37,38.9,2616.0639
NC,37083,2017,HALIFAX,37,42.0,2824.542
NC,37085,2017,HARNETT,37,31.9,2145.3069
NC,37095,2017,HYDE,37,52.1,3503.7771
NC,37101,2017,JOHNSTON,37,34.2,2299.9842
NC,37107,2017,LENOIR,37,39.8,2676.5898
NC,37109,2017,LINCOLN,37,41.8,2811.0918
NC,37117,2017,MARTIN,37,40.4,2716.9404
NC,37125,2017,MOORE,37,23.8,1600.5738
NC,37127,2017,NASH,37,36.5,2454.6615
NC,37131,2017,NORTHAMPTON,37,42.0,2824.542
NC,37135,2017,ORANGE,37,38.1,2562.2631
NC,37137,2017,PAMLICO,37,46.6,3133.8966
NC,37139,2017,PASQUOTANK,37,48.5,3261.6735
NC,37143,2017,PERQUIMANS,37,44.9,3019.5699
NC,37145,2017,PERSON,37,31.1,2091.5061
NC,37147,2017,PITT,37,39.2,2636.2392
NC,37151,2017,RANDOLPH,37,37.0,2488.287
NC,37155,2017,ROBESON,37,35.6,2394.1356
NC,37157,2017,ROCKINGHAM,37,42.7,2871.6177
NC,37159,2017,ROWAN,37,39.3,2642.9643
NC,37163,2017,SAMPSON,37,43.2,2905.2432
NC,37165,2017,SCOTLAND,37,30.8,2071.3308
NC,37167,2017,STANLY,37,35.1,2360.5101
NC,37169,2017,STOKES,37,34.0,2286.534
NC,37171,2017,SURRY,37,42.1,2831.2671
NC,37177,2017,TYRRELL,37,47.1,3167.5221
NC,37179,2017,UNION,37,44.2,2972.4942
NC,37181,2017,VANCE,37,31.6,2125.1316
NC,37183,2017,WAKE,37,25.4,1708.1754
NC,37185,2017,WARREN,37,28.5,1916.6535
NC,37187,2017,WASHINGTON,37,45.9,3086.8209
NC,37191,2017,WAYNE,37,39.4,2649.6894
NC,37193,2017,WILKES,37,42.8,2878.3428
NC,37195,2017,WILSON,37,44.2,2972.4942
NC,37197,2017,YADKIN,37,37.6,2528.6376
NC,37998,2017,OTHER (COMBINED) COUNTIES,37,40.125,2698.446375
NC,37001,2018,ALAMANCE,37,35.7,2400.8607
NC,37007,2018,ANSON,37,31.4,2111.6814
NC,37013,2018,BEAUFORT,37,32.4,2178.9324
NC,37015,2018,BERTIE,37,35.8,2407.5858
NC,37017,2018,BLADEN,37,24.9,1674.5499
NC,37019,2018,BRUNSWICK,37,25.7,1728.3507
NC,37023,2018,BURKE,37,37.3,2508.4623
NC,37025,2018,CABARRUS,37,34.1,2293.2591
NC,37029,2018,CAMDEN,37,46.3,3113.7213
NC,37033,2018,CASWELL,37,37.5,2521.9125
NC,37035,2018,CATAWBA,37,34.9,2347.0599
NC,37039,2018,CHEROKEE,37,53.0,3564.303
NC,37041,2018,CHOWAN,37,38.3,2575.7133
NC,37045,2018,CLEVELAND,37,38.9,2616.0639
NC,37049,2018,CRAVEN,37,30.1,2024.2551
NC,37051,2018,CUMBERLAND,37,26.7,1795.6017
NC,37053,2018,CURRITUCK,37,37.6,2528.6376
NC,37057,2018,DAVIDSON,37,37.6,2528.6376
NC,37059,2018,DAVIE,37,41.5,2790.9165
NC,37061,2018,DUPLIN,37,24.7,1661.0997
NC,37065,2018,EDGECOMBE,37,33.7,2266.3587
NC,37069,2018,FRANKLIN,37,35.7,2400.8607
NC,37073,2018,GATES,37,36.9,2481.5619
NC,37077,2018,GRANVILLE,37,32.4,2178.9324
NC,37079,2018,GREENE,37,36.6,2461.3866
NC,37081,2018,GUILFORD,37,33.4,2246.1834
NC,37083,2018,HALIFAX,37,40.6,2730.3906
NC,37085,2018,HARNETT,37,27.8,1869.5778
NC,37089,2018,HENDERSON,37,47.5,3194.4225
NC,37095,2018,HYDE,37,41.3,2777.4663
NC,37097,2018,IREDELL,37,45.6,3066.6456
NC,37101,2018,JOHNSTON,37,29.0,1950.279
NC,37107,2018,LENOIR,37,27.6,1856.1276
NC,37109,2018,LINCOLN,37,32.0,2152.032
NC,37117,2018,MARTIN,37,35.9,2414.3109
NC,37125,2018,MOORE,37,23.5,1580.3985
NC,37127,2018,NASH,37,32.8,2205.8328
NC,37133,2018,ONSLOW,37,18.4,1237.4184
NC,37135,2018,ORANGE,37,33.8,2273.0838
NC,37137,2018,PAMLICO,37,27.3,1835.9523
NC,37139,2018,PASQUOTANK,37,42.5,2858.1675
NC,37143,2018,PERQUIMANS,37,37.3,2508.4623
NC,37145,2018,PERSON,37,32.1,2158.7571
NC,37147,2018,PITT,37,31.8,2138.5818
NC,37151,2018,RANDOLPH,37,35.1,2360.5101
NC,37155,2018,ROBESON,37,25.9,1741.8009
NC,37157,2018,ROCKINGHAM,37,32.1,2158.7571
NC,37159,2018,ROWAN,37,47.0,3160.797
NC,37161,2018,RUTHERFORD,37,30.6,2057.8806
NC,37163,2018,SAMPSON,37,28.0,1883.028
NC,37169,2018,STOKES,37,32.0,2152.032
NC,37175,2018,TRANSYLVANIA,37,51.6,3470.1516
NC,37177,2018,TYRRELL,37,40.6,2730.3906
NC,37179,2018,UNION,37,30.5,2051.1555
NC,37181,2018,VANCE,37,34.6,2326.8846
NC,37183,2018,WAKE,37,25.0,1681.275
NC,37185,2018,WARREN,37,36.2,2434.4862
NC,37187,2018,WASHINGTON,37,41.9,2817.8169
NC,37191,2018,WAYNE,37,30.5,2051.1555
NC,37195,2018,WILSON,37,36.5,2454.6615
NC,37197,2018,YADKIN,37,45.9,3086.8209
NC,37998,2018,OTHER (COMBINED) COUNTIES,37,31.9,2145.3069
NC,37001,2019,ALAMANCE,37,30.1,2024.2551
NC,37003,2019,ALEXANDER,37,30.0,2017.53
NC,37013,2019,BEAUFORT,37,42.0,2824.542
NC,37017,2019,BLADEN,37,30.5,2051.1555
NC,37019,2019,BRUNSWICK,37,30.5,2051.1555
NC,37023,2019,BURKE,37,34.4,2313.4344
NC,37025,2019,CABARRUS,37,28.1,1889.7531
NC,37029,2019,CAMDEN,37,44.5,2992.6695
NC,37033,2019,CASWELL,37,28.0,1883.028
NC,37035,2019,CATAWBA,37,28.1,1889.7531
NC,37037,2019,CHATHAM,37,35.6,2394.1356
NC,37041,2019,CHOWAN,37,45.5,3059.9205
NC,37049,2019,CRAVEN,37,33.0,2219.283
NC,37053,2019,CURRITUCK,37,44.0,2959.044
NC,37057,2019,DAVIDSON,37,27.5,1849.4025
NC,37059,2019,DAVIE,37,33.9,2279.8089
NC,37063,2019,DURHAM,37,30.0,2017.53
NC,37065,2019,EDGECOMBE,37,33.4,2246.1834
NC,37067,2019,FORSYTH,37,25.0,1681.275
NC,37069,2019,FRANKLIN,37,22.5,1513.1475
NC,37071,2019,GASTON,37,28.5,1916.6535
NC,37073,2019,GATES,37,44.0,2959.044
NC,37077,2019,GRANVILLE,37,24.1,1620.7491
NC,37079,2019,GREENE,37,36.0,2421.036
NC,37081,2019,GUILFORD,37,28.9,1943.5539
NC,37083,2019,HALIFAX,37,35.9,2414.3109
NC,37085,2019,HARNETT,37,32.5,2185.6575
NC,37089,2019,HENDERSON,37,57.0,3833.307
NC,37091,2019,HERTFORD,37,36.0,2421.036
NC,37097,2019,IREDELL,37,39.5,2656.4145
NC,37101,2019,JOHNSTON,37,30.0,2017.53
NC,37103,2019,JONES,37,33.5,2252.9085
NC,37105,2019,LEE,37,22.1,1486.2471
NC,37107,2019,LENOIR,37,36.0,2421.036
NC,37109,2019,LINCOLN,37,27.0,1815.777
NC,37117,2019,MARTIN,37,39.0,2622.789
NC,37125,2019,MOORE,37,32.0,2152.032
NC,37127,2019,NASH,37,29.0,1950.279
NC,37131,2019,NORTHAMPTON,37,33.9,2279.8089
NC,37133,2019,ONSLOW,37,36.0,2421.036
NC,37137,2019,PAMLICO,37,40.0,2690.04
NC,37139,2019,PASQUOTANK,37,44.0,2959.044
NC,37143,2019,PERQUIMANS,37,46.0,3093.546
NC,37145,2019,PERSON,37,19.5,1311.3945
NC,37151,2019,RANDOLPH,37,35.5,2387.4105
NC,37159,2019,ROWAN,37,32.0,2152.032
NC,37161,2019,RUTHERFORD,37,29.0,1950.279
NC,37163,2019,SAMPSON,37,38.0,2555.538
NC,37165,2019,SCOTLAND,37,24.5,1647.6495
NC,37177,2019,TYRRELL,37,46.0,3093.546
NC,37179,2019,UNION,37,35.0,2353.785
NC,37181,2019,VANCE,37,19.5,1311.3945
NC,37183,2019,WAKE,37,27.0,1815.777
NC,37185,2019,WARREN,37,19.5,1311.3945
NC,37191,2019,WAYNE,37,33.0,2219.283
NC,37195,2019,WILSON,37,35.0,2353.785
NC,37197,2019,YADKIN,37,36.0,2421.036
NC,37998,2019,OTHER (COMBINED) COUNTIES,37,36.24285714285715,2437.368385714286
NC,37001,2020,ALAMANCE,37,41.2,2770.7412
NC,37003,2020,ALEXANDER,37,38.3,2575.7133
NC,37007,2020,ANSON,37,42.1,2831.2671
NC,37013,2020,BEAUFORT,37,47.6,3201.1476
NC,37015,2020,BERTIE,37,45.9,3086.8209
NC,37017,2020,BLADEN,37,32.0,2152.032
NC,37019,2020,BRUNSWICK,37,33.9,2279.8089
NC,37023,2020,BURKE,37,42.4,2851.4424
NC,37025,2020,CABARRUS,37,40.2,2703.4902
NC,37029,2020,CAMDEN,37,42.8,2878.3428
NC,37033,2020,CASWELL,37,37.6,2528.6376
NC,37035,2020,CATAWBA,37,43.6,2932.1436
NC,37037,2020,CHATHAM,37,37.9,2548.8129
NC,37041,2020,CHOWAN,37,47.6,3201.1476
NC,37045,2020,CLEVELAND,37,40.1,2696.7651
NC,37047,2020,COLUMBUS,37,24.8,1667.8248
NC,37049,2020,CRAVEN,37,38.4,2582.4384
NC,37051,2020,CUMBERLAND,37,33.5,2252.9085
NC,37053,2020,CURRITUCK,37,35.1,2360.5101
NC,37057,2020,DAVIDSON,37,39.2,2636.2392
NC,37059,2020,DAVIE,37,41.1,2764.0161
NC,37061,2020,DUPLIN,37,34.0,2286.534
NC,37065,2020,EDGECOMBE,37,35.6,2394.1356
NC,37067,2020,FORSYTH,37,37.8,2542.0878
NC,37069,2020,FRANKLIN,37,31.6,2125.1316
NC,37071,2020,GASTON,37,35.0,2353.785
NC,37073,2020,GATES,37,44.2,2972.4942
NC,37077,2020,GRANVILLE,37,34.7,2333.6097
NC,37079,2020,GREENE,37,34.3,2306.7093
NC,37081,2020,GUILFORD,37,36.0,2421.036
NC,37083,2020,HALIFAX,37,39.2,2636.2392
NC,37085,2020,HARNETT,37,31.5,2118.4065
NC,37091,2020,HERTFORD,37,39.5,2656.4145
NC,37093,2020,HOKE,37,30.9,2078.0559
NC,37095,2020,HYDE,37,50.2,3376.0002
NC,37097,2020,IREDELL,37,46.7,3140.6217
NC,37101,2020,JOHNSTON,37,33.1,2226.0081
NC,37103,2020,JONES,37,31.9,2145.3069
NC,37105,2020,LEE,37,31.3,2104.9563
NC,37107,2020,LENOIR,37,35.6,2394.1356
NC,37109,2020,LINCOLN,37,42.0,2824.542
NC,37117,2020,MARTIN,37,36.9,2481.5619
NC,37119,2020,MECKLENBURG,37,33.3,2239.4583
NC,37125,2020,MOORE,37,30.0,2017.53
NC,37127,2020,NASH,37,35.8,2407.5858
NC,37131,2020,NORTHAMPTON,37,38.5,2589.1635
NC,37133,2020,ONSLOW,37,34.7,2333.6097
NC,37135,2020,ORANGE,37,42.6,2864.8926
NC,37137,2020,PAMLICO,37,38.4,2582.4384
NC,37139,2020,PASQUOTANK,37,47.1,3167.5221
NC,37141,2020,PENDER,37,37.2,2501.7372
NC,37143,2020,PERQUIMANS,37,41.6,2797.6416
NC,37145,2020,PERSON,37,29.7,1997.3547
NC,37147,2020,PITT,37,30.9,2078.0559
NC,37151,2020,RANDOLPH,37,40.0,2690.04
NC,37153,2020,RICHMOND,37,28.3,1903.2033
NC,37155,2020,ROBESON,37,34.2,2299.9842
NC,37157,2020,ROCKINGHAM,37,32.1,2158.7571
NC,37159,2020,ROWAN,37,47.6,3201.1476
NC,37161,2020,RUTHERFORD,37,34.2,2299.9842
NC,37163,2020,SAMPSON,37,33.7,2266.3587
NC,37165,2020,SCOTLAND,37,30.7,2064.6057
NC,37167,2020,STANLY,37,39.0,2622.789
NC,37169,2020,STOKES,37,28.6,1923.3786
NC,37171,2020,SURRY,37,48.1,3234.7731
NC,37177,2020,TYRRELL,37,44.2,2972.4942
NC,37179,2020,UNION,37,46.6,3133.8966
NC,37181,2020,VANCE,37,38.7,2602.6137
NC,37183,2020,WAKE,37,30.9,2078.0559
NC,37185,2020,WARREN,37,36.4,2447.9364
NC,37187,2020,WASHINGTON,37,39.5,2656.4145
NC,37191,2020,WAYNE,37,32.6,2192.3826
NC,37193,2020,WILKES,37,44.1,2965.7691
NC,37195,2020,WILSON,37,35.7,2400.8607
NC,37197,2020,YADKIN,37,48.0,3228.048
NC,37998,2020,OTHER COUNTIES,37,34.7,2333.6097
NC,37001,2021,ALAMANCE,37,40.9,2750.5659
NC,37007,2021,ANSON,37,34.4,2313.4344
NC,37013,2021,BEAUFORT,37,48.6,3268.3986
NC,37015,2021,BERTIE,37,46.4,3120.4464
NC,37017,2021,BLADEN,37,35.9,2414.3109
NC,37019,2021,BRUNSWICK,37,37.7,2535.3627
NC,37023,2021,BURKE,37,46.0,3093.546
NC,37025,2021,CABARRUS,37,44.4,2985.9444
NC,37029,2021,CAMDEN,37,49.2,3308.7492
NC,37033,2021,CASWELL,37,33.8,2273.0838
NC,37035,2021,CATAWBA,37,36.7,2468.1117
NC,37037,2021,CHATHAM,37,34.7,2333.6097
NC,37041,2021,CHOWAN,37,42.7,2871.6177
NC,37045,2021,CLEVELAND,37,41.4,2784.1914
NC,37047,2021,COLUMBUS,37,35.5,2387.4105
NC,37049,2021,CRAVEN,37,42.0,2824.542
NC,37051,2021,CUMBERLAND,37,36.6,2461.3866
NC,37053,2021,CURRITUCK,37,45.3,3046.4703
NC,37057,2021,DAVIDSON,37,39.6,2663.1396
NC,37059,2021,DAVIE,37,43.4,2918.6934
NC,37061,2021,DUPLIN,37,36.4,2447.9364
NC,37063,2021,DURHAM,37,34.9,2347.0599
NC,37065,2021,EDGECOMBE,37,38.4,2582.4384
NC,37067,2021,FORSYTH,37,43.2,2905.2432
NC,37069,2021,FRANKLIN,37,29.1,1957.0041
NC,37071,2021,GASTON,37,39.7,2669.8647
NC,37073,2021,GATES,37,46.2,3106.9962
NC,37077,2021,GRANVILLE,37,35.8,2407.5858
NC,37079,2021,GREENE,37,34.9,2347.0599
NC,37081,2021,GUILFORD,37,40.1,2696.7651
NC,37083,2021,HALIFAX,37,37.0,2488.287
NC,37085,2021,HARNETT,37,27.8,1869.5778
NC,37091,2021,HERTFORD,37,41.7,2804.3667
NC,37095,2021,HYDE,37,53.2,3577.7532
NC,37097,2021,IREDELL,37,44.0,2959.044
NC,37101,2021,JOHNSTON,37,31.0,2084.781
NC,37103,2021,JONES,37,38.8,2609.3388
NC,37105,2021,LEE,37,35.2,2367.2352
NC,37107,2021,LENOIR,37,39.1,2629.5141
NC,37109,2021,LINCOLN,37,32.4,2178.9324
NC,37117,2021,MARTIN,37,38.9,2616.0639
NC,37123,2021,MONTGOMERY,37,37.1,2495.0121
NC,37125,2021,MOORE,37,29.5,1983.9045
NC,37127,2021,NASH,37,36.3,2441.2113
NC,37131,2021,NORTHAMPTON,37,44.9,3019.5699
NC,37133,2021,ONSLOW,37,38.7,2602.6137
NC,37135,2021,ORANGE,37,45.4,3053.1954
NC,37137,2021,PAMLICO,37,48.7,3275.1237
NC,37139,2021,PASQUOTANK,37,51.9,3490.3269
NC,37141,2021,PENDER,37,42.7,2871.6177
NC,37143,2021,PERQUIMANS,37,47.0,3160.797
NC,37145,2021,PERSON,37,32.5,2185.6575
NC,37147,2021,PITT,37,35.9,2414.3109
NC,37151,2021,RANDOLPH,37,38.0,2555.538
NC,37155,2021,ROBESON,37,32.4,2178.9324
NC,37157,2021,ROCKINGHAM,37,38.3,2575.7133
NC,37159,2021,ROWAN,37,42.5,2858.1675
NC,37161,2021,RUTHERFORD,37,41.5,2790.9165
NC,37163,2021,SAMPSON,37,32.7,2199.1077
NC,37165,2021,SCOTLAND,37,29.2,1963.7292
NC,37167,2021,STANLY,37,39.5,2656.4145
NC,37169,2021,STOKES,37,38.5,2589.1635
NC,37171,2021,SURRY,37,47.1,3167.5221
NC,37177,2021,TYRRELL,37,50.9,3423.0759
NC,37179,2021,UNION,37,45.4,3053.1954
NC,37181,2021,VANCE,37,35.7,2400.8607
NC,37183,2021,WAKE,37,28.7,1930.1037
NC,37185,2021,WARREN,37,35.7,2400.8607
NC,37187,2021,WASHINGTON,37,51.0,3429.801
NC,37191,2021,WAYNE,37,32.5,2185.6575
NC,37193,2021,WILKES,37,55.1,3705.5301
NC,37195,2021,WILSON,37,42.0,2824.542
NC,37197,2021,YADKIN,37,44.7,3006.1197
NC,37998,2021,OTHER COUNTIES,37,33.6,2259.6336
NC,37001,2022,ALAMANCE,37,35.6,2394.1356
NC,37007,2022,ANSON,37,36.9,2481.5619
NC,37013,2022,BEAUFORT,37,48.1,3234.7731
NC,37015,2022,BERTIE,37,36.8,2474.8368
NC,37017,2022,BLADEN,37,29.0,1950.279
NC,37019,2022,BRUNSWICK,37,39.3,2642.9643
NC,37023,2022,BURKE,37,39.2,2636.2392
NC,37025,2022,CABARRUS,37,37.5,2521.9125
NC,37029,2022,CAMDEN,37,49.0,3295.299
NC,37033,2022,CASWELL,37,30.7,2064.6057
NC,37035,2022,CATAWBA,37,45.4,3053.1954
NC,37037,2022,CHATHAM,37,36.4,2447.9364
NC,37041,2022,CHOWAN,37,40.6,2730.3906
NC,37045,2022,CLEVELAND,37,37.6,2528.6376
NC,37047,2022,COLUMBUS,37,32.6,2192.3826
NC,37049,2022,CRAVEN,37,41.7,2804.3667
NC,37051,2022,CUMBERLAND,37,36.6,2461.3866
NC,37053,2022,CURRITUCK,37,41.7,2804.3667
NC,37057,2022,DAVIDSON,37,36.4,2447.9364
NC,37059,2022,DAVIE,37,51.4,3456.7014
NC,37061,2022,DUPLIN,37,36.8,2474.8368
NC,37063,2022,DURHAM,37,31.9,2145.3069
NC,37065,2022,EDGECOMBE,37,33.7,2266.3587
NC,37067,2022,FORSYTH,37,37.9,2548.8129
NC,37069,2022,FRANKLIN,37,33.3,2239.4583
NC,37071,2022,GASTON,37,40.0,2690.04
NC,37073,2022,GATES,37,39.8,2676.5898
NC,37077,2022,GRANVILLE,37,32.9,2212.5579
NC,37079,2022,GREENE,37,40.3,2710.2153
NC,37081,2022,GUILFORD,37,36.8,2474.8368
NC,37083,2022,HALIFAX,37,36.9,2481.5619
NC,37085,2022,HARNETT,37,26.8,1802.3268
NC,37089,2022,HENDERSON,37,44.7,3006.1197
NC,37091,2022,HERTFORD,37,34.2,2299.9842
NC,37095,2022,HYDE,37,50.0,3362.55
NC,37097,2022,IREDELL,37,49.2,3308.7492
NC,37101,2022,JOHNSTON,37,30.3,2037.7053
NC,37103,2022,JONES,37,44.3,2979.2193
NC,37105,2022,LEE,37,36.7,2468.1117
NC,37107,2022,LENOIR,37,40.7,2737.1157
NC,37109,2022,LINCOLN,37,40.3,2710.2153
NC,37117,2022,MARTIN,37,36.4,2447.9364
NC,37125,2022,MOORE,37,25.7,1728.3507
NC,37127,2022,NASH,37,37.1,2495.0121
NC,37131,2022,NORTHAMPTON,37,34.9,2347.0599
NC,37133,2022,ONSLOW,37,36.0,2421.036
NC,37135,2022,ORANGE,37,38.1,2562.2631
NC,37137,2022,PAMLICO,37,48.0,3228.048
NC,37139,2022,PASQUOTANK,37,47.5,3194.4225
NC,37141,2022,PENDER,37,38.8,2609.3388
NC,37143,2022,PERQUIMANS,37,43.8,2945.5938
NC,37145,2022,PERSON,37,29.1,1957.0041
NC,37147,2022,PITT,37,36.8,2474.8368
NC,37151,2022,RANDOLPH,37,35.7,2400.8607
NC,37153,2022,RICHMOND,37,31.2,2098.2312
NC,37155,2022,ROBESON,37,27.7,1862.8527
NC,37157,2022,ROCKINGHAM,37,42.1,2831.2671
NC,37159,2022,ROWAN,37,51.6,3470.1516
NC,37161,2022,RUTHERFORD,37,33.1,2226.0081
NC,37163,2022,SAMPSON,37,35.0,2353.785
NC,37165,2022,SCOTLAND,37,34.8,2340.3348
NC,37167,2022,STANLY,37,30.6,2057.8806
NC,37169,2022,STOKES,37,43.3,2911.9683
NC,37171,2022,SURRY,37,45.2,3039.7452
NC,37177,2022,TYRRELL,37,50.7,3409.6257
NC,37179,2022,UNION,37,36.3,2441.2113
NC,37181,2022,VANCE,37,30.2,2030.9802
NC,37183,2022,WAKE,37,31.6,2125.1316
NC,37185,2022,WARREN,37,33.9,2279.8089
NC,37187,2022,WASHINGTON,37,48.0,3228.048
NC,37191,2022,WAYNE,37,36.7,2468.1117
NC,37195,2022,WILSON,37,38.0,2555.538
NC,37197,2022,YADKIN,37,44.4,2985.9444
NC,37998,2022,OTHER COUNTIES,37,36.9,2481.5619
NC,37001,2023,ALAMANCE,37,32.2,2165.4822
NC,37003,2023,ALEXANDER,37,41.9,2817.8169
NC,37007,2023,ANSON,37,31.7,2131.8567
NC,37013,2023,BEAUFORT,37,40.6,2730.3906
NC,37015,2023,BERTIE,37,36.8,2474.8368
NC,37019,2023,BRUNSWICK,37,37.1,2495.0121
NC,37023,2023,BURKE,37,36.1,2427.7611
NC,37027,2023,CALDWELL,37,39.8,2676.5898
NC,37029,2023,CAMDEN,37,51.7,3476.8767
NC,37033,2023,CASWELL,37,24.5,1647.6495
NC,37035,2023,CATAWBA,37,39.3,2642.9643
NC,37037,2023,CHATHAM,37,29.3,1970.4543
NC,37041,2023,CHOWAN,37,37.9,2548.8129
NC,37045,2023,CLEVELAND,37,31.7,2131.8567
NC,37047,2023,COLUMBUS,37,34.1,2293.2591
NC,37049,2023,CRAVEN,37,35.5,2387.4105
NC,37051,2023,CUMBERLAND,37,36.7,2468.1117
NC,37053,2023,CURRITUCK,37,40.3,2710.2153
NC,37057,2023,DAVIDSON,37,39.7,2669.8647
NC,37059,2023,DAVIE,37,47.4,3187.6974
NC,37061,2023,DUPLIN,37,33.9,2279.8089
NC,37063,2023,DURHAM,37,22.5,1513.1475
NC,37065,2023,EDGECOMBE,37,36.4,2447.9364
NC,37067,2023,FORSYTH,37,39.8,2676.5898
NC,37069,2023,FRANKLIN,37,28.6,1923.3786
NC,37071,2023,GASTON,37,31.6,2125.1316
NC,37073,2023,GATES,37,43.8,2945.5938
NC,37077,2023,GRANVILLE,37,28.5,1916.6535
NC,37079,2023,GREENE,37,41.8,2811.0918
NC,37081,2023,GUILFORD,37,35.3,2373.9603
NC,37083,2023,HALIFAX,37,39.1,2629.5141
NC,37085,2023,HARNETT,37,28.6,1923.3786
NC,37089,2023,HENDERSON,37,48.8,3281.8488
NC,37091,2023,HERTFORD,37,35.9,2414.3109
NC,37095,2023,HYDE,37,49.2,3308.7492
NC,37097,2023,IREDELL,37,44.4,2985.9444
NC,37101,2023,JOHNSTON,37,32.1,2158.7571
NC,37103,2023,JONES,37,44.7,3006.1197
NC,37105,2023,LEE,37,18.2,1223.9682
NC,37107,2023,LENOIR,37,40.1,2696.7651
NC,37109,2023,LINCOLN,37,37.2,2501.7372
NC,37117,2023,MARTIN,37,35.3,2373.9603
NC,37125,2023,MOORE,37,28.4,1909.9284
NC,37127,2023,NASH,37,33.6,2259.6336
NC,37131,2023,NORTHAMPTON,37,34.9,2347.0599
NC,37133,2023,ONSLOW,37,40.4,2716.9404
NC,37135,2023,ORANGE,37,36.6,2461.3866
NC,37137,2023,PAMLICO,37,40.8,2743.8408
NC,37139,2023,PASQUOTANK,37,46.4,3120.4464
NC,37141,2023,PENDER,37,44.7,3006.1197
NC,37143,2023,PERQUIMANS,37,38.0,2555.538
NC,37145,2023,PERSON,37,28.1,1889.7531
NC,37147,2023,PITT,37,34.8,2340.3348
NC,37151,2023,RANDOLPH,37,38.4,2582.4384
NC,37155,2023,ROBESON,37,40.1,2696.7651
NC,37157,2023,ROCKINGHAM,37,37.5,2521.9125
NC,37159,2023,ROWAN,37,42.3,2844.7173
NC,37163,2023,SAMPSON,37,41.6,2797.6416
NC,37167,2023,STANLY,37,34.3,2306.7093
NC,37169,2023,STOKES,37,35.1,2360.5101
NC,37171,2023,SURRY,37,45.0,3026.295
NC,37177,2023,TYRRELL,37,49.2,3308.7492
NC,37179,2023,UNION,37,42.1,2831.2671
NC,37181,2023,VANCE,37,29.5,1983.9045
NC,37183,2023,WAKE,37,25.5,1714.9005
NC,37185,2023,WARREN,37,21.9,1472.7969
NC,37187,2023,WASHINGTON,37,54.6,3671.9046
NC,37191,2023,WAYNE,37,34.4,2313.4344
NC,37195,2023,WILSON,37,39.4,2649.6894
NC,37197,2023,YADKIN,37,39.4,2649.6894
NC,37998,2023,OTHER COUNTIES,37,34.6,2326.8846
NC,37001,2024,ALAMANCE,37,35.1,2360.5101
NC,37013,2024,BEAUFORT,37,38.4,2582.4384
NC,37015,2024,BERTIE,37,46.0,3093.546
NC,37017,2024,BLADEN,37,27.8,1869.5778
NC,37019,2024,BRUNSWICK,37,36.2,2434.4862
NC,37029,2024,CAMDEN,37,54.0,3631.554
NC,37035,2024,CATAWBA,37,39.8,2676.5898
NC,37037,2024,CHATHAM,37,35.4,2380.6854
NC,37041,2024,CHOWAN,37,42.2,2837.9922
NC,37045,2024,CLEVELAND,37,35.1,2360.5101
NC,37047,2024,COLUMBUS,37,33.6,2259.6336
NC,37049,2024,CRAVEN,37,42.2,2837.9922
NC,37053,2024,CURRITUCK,37,51.9,3490.3269
NC,37057,2024,DAVIDSON,37,33.5,2252.9085
NC,37059,2024,DAVIE,37,39.7,2669.8647
NC,37061,2024,DUPLIN,37,36.4,2447.9364
NC,37065,2024,EDGECOMBE,37,37.0,2488.287
NC,37069,2024,FRANKLIN,37,27.3,1835.9523
NC,37071,2024,GASTON,37,34.2,2299.9842
NC,37077,2024,GRANVILLE,37,22.4,1506.4224
NC,37079,2024,GREENE,37,42.4,2851.4424
NC,37081,2024,GUILFORD,37,32.5,2185.6575
NC,37083,2024,HALIFAX,37,36.6,2461.3866
NC,37085,2024,HARNETT,37,29.5,1983.9045
NC,37091,2024,HERTFORD,37,44.3,2979.2193
NC,37095,2024,HYDE,37,51.4,3456.7014
NC,37097,2024,IREDELL,37,37.8,2542.0878
NC,37101,2024,JOHNSTON,37,36.5,2454.6615
NC,37105,2024,LEE,37,33.2,2232.7332
NC,37107,2024,LENOIR,37,41.1,2764.0161
NC,37109,2024,LINCOLN,37,30.4,2044.4304
NC,37117,2024,MARTIN,37,38.2,2568.9882
NC,37125,2024,MOORE,37,25.3,1701.4503
NC,37127,2024,NASH,37,35.7,2400.8607
NC,37131,2024,NORTHAMPTON,37,39.3,2642.9643
NC,37133,2024,ONSLOW,37,33.5,2252.9085
NC,37135,2024,ORANGE,37,38.1,2562.2631
NC,37137,2024,PAMLICO,37,45.7,3073.3707
NC,37139,2024,PASQUOTANK,37,48.0,3228.048
NC,37141,2024,PENDER,37,41.4,2784.1914
NC,37143,2024,PERQUIMANS,37,45.7,3073.3707
NC,37145,2024,PERSON,37,28.4,1909.9284
NC,37147,2024,PITT,37,36.2,2434.4862
NC,37151,2024,RANDOLPH,37,44.4,2985.9444
NC,37155,2024,ROBESON,37,36.2,2434.4862
NC,37159,2024,ROWAN,37,43.3,2911.9683
NC,37163,2024,SAMPSON,37,36.8,2474.8368
NC,37169,2024,STOKES,37,32.1,2158.7571
NC,37171,2024,SURRY,37,42.0,2824.542
NC,37177,2024,TYRRELL,37,45.2,3039.7452
NC,37179,2024,UNION,37,43.8,2945.5938
NC,37181,2024,VANCE,37,25.5,1714.9005
NC,37183,2024,WAKE,37,24.3,1634.1993
NC,37185,2024,WARREN,37,20.6,1385.3706
NC,37187,2024,WASHINGTON,37,52.2,3510.5022
NC,37191,2024,WAYNE,37,36.7,2468.1117
NC,37195,2024,WILSON,37,42.4,2851.4424
NC,37197,2024,YADKIN,37,32.3,2172.2073
NC,37998,2024,OTHER COUNTIES,37,36.9,2481.5619
PA,42001,2014,ADAMS,42,46.6,3133.8966
PA,42005,2014,ARMSTRONG,42,41.8,2811.0918
PA,42007,2014,BEAVER,42,45.4,3053.1954
PA,42009,2014,BEDFORD,42,43.8,2945.5938
PA,42011,2014,BERKS,42,57.1,3840.0321
PA,42013,2014,BLAIR,42,54.5,3665.1795
PA,42015,2014,BRADFORD,42,40.5,2723.6655
PA,42019,2014,BUTLER,42,45.9,3086.8209
PA,42021,2014,CAMBRIA,42,44.8,3012.8448
PA,42027,2014,CENTRE,42,52.7,3544.1277
PA,42029,2014,CHESTER,42,57.6,3873.6576
PA,42031,2014,CLARION,42,41.6,2797.6416
PA,42035,2014,CLINTON,42,47.8,3214.5978
PA,42037,2014,COLUMBIA,42,45.6,3066.6456
PA,42041,2014,CUMBERLAND,42,54.7,3678.6297
PA,42049,2014,ERIE,42,40.4,2716.9404
PA,42051,2014,FAYETTE,42,38.5,2589.1635
PA,42055,2014,FRANKLIN,42,51.7,3476.8767
PA,42057,2014,FULTON,42,36.8,2474.8368
PA,42061,2014,HUNTINGDON,42,53.9,3624.8289
PA,42067,2014,JUNIATA,42,49.9,3355.8249
PA,42071,2014,LANCASTER,42,59.0,3967.809
PA,42073,2014,LAWRENCE,42,45.5,3059.9205
PA,42075,2014,LEBANON,42,57.4,3860.2074
PA,42077,2014,LEHIGH,42,55.6,3739.1556
PA,42081,2014,LYCOMING,42,46.1,3100.2711
PA,42085,2014,MERCER,42,41.5,2790.9165
PA,42087,2014,MIFFLIN,42,53.8,3618.1038
PA,42089,2014,MONROE,42,45.2,3039.7452
PA,42093,2014,MONTOUR,42,52.4,3523.9524
PA,42095,2014,NORTHAMPTON,42,50.6,3402.9006
PA,42099,2014,PERRY,42,53.3,3584.4783
PA,42105,2014,POTTER,42,31.4,2111.6814
PA,42107,2014,SCHUYLKILL,42,46.2,3106.9962
PA,42109,2014,SNYDER,42,53.7,3611.3787
PA,42111,2014,SOMERSET,42,39.7,2669.8647
PA,42117,2014,TIOGA,42,36.8,2474.8368
PA,42119,2014,UNION,42,58.5,3934.1835
PA,42123,2014,WARREN,42,36.4,2447.9364
PA,42125,2014,WASHINGTON,42,42.5,2858.1675
PA,42129,2014,WESTMORELAND,42,42.8,2878.3428
PA,42131,2014,WYOMING,42,44.6,2999.3946
PA,42133,2014,YORK,42,46.3,3113.7213
PA,42998,2014,OTHER (COMBINED) COUNTIES,42,42.3375,2847.2392125
PA,42001,2015,ADAMS,42,48.2,3241.4982
PA,42005,2015,ARMSTRONG,42,29.5,1983.9045
PA,42007,2015,BEAVER,42,38.7,2602.6137
PA,42011,2015,BERKS,42,52.0,3497.052
PA,42013,2015,BLAIR,42,45.9,3086.8209
PA,42017,2015,BUCKS,42,47.3,3180.9723
PA,42019,2015,BUTLER,42,31.4,2111.6814
PA,42021,2015,CAMBRIA,42,42.0,2824.542
PA,42027,2015,CENTRE,42,51.1,3436.5261
PA,42029,2015,CHESTER,42,53.2,3577.7532
PA,42031,2015,CLARION,42,34.3,2306.7093
PA,42037,2015,COLUMBIA,42,40.4,2716.9404
PA,42039,2015,CRAWFORD,42,30.1,2024.2551
PA,42043,2015,DAUPHIN,42,43.2,2905.2432
PA,42049,2015,ERIE,42,29.6,1990.6296
PA,42051,2015,FAYETTE,42,25.4,1708.1754
PA,42055,2015,FRANKLIN,42,40.3,2710.2153
PA,42057,2015,FULTON,42,29.2,1963.7292
PA,42061,2015,HUNTINGDON,42,43.8,2945.5938
PA,42063,2015,INDIANA,42,29.6,1990.6296
PA,42065,2015,JEFFERSON,42,25.2,1694.7252
PA,42067,2015,JUNIATA,42,42.7,2871.6177
PA,42071,2015,LANCASTER,42,60.6,4075.4106
PA,42073,2015,LAWRENCE,42,40.2,2703.4902
PA,42075,2015,LEBANON,42,56.1,3772.7811
PA,42077,2015,LEHIGH,42,46.9,3154.0719
PA,42085,2015,MERCER,42,39.3,2642.9643
PA,42087,2015,MIFFLIN,42,48.6,3268.3986
PA,42093,2015,MONTOUR,42,44.1,2965.7691
PA,42095,2015,NORTHAMPTON,42,51.7,3476.8767
PA,42099,2015,PERRY,42,44.8,3012.8448
PA,42107,2015,SCHUYLKILL,42,45.1,3033.0201
PA,42109,2015,SNYDER,42,42.5,2858.1675
PA,42111,2015,SOMERSET,42,34.3,2306.7093
PA,42119,2015,UNION,42,50.1,3369.2751
PA,42125,2015,WASHINGTON,42,39.0,2622.789
PA,42129,2015,WESTMORELAND,42,28.1,1889.7531
PA,42133,2015,YORK,42,48.3,3248.2233
PA,42998,2015,OTHER (COMBINED) COUNTIES,42,39.71666666666667,2670.98555
PA,42001,2016,ADAMS,42,39.2,2636.2392
PA,42007,2016,BEAVER,42,46.9,3154.0719
PA,42009,2016,BEDFORD,42,34.4,2313.4344
PA,42011,2016,BERKS,42,48.6,3268.3986
PA,42013,2016,BLAIR,42,50.6,3402.9006
PA,42017,2016,BUCKS,42,36.7,2468.1117
PA,42019,2016,BUTLER,42,43.6,2932.1436
PA,42021,2016,CAMBRIA,42,46.6,3133.8966
PA,42027,2016,CENTRE,42,41.9,2817.8169
PA,42029,2016,CHESTER,42,53.0,3564.303
PA,42037,2016,COLUMBIA,42,40.4,2716.9404
PA,42041,2016,CUMBERLAND,42,36.0,2421.036
PA,42043,2016,DAUPHIN,42,36.7,2468.1117
PA,42049,2016,ERIE,42,47.7,3207.8727
PA,42051,2016,FAYETTE,42,47.4,3187.6974
PA,42055,2016,FRANKLIN,42,40.3,2710.2153
PA,42057,2016,FULTON,42,26.5,1782.1515
PA,42063,2016,INDIANA,42,42.4,2851.4424
PA,42067,2016,JUNIATA,42,26.9,1809.0519
PA,42071,2016,LANCASTER,42,53.9,3624.8289
PA,42073,2016,LAWRENCE,42,49.5,3328.9245
PA,42075,2016,LEBANON,42,53.3,3584.4783
PA,42077,2016,LEHIGH,42,46.0,3093.546
PA,42079,2016,LUZERNE,42,43.8,2945.5938
PA,42085,2016,MERCER,42,51.7,3476.8767
PA,42087,2016,MIFFLIN,42,41.5,2790.9165
PA,42089,2016,MONROE,42,42.6,2864.8926
PA,42093,2016,MONTOUR,42,45.3,3046.4703
PA,42095,2016,NORTHAMPTON,42,44.5,2992.6695
PA,42097,2016,NORTHUMBERLAND,42,44.8,3012.8448
PA,42099,2016,PERRY,42,33.4,2246.1834
PA,42109,2016,SNYDER,42,31.8,2138.5818
PA,42111,2016,SOMERSET,42,48.0,3228.048
PA,42119,2016,UNION,42,44.2,2972.4942
PA,42129,2016,WESTMORELAND,42,42.2,2837.9922
PA,42133,2016,YORK,42,42.2,2837.9922
PA,42998,2016,OTHER (COMBINED) COUNTIES,42,40.333333333333336,2712.457
PA,42001,2017,ADAMS,42,50.2,3376.0002
PA,42005,2017,ARMSTRONG,42,36.6,2461.3866
PA,42007,2017,BEAVER,42,45.3,3046.4703
PA,42009,2017,BEDFORD,42,48.6,3268.3986
PA,42011,2017,BERKS,42,54.5,3665.1795
PA,42013,2017,BLAIR,42,52.2,3510.5022
PA,42015,2017,BRADFORD,42,36.8,2474.8368
PA,42017,2017,BUCKS,42,48.4,3254.9484
PA,42019,2017,BUTLER,42,35.0,2353.785
PA,42025,2017,CARBON,42,48.3,3248.2233
PA,42027,2017,CENTRE,42,44.2,2972.4942
PA,42029,2017,CHESTER,42,56.9,3826.5819
PA,42031,2017,CLARION,42,37.3,2508.4623
PA,42035,2017,CLINTON,42,49.8,3349.0998
PA,42037,2017,COLUMBIA,42,44.6,2999.3946
PA,42039,2017,CRAWFORD,42,37.4,2515.1874
PA,42041,2017,CUMBERLAND,42,52.6,3537.4026
PA,42049,2017,ERIE,42,35.5,2387.4105
PA,42051,2017,FAYETTE,42,37.7,2535.3627
PA,42055,2017,FRANKLIN,42,55.4,3725.7054
PA,42057,2017,FULTON,42,44.8,3012.8448
PA,42061,2017,HUNTINGDON,42,52.1,3503.7771
PA,42063,2017,INDIANA,42,42.1,2831.2671
PA,42065,2017,JEFFERSON,42,30.8,2071.3308
PA,42067,2017,JUNIATA,42,48.4,3254.9484
PA,42071,2017,LANCASTER,42,61.1,4109.0361
PA,42073,2017,LAWRENCE,42,37.6,2528.6376
PA,42075,2017,LEBANON,42,57.0,3833.307
PA,42077,2017,LEHIGH,42,52.8,3550.8528
PA,42079,2017,LUZERNE,42,42.6,2864.8926
PA,42081,2017,LYCOMING,42,44.6,2999.3946
PA,42085,2017,MERCER,42,39.4,2649.6894
PA,42087,2017,MIFFLIN,42,55.7,3745.8807
PA,42093,2017,MONTOUR,42,47.4,3187.6974
PA,42095,2017,NORTHAMPTON,42,47.0,3160.797
PA,42097,2017,NORTHUMBERLAND,42,59.1,3974.5341
PA,42099,2017,PERRY,42,48.5,3261.6735
PA,42105,2017,POTTER,42,32.0,2152.032
PA,42111,2017,SOMERSET,42,37.9,2548.8129
PA,42117,2017,TIOGA,42,38.2,2568.9882
PA,42119,2017,UNION,42,49.9,3355.8249
PA,42121,2017,VENANGO,42,33.8,2273.0838
PA,42125,2017,WASHINGTON,42,36.6,2461.3866
PA,42129,2017,WESTMORELAND,42,44.7,3006.1197
PA,42133,2017,YORK,42,49.1,3302.0241
PA,42998,2017,OTHER (COMBINED) COUNTIES,42,41.957142857142856,2821.659814285714
PA,42001,2018,ADAMS,42,40.1,2696.7651
PA,42005,2018,ARMSTRONG,42,41.5,2790.9165
PA,42011,2018,BERKS,42,49.4,3322.1994
PA,42013,2018,BLAIR,42,48.7,3275.1237
PA,42017,2018,BUCKS,42,39.0,2622.789
PA,42021,2018,CAMBRIA,42,40.4,2716.9404
PA,42027,2018,CENTRE,42,46.6,3133.8966
PA,42029,2018,CHESTER,42,50.7,3409.6257
PA,42031,2018,CLARION,42,48.5,3261.6735
PA,42039,2018,CRAWFORD,42,43.9,2952.3189
PA,42041,2018,CUMBERLAND,42,45.3,3046.4703
PA,42043,2018,DAUPHIN,42,45.1,3033.0201
PA,42049,2018,ERIE,42,40.5,2723.6655
PA,42051,2018,FAYETTE,42,33.3,2239.4583
PA,42055,2018,FRANKLIN,42,49.2,3308.7492
PA,42063,2018,INDIANA,42,40.2,2703.4902
PA,42065,2018,JEFFERSON,42,32.4,2178.9324
PA,42067,2018,JUNIATA,42,42.7,2871.6177
PA,42071,2018,LANCASTER,42,53.8,3618.1038
PA,42073,2018,LAWRENCE,42,44.1,2965.7691
PA,42075,2018,LEBANON,42,50.8,3416.3508
PA,42077,2018,LEHIGH,42,46.6,3133.8966
PA,42079,2018,LUZERNE,42,40.7,2737.1157
PA,42085,2018,MERCER,42,41.6,2797.6416
PA,42087,2018,MIFFLIN,42,46.2,3106.9962
PA,42089,2018,MONROE,42,41.3,2777.4663
PA,42093,2018,MONTOUR,42,39.1,2629.5141
PA,42095,2018,NORTHAMPTON,42,45.2,3039.7452
PA,42097,2018,NORTHUMBERLAND,42,44.5,2992.6695
PA,42099,2018,PERRY,42,43.4,2918.6934
PA,42109,2018,SNYDER,42,44.1,2965.7691
PA,42111,2018,SOMERSET,42,44.0,2959.044
PA,42119,2018,UNION,42,44.3,2979.2193
PA,42121,2018,VENANGO,42,34.8,2340.3348
PA,42125,2018,WASHINGTON,42,44.9,3019.5699
PA,42129,2018,WESTMORELAND,42,41.3,2777.4663
PA,42133,2018,YORK,42,44.6,2999.3946
PA,42998,2018,OTHER (COMBINED) COUNTIES,42,39.714285714285715,2670.8254285714283
PA,42001,2019,ADAMS,42,44.8,3012.8448
PA,42005,2019,ARMSTRONG,42,44.9,3019.5699
PA,42007,2019,BEAVER,42,44.4,2985.9444
PA,42009,2019,BEDFORD,42,58.1,3907.2831
PA,42011,2019,BERKS,42,57.2,3846.7572
PA,42013,2019,BLAIR,42,54.5,3665.1795
PA,42017,2019,BUCKS,42,40.5,2723.6655
PA,42021,2019,CAMBRIA,42,45.1,3033.0201
PA,42027,2019,CENTRE,42,51.7,3476.8767
PA,42029,2019,CHESTER,42,58.7,3947.6337
PA,42031,2019,CLARION,42,42.3,2844.7173
PA,42039,2019,CRAWFORD,42,36.9,2481.5619
PA,42041,2019,CUMBERLAND,42,51.9,3490.3269
PA,42043,2019,DAUPHIN,42,44.4,2985.9444
PA,42049,2019,ERIE,42,40.5,2723.6655
PA,42051,2019,FAYETTE,42,39.4,2649.6894
PA,42055,2019,FRANKLIN,42,48.1,3234.7731
PA,42057,2019,FULTON,42,45.6,3066.6456
PA,42061,2019,HUNTINGDON,42,54.5,3665.1795
PA,42063,2019,INDIANA,42,43.3,2911.9683
PA,42065,2019,JEFFERSON,42,31.7,2131.8567
PA,42067,2019,JUNIATA,42,49.5,3328.9245
PA,42071,2019,LANCASTER,42,67.0,4505.817
PA,42075,2019,LEBANON,42,58.5,3934.1835
PA,42077,2019,LEHIGH,42,48.4,3254.9484
PA,42079,2019,LUZERNE,42,52.2,3510.5022
PA,42085,2019,MERCER,42,42.7,2871.6177
PA,42087,2019,MIFFLIN,42,58.1,3907.2831
PA,42093,2019,MONTOUR,42,46.1,3100.2711
PA,42095,2019,NORTHAMPTON,42,50.6,3402.9006
PA,42099,2019,PERRY,42,50.5,3396.1755
PA,42109,2019,SNYDER,42,52.0,3497.052
PA,42111,2019,SOMERSET,42,48.3,3248.2233
PA,42119,2019,UNION,42,55.3,3718.9803
PA,42121,2019,VENANGO,42,34.6,2326.8846
PA,42125,2019,WASHINGTON,42,47.9,3221.3229
PA,42129,2019,WESTMORELAND,42,48.7,3275.1237
PA,42133,2019,YORK,42,52.4,3523.9524
PA,42998,2019,OTHER (COMBINED) COUNTIES,42,40.71666666666667,2738.23655
PA,42001,2020,ADAMS,42,43.2,2905.2432
PA,42005,2020,ARMSTRONG,42,41.1,2764.0161
PA,42007,2020,BEAVER,42,40.0,2690.04
PA,42009,2020,BEDFORD,42,49.5,3328.9245
PA,42011,2020,BERKS,42,54.2,3645.0042
PA,42013,2020,BLAIR,42,42.2,2837.9922
PA,42017,2020,BUCKS,42,47.5,3194.4225
PA,42019,2020,BUTLER,42,42.2,2837.9922
PA,42021,2020,CAMBRIA,42,34.9,2347.0599
PA,42027,2020,CENTRE,42,33.5,2252.9085
PA,42029,2020,CHESTER,42,58.6,3940.9086
PA,42031,2020,CLARION,42,42.5,2858.1675
PA,42037,2020,COLUMBIA,42,38.4,2582.4384
PA,42039,2020,CRAWFORD,42,46.2,3106.9962
PA,42041,2020,CUMBERLAND,42,49.9,3355.8249
PA,42043,2020,DAUPHIN,42,41.7,2804.3667
PA,42049,2020,ERIE,42,40.3,2710.2153
PA,42051,2020,FAYETTE,42,33.5,2252.9085
PA,42055,2020,FRANKLIN,42,48.0,3228.048
PA,42057,2020,FULTON,42,49.1,3302.0241
PA,42061,2020,HUNTINGDON,42,35.5,2387.4105
PA,42063,2020,INDIANA,42,40.5,2723.6655
PA,42065,2020,JEFFERSON,42,35.2,2367.2352
PA,42067,2020,JUNIATA,42,34.1,2293.2591
PA,42071,2020,LANCASTER,42,59.6,4008.1596
PA,42073,2020,LAWRENCE,42,48.3,3248.2233
PA,42075,2020,LEBANON,42,61.4,4129.2114
PA,42077,2020,LEHIGH,42,56.0,3766.056
PA,42081,2020,LYCOMING,42,38.5,2589.1635
PA,42085,2020,MERCER,42,53.0,3564.303
PA,42087,2020,MIFFLIN,42,42.5,2858.1675
PA,42089,2020,MONROE,42,49.6,3335.6496
PA,42091,2020,MONTGOMERY,42,43.5,2925.4185
PA,42093,2020,MONTOUR,42,37.5,2521.9125
PA,42095,2020,NORTHAMPTON,42,56.8,3819.8568
PA,42097,2020,NORTHUMBERLAND,42,43.5,2925.4185
PA,42099,2020,PERRY,42,35.7,2400.8607
PA,42107,2020,SCHUYLKILL,42,44.5,2992.6695
PA,42109,2020,SNYDER,42,38.5,2589.1635
PA,42111,2020,SOMERSET,42,40.4,2716.9404
PA,42117,2020,TIOGA,42,40.0,2690.04
PA,42119,2020,UNION,42,40.2,2703.4902
PA,42125,2020,WASHINGTON,42,40.0,2690.04
PA,42129,2020,WESTMORELAND,42,39.0,2622.789
PA,42133,2020,YORK,42,51.7,3476.8767
PA,42998,2020,OTHER COUNTIES,42,40.6,2730.3906
PA,42001,2021,ADAMS,42,56.8,3819.8568
PA,42003,2021,ALLEGHENY,42,47.6,3201.1476
PA,42005,2021,ARMSTRONG,42,46.9,3154.0719
PA,42007,2021,BEAVER,42,46.2,3106.9962
PA,42009,2021,BEDFORD,42,56.5,3799.6815
PA,42011,2021,BERKS,42,53.3,3584.4783
PA,42013,2021,BLAIR,42,55.4,3725.7054
PA,42017,2021,BUCKS,42,52.4,3523.9524
PA,42019,2021,BUTLER,42,44.3,2979.2193
PA,42021,2021,CAMBRIA,42,51.0,3429.801
PA,42027,2021,CENTRE,42,55.8,3752.6058
PA,42029,2021,CHESTER,42,56.3,3786.2313
PA,42031,2021,CLARION,42,47.3,3180.9723
PA,42035,2021,CLINTON,42,56.1,3772.7811
PA,42037,2021,COLUMBIA,42,50.1,3369.2751
PA,42039,2021,CRAWFORD,42,42.0,2824.542
PA,42041,2021,CUMBERLAND,42,58.8,3954.3588
PA,42043,2021,DAUPHIN,42,55.8,3752.6058
PA,42049,2021,ERIE,42,48.8,3281.8488
PA,42051,2021,FAYETTE,42,49.2,3308.7492
PA,42055,2021,FRANKLIN,42,53.9,3624.8289
PA,42057,2021,FULTON,42,54.9,3692.0799
PA,42061,2021,HUNTINGDON,42,58.4,3927.4584
PA,42063,2021,INDIANA,42,51.7,3476.8767
PA,42067,2021,JUNIATA,42,54.1,3638.2791
PA,42071,2021,LANCASTER,42,63.3,4256.9883
PA,42075,2021,LEBANON,42,58.6,3940.9086
PA,42077,2021,LEHIGH,42,56.3,3786.2313
PA,42079,2021,LUZERNE,42,45.9,3086.8209
PA,42081,2021,LYCOMING,42,52.0,3497.052
PA,42085,2021,MERCER,42,47.5,3194.4225
PA,42087,2021,MIFFLIN,42,58.0,3900.558
PA,42089,2021,MONROE,42,42.9,2885.0679
PA,42091,2021,MONTGOMERY,42,53.5,3597.9285
PA,42093,2021,MONTOUR,42,54.6,3671.9046
PA,42095,2021,NORTHAMPTON,42,50.7,3409.6257
PA,42097,2021,NORTHUMBERLAND,42,54.7,3678.6297
PA,42099,2021,PERRY,42,56.5,3799.6815
PA,42107,2021,SCHUYLKILL,42,52.3,3517.2273
PA,42109,2021,SNYDER,42,54.9,3692.0799
PA,42111,2021,SOMERSET,42,44.9,3019.5699
PA,42113,2021,SULLIVAN,42,41.6,2797.6416
PA,42117,2021,TIOGA,42,40.3,2710.2153
PA,42119,2021,UNION,42,57.8,3887.1078
PA,42121,2021,VENANGO,42,45.1,3033.0201
PA,42123,2021,WARREN,42,41.1,2764.0161
PA,42125,2021,WASHINGTON,42,51.6,3470.1516
PA,42129,2021,WESTMORELAND,42,52.7,3544.1277
PA,42133,2021,YORK,42,57.2,3846.7572
PA,42998,2021,OTHER COUNTIES,42,49.4,3322.1994
PA,42001,2022,ADAMS,42,41.7,2804.3667
PA,42005,2022,ARMSTRONG,42,42.3,2844.7173
PA,42007,2022,BEAVER,42,44.8,3012.8448
PA,42009,2022,BEDFORD,42,58.1,3907.2831
PA,42011,2022,BERKS,42,40.7,2737.1157
PA,42013,2022,BLAIR,42,56.1,3772.7811
PA,42015,2022,BRADFORD,42,23.5,1580.3985
PA,42017,2022,BUCKS,42,33.1,2226.0081
PA,42019,2022,BUTLER,42,41.9,2817.8169
PA,42021,2022,CAMBRIA,42,52.3,3517.2273
PA,42025,2022,CARBON,42,33.2,2232.7332
PA,42027,2022,CENTRE,42,56.7,3813.1317
PA,42029,2022,CHESTER,42,52.2,3510.5022
PA,42031,2022,CLARION,42,38.2,2568.9882
PA,42035,2022,CLINTON,42,55.2,3712.2552
PA,42037,2022,COLUMBIA,42,32.2,2165.4822
PA,42039,2022,CRAWFORD,42,38.8,2609.3388
PA,42041,2022,CUMBERLAND,42,50.5,3396.1755
PA,42043,2022,DAUPHIN,42,41.5,2790.9165
PA,42049,2022,ERIE,42,39.1,2629.5141
PA,42051,2022,FAYETTE,42,42.8,2878.3428
PA,42055,2022,FRANKLIN,42,55.8,3752.6058
PA,42061,2022,HUNTINGDON,42,53.0,3564.303
PA,42063,2022,INDIANA,42,51.2,3443.2512
PA,42065,2022,JEFFERSON,42,37.1,2495.0121
PA,42067,2022,JUNIATA,42,32.7,2199.1077
PA,42071,2022,LANCASTER,42,51.2,3443.2512
PA,42073,2022,LAWRENCE,42,45.7,3073.3707
PA,42075,2022,LEBANON,42,43.8,2945.5938
PA,42077,2022,LEHIGH,42,33.0,2219.283
PA,42079,2022,LUZERNE,42,40.7,2737.1157
PA,42081,2022,LYCOMING,42,41.6,2797.6416
PA,42087,2022,MIFFLIN,42,49.6,3335.6496
PA,42089,2022,MONROE,42,34.1,2293.2591
PA,42093,2022,MONTOUR,42,45.6,3066.6456
PA,42095,2022,NORTHAMPTON,42,34.5,2320.1595
PA,42097,2022,NORTHUMBERLAND,42,31.7,2131.8567
PA,42099,2022,PERRY,42,38.7,2602.6137
PA,42107,2022,SCHUYLKILL,42,33.9,2279.8089
PA,42109,2022,SNYDER,42,30.0,2017.53
PA,42111,2022,SOMERSET,42,45.6,3066.6456
PA,42113,2022,SULLIVAN,42,23.3,1566.9483
PA,42117,2022,TIOGA,42,34.1,2293.2591
PA,42119,2022,UNION,42,35.4,2380.6854
PA,42125,2022,WASHINGTON,42,46.2,3106.9962
PA,42129,2022,WESTMORELAND,42,48.5,3261.6735
PA,42133,2022,YORK,42,49.7,3342.3747
PA,42998,2022,OTHER COUNTIES,42,37.4,2515.1874
PA,42001,2023,ADAMS,42,43.0,2891.793
PA,42005,2023,ARMSTRONG,42,40.3,2710.2153
PA,42007,2023,BEAVER,42,44.1,2965.7691
PA,42009,2023,BEDFORD,42,48.6,3268.3986
PA,42011,2023,BERKS,42,56.2,3779.5062
PA,42013,2023,BLAIR,42,56.0,3766.056
PA,42017,2023,BUCKS,42,45.0,3026.295
PA,42019,2023,BUTLER,42,42.4,2851.4424
PA,42021,2023,CAMBRIA,42,48.2,3241.4982
PA,42027,2023,CENTRE,42,54.4,3658.4544
PA,42029,2023,CHESTER,42,56.5,3799.6815
PA,42031,2023,CLARION,42,46.6,3133.8966
PA,42035,2023,CLINTON,42,58.1,3907.2831
PA,42039,2023,CRAWFORD,42,36.9,2481.5619
PA,42041,2023,CUMBERLAND,42,46.3,3113.7213
PA,42043,2023,DAUPHIN,42,50.6,3402.9006
PA,42049,2023,ERIE,42,34.4,2313.4344
PA,42051,2023,FAYETTE,42,38.2,2568.9882
PA,42055,2023,FRANKLIN,42,46.7,3140.6217
PA,42057,2023,FULTON,42,40.5,2723.6655
PA,42061,2023,HUNTINGDON,42,52.8,3550.8528
PA,42063,2023,INDIANA,42,42.2,2837.9922
PA,42065,2023,JEFFERSON,42,37.3,2508.4623
PA,42067,2023,JUNIATA,42,52.9,3557.5779
PA,42071,2023,LANCASTER,42,53.6,3604.6536
PA,42073,2023,LAWRENCE,42,47.0,3160.797
PA,42077,2023,LEHIGH,42,53.3,3584.4783
PA,42081,2023,LYCOMING,42,46.4,3120.4464
PA,42085,2023,MERCER,42,44.4,2985.9444
PA,42087,2023,MIFFLIN,42,57.1,3840.0321
PA,42091,2023,MONTGOMERY,42,52.7,3544.1277
PA,42093,2023,MONTOUR,42,47.1,3167.5221
PA,42095,2023,NORTHAMPTON,42,51.6,3470.1516
PA,42097,2023,NORTHUMBERLAND,42,51.5,3463.4265
PA,42099,2023,PERRY,42,53.1,3571.0281
PA,42107,2023,SCHUYLKILL,42,50.0,3362.55
PA,42109,2023,SNYDER,42,53.7,3611.3787
PA,42111,2023,SOMERSET,42,44.3,2979.2193
PA,42117,2023,TIOGA,42,41.1,2764.0161
PA,42119,2023,UNION,42,59.1,3974.5341
PA,42121,2023,VENANGO,42,35.9,2414.3109
PA,42123,2023,WARREN,42,29.0,1950.279
PA,42125,2023,WASHINGTON,42,36.8,2474.8368
PA,42129,2023,WESTMORELAND,42,41.0,2757.291
PA,42131,2023,WYOMING,42,46.0,3093.546
PA,42133,2023,YORK,42,43.1,2898.5181
PA,42998,2023,OTHER COUNTIES,42,46.2,3106.9962
PA,42001,2024,ADAMS,42,43.4,2918.6934
PA,42005,2024,ARMSTRONG,42,34.6,2326.8846
PA,42007,2024,BEAVER,42,41.2,2770.7412
PA,42009,2024,BEDFORD,42,41.0,2757.291
PA,42011,2024,BERKS,42,51.7,3476.8767
PA,42013,2024,BLAIR,42,54.9,3692.0799
PA,42015,2024,BRADFORD,42,41.3,2777.4663
PA,42017,2024,BUCKS,42,35.7,2400.8607
PA,42019,2024,BUTLER,42,34.5,2320.1595
PA,42021,2024,CAMBRIA,42,43.8,2945.5938
PA,42025,2024,CARBON,42,41.4,2784.1914
PA,42027,2024,CENTRE,42,59.1,3974.5341
PA,42029,2024,CHESTER,42,62.3,4189.7373
PA,42031,2024,CLARION,42,35.0,2353.785
PA,42037,2024,COLUMBIA,42,44.1,2965.7691
PA,42039,2024,CRAWFORD,42,43.3,2911.9683
PA,42041,2024,CUMBERLAND,42,44.5,2992.6695
PA,42049,2024,ERIE,42,44.8,3012.8448
PA,42051,2024,FAYETTE,42,23.1,1553.4981
PA,42055,2024,FRANKLIN,42,45.7,3073.3707
PA,42057,2024,FULTON,42,41.0,2757.291
PA,42061,2024,HUNTINGDON,42,49.4,3322.1994
PA,42063,2024,INDIANA,42,37.5,2521.9125
PA,42067,2024,JUNIATA,42,49.0,3295.299
PA,42071,2024,LANCASTER,42,57.5,3866.9325
PA,42073,2024,LAWRENCE,42,49.8,3349.0998
PA,42075,2024,LEBANON,42,53.5,3597.9285
PA,42077,2024,LEHIGH,42,43.7,2938.8687
PA,42079,2024,LUZERNE,42,37.3,2508.4623
PA,42081,2024,LYCOMING,42,48.9,3288.5739
PA,42087,2024,MIFFLIN,42,52.7,3544.1277
PA,42089,2024,MONROE,42,45.1,3033.0201
PA,42091,2024,MONTGOMERY,42,45.5,3059.9205
PA,42093,2024,MONTOUR,42,50.5,3396.1755
PA,42095,2024,NORTHAMPTON,42,42.8,2878.3428
PA,42097,2024,NORTHUMBERLAND,42,45.8,3080.0958
PA,42099,2024,PERRY,42,45.7,3073.3707
PA,42107,2024,SCHUYLKILL,42,43.8,2945.5938
PA,42109,2024,SNYDER,42,47.5,3194.4225
PA,42111,2024,SOMERSET,42,32.8,2205.8328
PA,42119,2024,UNION,42,57.3,3853.4823
PA,42121,2024,VENANGO,42,41.1,2764.0161
PA,42125,2024,WASHINGTON,42,36.1,2427.7611
PA,42129,2024,WESTMORELAND,42,27.2,1829.2272
PA,42133,2024,YORK,42,43.2,2905.2432
PA,42998,2024,OTHER COUNTIES,42,43.5,2925.4185
